name	taxonomy_id	taxonomy_lv	D_AM2	D_AM3	D_AM4	D_AM5	D_AM6	D_AM7	D_AM8	D_AM9	D_AM10	D_AM11	D_AM12	D_AM13	D_AM14	D_AM15	D_AM16	D_AM17	D_AM18	D_AM19	D_AM20	D_AM21	D_AM22	D_AM23	D_AM24	D_AM25	D_AM26	D_AM27	D_AM28	D_AM29	D_AM32	D_AM34	D_AM36	D_AM37	D_AM38	D_AM39	D_AM40	D_AM41	D_AM42	D_AM43	D_AM44	D_AM45	D_AM46	D_AM47	D_AM48	D_TT76	D_TT88	H_BP1	H_BP3	H_BP4	H_BP5	H_BP6	H_BP7	H_TT1	H_TT2	H_TT3	H_TT4	H_TT5	H_TT7	H_TT8	H_TT9	H_TT10	H_TT11	H_TT12	H_TT15	H_TT16	H_TT17	H_TT18	H_TT21	H_TT20	H_TT23	H_TT24	H_TT28	H_TT29	H_TT41	H_TT51	H_TT52	H_TT54	H_TT55	H_TT56	H_TT59	H_TT60	H_TT62	H_TT65	H_TT69	H_TT71	H_TT74	H_TT81
Lactobacillus iners	147802	S	1166586	871	1022	70	524	1036394	119660	2216461	8978161	616	402	436497	954101	675	1875519	788813	1056704	503661	9470	855	7291334	1673	90	826038	730227	121740	3860947	821	565	612	125430	13473	3725	1909885	182905	190295	145	662	115	753	3067191	130	1591	121	408469	290644	5977	11003	166	230	478	1895	152	6528927	254	5191	38118	118451	960066	818953	566	101679	357	5237781	208	45150	1451933	366153	89	3387159	306809	1050612	1204401	518371	1992	3584974	22446	40148	805174	40962	11070	811615	7049	5082	7864289	108
Lactobacillus crispatus	47770	S	269605	794	1199405	1338	36969	1888495	202460	1585844	1148160	1478040	3217188	296244	56914	507	409137	668116	280710	762537	4849	406136	14040	234117	395	114012	406577	541481	1239813	2999300	2516	18682	1980405	388150	278906	1493901	647035	391197	572692	2224555	531002	2816491	1930087	1005801	156652	149815	93706	1349723	4739	178703	3245	2905	3845912	1494	1845901	4197	1251	1952357	1000915	230	1309734	2167	1376455	37390	2538807	13196	403408	188	2007	901	1513	828066	128629	3375	2666	143192	8973	3608	4476560	1318002	3583242	721437	2528906	2533333	2254335	2735510	45047	319611
Lactobacillus delbrueckii	1584	S	2648	104	4078	89	63	9627	1189	4449	19312	2451	4101	588	729	1862	2092	1652	1846	1400	68	462	8023	366	350	539	986	2027	6793	15474	857	166	8405	1161	805	5359	2197	862	833	1389	2033	3135	24364	1183	369	184	358	4589	781	355	150	797	6799	8869	2380	5172	745	3662	1471	293	2995	795	2644	15525	6413	6282	931	272	1295	1619	68	5870	934	1599	1759	857	4998	4363	9468	3569	8301	2192	10965	8531	2463	7181	3679	362
Lactobacillus acidophilus	1579	S	19485	0	47289	0	636	51975	9760	43635	213636	58214	101147	18554	15062	122	35386	14821	17480	30950	0	4629	295432	5741	1390	14414	28212	16443	45396	96194	5659	440	59350	8987	3995	53826	16920	9802	8393	35301	10780	64666	80726	13400	3806	1844	9087	40564	13396	3290	6781	13121	87398	1839	20736	194964	988	48914	11713	7697	40505	18673	28677	257715	32512	135435	11585	1143	25689	8332	2006	72275	5429	23920	14440	5533	41168	74535	75622	46171	68312	19305	70101	65777	30421	51980	253365	5889
Lactobacillus jensenii	109790	S	371	118	118435	8	1858	177278	7300	195743	100921	230102	538	30121	54018	18	10110	42216	147	407292	946	65754	944	29	259323	84231	603178	198881	712	147568	176	2568	140	229870	2189	869930	14566	842	499	41151	32	158	196080	33877	4776	9	52845	170	420	13086	69	46	232	69	230	519	40	386	34	45	7424	125	157	2967	143	206570	75	12	154	208	176552	361972	29951	324	274	119	1935	297	157044	21966	251	68835	30734	97775	31481	66223	439	29
Lactobacillus helveticus	1587	S	6136	48	33223	16	79	45708	797	10053	25122	7821	19189	2764	13925	14	5220	8870	4057	6011	229	1276	9945	3439	577	591	2036	3514	54204	74465	1732	594	30164	3700	402	28821	11350	41256	5083	12076	8066	17905	30881	9053	2288	1578	2008	11737	2071	401	668	350519	574147	255	7902	8613	1147	24675	4915	7057	10042	540	9556	19103	22709	12699	4767	2286	7934	568	104	15537	6521	1624	3161	1163	5207	18404	34350	22283	28039	10909	36575	31863	16691	28247	16477	2072
Lactobacillus sp. ESL0785	2983232	S	161	0	422	0	0	373	86	266	612	366	504	149	139	0	141	168	123	274	0	31	207	113	16	61	196	134	506	689	230	0	324	98	38	546	98	23	61	250	113	350	711	160	33	29	28	336	102	18	90	204	849	47	277	783	124	308	107	92	130	142	262	3379	732	264	121	0	100	35	0	370	54	3731	147	79	518	1358	822	280	483	115	962	1020	280	506	931	73
Lactobacillus sp. IBH004	2879107	S	16	0	318	0	0	265	0	213	343	104	151	33	25	0	76	22	53	47	0	30	157	40	28	32	87	80	207	504	65	0	249	101	52	435	116	185	12	102	64	109	357	94	14	27	19	213	71	0	59	9	525	17	91	77	0	183	34	10	149	0	221	1179	200	756	49	0	56	0	34	292	0	277	0	30	256	100	695	240	1830	157	80	1253	155	549	141	9
Lactobacillus sp. PV034	2594495	S	9	0	28	0	0	2863	0	65	620	27	33	21	490	0	306	579	26	2942	0	23	471	0	3116	26	4377	14	197	2600	133	0	37	17	0	7558	24	9	11	7	21	19	2705	16	25	0	12	79	128	0	41	0	84	50	16	162	116	23	0	23	75	32	42	1929	39	1952	10	0	87	31	70	6262	29	4475	111	21	295	504	38	41	79	6	534	1761	27	41	136	0
Lactobacillus johnsonii	33959	S	559	0	481	0	0	1185	67	1363	5811	476	851	176	970	0	4103	621	858	397	0	61	4423	128	51	421	361	266	2335	1167	1038	0	902	123	133	2231	239	123	218	794	217	1387	2231	467	68	78	199	660	1693	54	524	229	1271	801	484	5329	412	407	581	197	1230	793	524	48552	658	6077	139	0	1930	214	40	4527	183	1169	1176	229	2879	3474	1250	870	1330	268	1154	1675	811	895	8182	100
Lactobacillus amylovorus	1604	S	102	0	347	0	0	492	342	232	420	2143	683	89	119	0	525	181	172	236	0	91	652	32	22	95	235	545	524	955	36	12	1820	1398	124	1177	594	31	131	344	103	6502	379	592	0	46	112	604	15	0	0	834	488	0	2082	274	33	387	166	0	251	176	286	1075	435	743	61	0	264	45	0	387	75	0	0	28	146	448	1104	209	635	243	1196	971	265	664	478	41
Lactobacillus acetotolerans	1600	S	33	0	221	0	0	178	54	185	325	180	382	53	23	0	133	36	48	74	0	55	162	18	18	43	92	50	174	251	32	0	160	30	6	483	101	33	62	145	42	515	6703	95	9	17	12	112	36	45	0	77	385	26	4601	234	0	192	110	360	120	11	133	4660	171	104	869	13	53	0	6	334	16	99	23	9	101	122	342	157	302	733	699	184	154	177	326	10
Lactobacillus panisapium	2012495	S	21	0	84	0	0	71	13	89	254	75	170	20	30	0	57	47	34	22	0	5	175	0	24	25	33	13	145	190	27	0	84	17	5	313	26	14	16	64	13	132	130	28	0	9	18	80	46	7	8	16	129	398	239	139	0	79	21	18	61	17	45	835	96	203	16	0	33	14	0	102	10	10	27	9	115	68	142	51	148	30	137	130	70	145	158	6
Lactobacillus gasseri	1596	S	110	0	3072	19	0	2805	35	1954	1231	234	411	86	8482	0	563	314	200	6538	0	46	1258	192	31	278	9996	1517	652	1158	2296	0	227	58	27	2321	1760	150	84	84	42	318	268283	141	64	0	53	1326	503733	1966	238790	52705	497	213136	584	102965	27755	170	127	34123	2599	179	173	10921019	195	2492	3643	0	6912	304	342	137762	1113	478	568	76	1449791	1332	720	424	549	214	2218	1093	514	755	1295	36
Lactobacillus amylolyticus	83683	S	17	0	107	0	0	162	13	158	344	108	211	27	40	0	181	53	29	104	0	17	211	8	42	16	102	45	127	569	67	0	219	40	67	516	53	25	50	186	61	279	282	100	0	27	47	212	26	19	0	39	257	12	576	110	15	154	64	0	159	27	124	728	182	211	28	0	67	37	0	310	19	62	73	21	57	159	415	107	258	86	315	204	135	416	82	16
Lactobacillus intestinalis	151781	S	13	0	136	0	0	208	9	124	136	82	167	16	21	0	141	147	18	123	0	53	41	13	70	15	126	48	113	411	29	0	165	35	10	2917	55	29	36	135	43	231	194	90	16	12	28	108	76	13	16	41	292	16	226	37	0	120	62	14	135	0	161	1008	190	393	57	28	11	36	0	178	55	0	0	8	110	0	310	129	465	70	795	371	96	335	47	20
Lactobacillus apis	303541	S	8	0	54	0	0	78	8	54	42	59	86	9	16	0	13	29	11	44	0	11	35	11	5	8	60	16	59	71	18	0	59	23	0	536	29	11	11	25	24	35	128	33	7	5	0	47	5	0	6	0	151	7	56	22	0	63	18	0	62	0	33	264	53	69	40	0	7	0	0	83	0	0	7	0	29	31	82	62	84	23	82	105	48	103	26	8
Lactobacillus taiwanensis	508451	S	18	0	28	0	0	86	0	26	106	52	144	10	0	0	0	23	50	45	0	8	113	0	43	0	46	36	87	97	125	0	106	12	0	406	26	9	11	152	16	108	137	84	0	0	15	46	100	0	14	0	222	139	105	51	0	107	7	0	16	0	60	2209	64	109	0	0	45	0	0	153	0	35	0	16	170	65	116	41	102	45	45	75	88	62	121	12
Lactobacillus kefiranofaciens	267818	S	24	0	738	0	70	13149	503	6434	8535	711	2095	141	102	0	3748	602	205	509	0	25	729	92	54	157	799	408	1413	13627	64	29	1340	198	374	2283	677	2960	168	583	1200	2501	2255	820	449	86	74	11839	41	57	0	1573	2155	22	3018	250	225	2405	646	11	1445	142	1241	1843	1321	1112	185	0	89	0	0	4700	0	169	303	896	262	420	4911	576	8423	2519	9725	2066	343	5464	328	54
Limosilactobacillus portuensis	2742601	S	1772	0	170384	30	784	5028	0	2744	20921	7770	0	912	1144	0	4076	3875	2114	4888	0	0	0	0	0	1995	2418	6251	5678	0	0	0	6656	2218	445	16081	3618	0	0	5758	630	0	559674	990	0	0	0	0	0	0	0	0	63	0	0	0	255	0	0	0	7274	0	0	0	0	10095	0	0	0	0	0	19038	0	1878	0	0	0	0	24	3202	15467	0	10	0	2743	20720	0	0
Limosilactobacillus vaginalis	1633	S	278	51	25689	0	0	261	0	206	1713	1017	13	62	229	0	281	256	160	261	0	0	29	0	0	487	161	1086	674	25	340	0	1519	218	0	1380	112	0	0	209	54	0	33828	144	0	0	0	22	0	0	0	0	74	0	22	21	98	0	21	0	412	0	32	103	16	530	0	0	0	0	0	506	0	81	8	37	37	15	162	117	708	0	27	12	300	719	113	0
Limosilactobacillus reuteri	1598	S	156	0	27318	0	0	851	284	840	1566	807	559	497	187	851	362	1273	280	374	0	53	708	93	20	7740	351	1380	1750	976	132	0	4262	1723	0	1683	710	32	90	361	180	894	24041	236	37	249	245	400	90	237	605	152	8408	28	493	532	18	266	44	33	514	66	214	2641	481	679	182	0	1062	48	20	1031	93	195	62	417	8212	212	1747	539	1254	541	673	403	598	1238	2258	103
Limosilactobacillus fermentum	1613	S	179	0	2845	0	6	694	24	765	3038	300	300	74	106	0	768	445	163	113	0	42	515	66	18	599	108	136	1086	312	51	0	298	584	14	1266	105	194	29	423	99	152	38807	99	21	40	27	86	49	10	61	147	559	124	105	478	46	149	87	30	355	248	152	1147	140	564	34	58	141	36	64	561	457	473	47	58	105	227	413	312	375	126	220	346	235	258	792	29
Limosilactobacillus panis	47493	S	42	0	1110	0	0	0	0	30	0	0	0	0	0	0	0	0	0	26	0	0	0	0	0	52	35	109	124	0	0	0	88	0	0	40	0	0	0	0	0	0	974	0	0	19	0	0	0	0	0	0	225	0	0	0	0	0	0	0	31	0	0	0	0	11	0	0	0	0	0	0	0	0	0	0	0	0	63	0	65	70	0	0	0	20	29	0
Lactiplantibacillus plantarum	1590	S	338	62	4002	0	12	1711	282	2181	62745	940	1423	186	317	50	1264	861	452	473	53	169	2962	694	440	681	450	335	3697	2254	376	25	1823	565	298	2718	598	548	197	789	545	753	5024	597	178	165	273	1339	858	109	89	158	2792	132	422	1167	32	1118	392	288	1133	221	853	7822	1829	3189	342	77	1220	295	217	2294	209	910	518	417	1606	1635	2815	2315	2166	689	3072	3709	914	1782	1995	139
Lactiplantibacillus pentosus	1589	S	149	123	449	0	0	633	25	478	517	445	606	113	98	28	178	289	221	306	116	132	122	56	54	75	308	301	255	452	45	0	649	149	39	934	305	0	68	206	147	541	1136	258	10	59	55	255	42	18	7	43	1093	0	237	470	14	653	193	43	209	28	314	138	1214	172	50	0	34	22	16	374	27	118	47	34	47	220	970	529	550	171	536	744	512	437	423	54
Lactiplantibacillus paraplantarum	60520	S	128	0	193	0	0	175	59	51	410	14	31	8	26	12	404	134	37	39	0	8	586	23	18	0	0	25	1046	1070	165	14	246	103	99	427	104	24	9	29	80	86	193	71	19	8	22	504	205	0	0	0	287	0	107	64	0	69	44	0	259	0	40	479	218	539	106	17	204	43	11	672	47	91	8	37	113	359	607	141	245	177	699	353	64	528	105	24
Ligilactobacillus salivarius	1624	S	129	0	328	0	0	323	617	299	787	127	415	3810	268	55	203	12604	1477	82	0	14	585	61	31	38	72	2894	401	566	149	0	19382	8079	20	12309	5290	40	32	83	60	1392	486	66	6	9	992	252	94	7	38	47	435	34	244	370	5	8669	166	20	507	12	296	1082	225	483	130	44	96	16	14	432	30	86	57	24	84	229	641	240	792	76	393	319	159	635	226	52
Ligilactobacillus ruminis	1623	S	19	0	111	0	0	60	0	97	121	41	76	11	8	0	26	15	17	20	0	28	178	23	0	10	22	14	76	95	13	0	70	18	0	99	28	7	0	29	16	45	124	18	0	0	14	18	15	0	0	0	104	0	64	52	0	22	69	12	102	0	79	296	106	56	12	0	25	5	0	57	41	14	5	5	21	51	109	45	72	18	113	95	30	46	71	7
Lacticaseibacillus paracasei	1597	S	71	0	22099	20	0	555	0	312	1039	357	599	64	195	18	805	185	188	308	24	139	1653	68	104	128	175	591	722	1015	93	0	933	41	38	1007	43	992	155	320	154	550	2171	52	18	10	0	1373	124	60	9	552	773	34	391	467	27	392	47	43	454	66	638	3118	918	428	171	0	161	179	7	333	179	168	124	77	116	226	761	475	791	176	500	496	196	582	1061	32
Lacticaseibacillus rhamnosus	47715	S	150	0	122	0	0	98	15	125	344	61	130	27	10	61	68	53	52	54	0	25	1721	8	0	15	18	37	173	132	9	11	76	22	6	125	36	141	21	35	16	119	11031	43	0	13	24	99	24	32	0	0	242	0	28	95	20	100	68	19	91	11	81	103	104	204	20	6	79	0	0	95	9	12	24	13	27	68	160	71	208	46	123	171	79	101	151	0
Lacticaseibacillus sp. NCIMB 15474	3068307	S	173	0	1075	0	0	771	0	645	384	927	1734	144	0	253	0	128	103	485	0	80	0	0	0	0	174	224	231	1220	0	0	858	0	0	530	527	229	139	344	174	1172	15214	337	0	0	0	271	0	0	0	0	2731	0	407	0	0	991	189	0	100	0	462	0	871	0	223	0	0	0	0	323	0	0	0	0	0	0	1164	1654	797	276	1542	1658	986	382	0	92
Leuconostoc mesenteroides	1245	S	45	132	86	49	0	109	72	236	328	112	76	0	28	0	0	0	19	52	0	48	57	0	0	32	27	0	194	101	60	0	0	764	725	139	59	221	9	65	0	65	315	0	0	0	0	0	35	0	0	0	569	0	58	40	0	43	0	0	28	0	77	598	197	4372	177	98	0	0	0	150	0	391	37	100	152	78	107	164	89	77	642	270	91	0	69	27
Pediococcus acidilactici	1254	S	46	0	200	0	0	39	0	97	109	46	72	18	35	0	42	23	21	23	0	7	105	0	0	35	46	59	73	76	0	0	60	12	0	100	13	0	52	28	0	60	141	22	0	9	33	49	0	0	0	10	72	0	34	93	0	32	0	10	95	16	58	252	57	65	16	0	32	0	0	163	0	19	0	8	37	53	82	17	84	21	51	117	39	78	145	0
Lentilactobacillus buchneri	1581	S	43	0	84	0	0	104	11	88	206	62	82	14	32	0	26	15	31	42	0	5	141	0	0	23	48	15	87	52	8	0	40	16	0	68	24	10	9	18	8	63	129	17	0	0	9	16	6	0	0	32	101	0	28	141	0	37	9	9	26	14	21	171	44	90	17	0	37	8	0	120	8	19	14	9	24	50	48	58	66	13	62	44	29	33	303	0
Fructilactobacillus lindneri	53444	S	31	0	39	0	0	28	11	58	132	29	43	40	0	0	24	33	18	39	0	0	157	0	0	18	41	15	54	55	7	0	18	0	0	42	9	0	17	31	0	42	120	14	0	0	8	25	17	0	0	0	56	0	17	120	0	8	9	102	67	16	0	467	53	100	40	0	29	0	0	52	0	29	11	10	34	53	52	27	68	11	128	61	11	57	270	0
Latilactobacillus sakei	1599	S	33	0	153	0	0	93	12	83	271	61	66	25	28	57	82	159	58	48	0	0	130	57	0	27	61	70	138	143	104	0	147	49	35	196	188	163	17	76	33	138	352	31	51	16	25	66	69	18	28	24	162	24	80	125	50	51	24	66	59	13	126	568	126	225	139	0	63	7	12	229	18	135	25	12	55	103	159	208	92	39	86	59	154	175	184	57
Amylolactobacillus amylophilus	1603	S	35	0	53	0	0	68	18	76	181	88	135	18	7	0	32	25	22	47	0	10	128	10	0	17	37	29	84	87	23	0	110	16	8	93	26	16	8	55	13	74	949	34	0	0	7	34	64	0	78	11	138	41	45	79	0	63	26	9	64	6	55	1896	67	81	19	0	16	0	0	114	9	18	24	12	321	88	83	67	76	24	100	94	53	43	81	7
Acetilactobacillus jinshanensis	1720083	S	27	0	646	0	0	53	6	47	121	56	61	23	25	0	54	14	41	31	0	8	184	6	0	231	31	48	124	48	11	9	45	5	0	62	26	0	7	69	11	66	709	10	0	7	11	20	13	0	0	20	112	233	57	143	6	39	14	10	46	1183	44	179	76	79	0	14	45	9	0	121	0	25	21	17	70	52	350	46	42	26	48	65	36	47	137	11
Loigolactobacillus coryniformis	1610	S	28	0	101	0	0	18	0	0	24	0	80	40	0	0	0	64	49	0	0	0	0	0	0	43	0	41	186	33	0	10	81	0	0	37	0	0	0	43	15	107	904	36	0	0	0	0	0	0	27	0	257	0	26	0	0	35	0	0	0	0	12	182	63	0	0	0	0	0	0	54	0	0	0	0	0	0	86	34	69	84	21	158	27	0	0	0
Bombilactobacillus folatiphilus	2923362	S	19	0	43	0	0	49	0	118	2407	10	22	0	10	0	0	0	0	0	0	0	70	8	0	12	0	0	33	29	0	0	40	0	0	37	0	0	0	23	0	0	78	0	0	51	0	9	0	0	0	0	29	0	14	33	0	54	31	0	84	0	0	278	14	233	0	0	0	0	0	15	0	6	0	0	0	25	66	29	56	28	79	128	41	31	47	0
Schleiferilactobacillus harbinensis	304207	S	21	0	50	0	0	35	0	78	724	23	70	8	15	0	22	14	28	32	0	17	117	13	8	8	28	31	95	56	42	0	44	21	0	81	9	12	10	34	12	37	34	25	0	5	0	18	292	0	9	0	109	10	26	76	0	47	26	48	29	19	24	603	107	68	16	0	10	7	6	124	0	95	11	8	184	79	127	49	92	10	62	58	87	65	37	11
Furfurilactobacillus rossiae	231049	S	24	0	4924	0	0	8	0	11	19	147	0	67	8	0	11	0	6	0	0	0	22	7	0	2630	0	322	419	24	22	0	68	0	51	45	0	0	0	0	0	91	3168	0	0	79	25	0	9	47	23	0	3726	0	0	13	0	0	0	12	0	0	11	229	8	35	0	0	14	0	0	7	0	14	0	137	13	18	325	7	15	162	162	0	0	0	643	21
Levilactobacillus brevis	1580	S	19	0	1591	0	0	11	0	50	45	27	9	26	18	0	0	0	15	8	116	0	33	0	0	746	8	152	193	0	9	0	96	0	0	34	0	0	0	11	0	14	1042	0	0	20	11	25	20	0	0	0	452	0	0	71	0	0	0	0	8	13	21	69	10	53	11	0	0	0	0	32	79	0	0	44	13	0	112	26	31	60	27	8	0	36	212	6
Periweissella cryptocerci	2506420	S	11	0	67	0	0	37	0	66	199	16	28	17	22	5	52	38	26	12	0	20	184	19	0	28	12	9	77	29	16	0	23	13	0	73	9	16	0	25	9	93	190	9	0	6	0	58	8	0	0	0	78	23	31	81	0	6	12	9	26	0	16	304	49	72	21	0	9	0	0	53	8	14	12	10	27	42	83	20	54	33	112	79	25	47	119	0
Streptococcus thermophilus	1308	S	841	835	5206	361	881	2215	6073	3714	5097	3268	2071	290	1144	2306	1462	2422	1331	1091	2455	1637	2818	1832	1137	148	1194	1319	2814	4549	2377	331	4000	415	2613	3043	3016	1559	596	1933	4067	1859	5521	841	962	3554	700	1846	25945	416	184	2030	6135	2335	1192	1639	1113	3229	903	37230	3659	482	1167	29940	14268	4105	1545	2919	13022	365	1262	21412	11308	5557	324	237	3091	14744	2871	44657	3753	2429	13480	4415	3149	2591	2528	1387
Streptococcus mitis	28037	S	246	700	119	271	90	232	1145	248	247	111	73	28	9	867	330	683	240	171	252	143	74	386	113	301	87	8	451	300	258	159	596	52	2049	102	1288	1920	39	88	240	542	85	57	175	197	120	103	584	172	257	1995	448	206	75	51	571	206	41	83	271	55	40	778	79	619	694	8	339	174	136	373	252	41	21	51	140	333	91	514	208	127	1770	2435	167	82	88	219
Streptococcus pyogenes	1314	S	613	0	560	0	0	916	294	1052	4319	769	909	159	206	158	442	728	354	392	0	383	494	59	29	400	606	317	1829	1027	733	13	1344	199	88	639	624	178	142	113	600	780	2729	160	100	127	76	249	1836	0	906	352	1217	4748	1128	571	41	518	70	2266	253	175	1110	6534	1626	3432	111	938	2319	54	108	1917	1397	2007	67	39	786	3486	1506	2073	974	1286	1402	1184	770	1018	1376	63
Streptococcus oralis	1303	S	148	494	100	228	171	58	1435	324	369	175	56	37	21	1510	227	640	144	139	737	70	0	343	311	46	57	34	219	193	90	212	553	44	1612	51	1108	13853	66	79	236	348	68	22	143	149	127	0	189	166	609	3140	364	140	70	48	590	160	0	114	59	40	49	521	55	274	672	0	202	212	76	391	477	54	12	41	7	111	0	586	25	118	2413	1021	164	39	76	184
Streptococcus sanguinis	1305	S	114	274	95	141	77	67	104	171	257	70	52	29	25	490	76	657	51	83	276	75	212	154	36	34	38	45	275	48	29	111	423	45	744	77	547	1726	82	10	108	139	125	24	111	48	81	32	103	75	202	782	497	85	48	54	414	69	0	27	79	10	45	232	69	408	463	11	78	74	72	313	339	33	12	21	64	147	76	288	111	52	870	394	186	69	79	187
Streptococcus pneumoniae	1313	S	724	296	3727	37	81	1352	5032	2308	7062	993	2589	798	307	2412	878	6690	1177	931	30	1137	3003	149	0	1133	831	703	5510	2979	3077	53	4425	96	497	4483	1225	3611	1683	333	439	2071	3544	415	205	1038	30	1020	18710	2974	124	1784	8581	1852	1754	1442	125	2060	540	6098	7789	1714	1823	31615	17181	6737	7341	2510	3288	44	23	12679	15671	3488	314	1565	3539	19102	3181	14580	9964	1265	5366	4197	2154	2204	1670	565
Streptococcus toyakuensis	2819619	S	86	0	15	25	32	40	114	21	18	25	23	7	0	57	70	31	30	10	39	0	0	151	0	9	15	0	0	34	14	39	48	21	94	0	275	548	32	0	18	16	0	0	15	0	11	38	30	60	0	259	30	0	0	6	31	0	0	0	50	6	0	100	0	18	113	0	35	46	0	95	0	0	0	0	0	29	0	30	0	0	341	174	19	0	0	0
Streptococcus gordonii	1302	S	25	137	27	15	38	18	191	74	26	35	24	6	0	350	60	170	49	8	55	9	0	41	13	8	14	274	104	33	7	45	242	16	786	15	267	404	33	110	87	50	12	5	74	72	48	8	87	66	61	345	149	52	19	13	143	53	0	0	72	0	24	33	13	221	347	5	0	52	63	80	0	0	6	12	0	10	0	154	11	13	568	93	88	6	30	67
Streptococcus parasanguinis	1318	S	19	189	12	20	24	20	82	75	38	12	24	0	0	145	38	102	37	27	28	0	0	23	30	9	17	0	9	6	0	19	109	0	147	52	107	557	14	17	16	31	28	0	24	27	18	62	19231	41	103	47	91	261	320	8	36	0	0	0	0	0	13	9	0	68	61	0	0	54	50	29	44	23	9	0	11	22	0	11	24	0	420	65	23	0	10	18
Streptococcus equi	1336	S	12	250	36	69	115	12	260	144	47	6	9	0	0	0	0	26	0	0	0	0	26	0	0	7	0	0	23	23	15	0	16	0	0	9	10	6	0	0	6	11	31	7	0	0	5	6	153	0	0	0	33	9	22	15	0	11	11	261	56	0	10	141	118	27	8	0	225	0	0	207	7	41	0	0	14	208	11	227	14	0	48	10	11	14	10	0
Streptococcus dysgalactiae	1334	S	25	0	258	0	0	117	0	192	403	75	98	19	0	65	64	268	20	32	0	264	44	242	0	26	0	36	389	400	32	22	289	176	0	469	146	36	25	91	33	201	150	43	104	229	0	243	1992	0	0	226	131	0	97	35	142	138	121	696	91	0	61	687	1904	308	96	0	473	0	0	697	590	817	0	0	228	1720	467	1333	794	630	2987	422	280	292	23	55
Streptococcus constellatus	76860	S	1298	0	3484	0	0	1047	16	2163	8744	3305	7439	7	931	0	1912	6640	987	2002	0	2058	1131	133	9	6	1415	1914	3687	2390	2045	0	7829	2029	921	3378	1645	8	0	4986	1102	2471	1826	1225	0	0	0	46	12986	1157	0	0	4390	26	8202	249	0	2744	1517	13230	22126	6	5813	62254	20135	105	12006	0	32	11	0	15335	106	2911	7	12	1326	7035	6420	26409	3794	5	11723	7213	9242	4966	1349	3739
Streptococcus agalactiae	1311	S	41	0	155	0	0	1087	208	499	504	173	106	27	37	97	124	106	77	60	0	408	104	636	0	65	72	24	478	237	166	173	1031	55	241	184	263	129	40	16	86	120	361	133	0	350	304	569	1962	0	0	275	187	0	96	153	854	50	29	5659	111	0	98	2389	57654	793	576	51	1892	403	0	1692	1435	699	201	568	1541	2481	195	1927	646	309	2734	312	142	101	302	239
Streptococcus infantis	68892	S	15	36	144	0	9	166	66	191	257	46	45	15	41	37	57	159	32	65	24	17	88	57	73	33	36	52	163	168	134	11	136	77	89	182	49	323	29	40	48	67	217	45	6	21	30	85	435	0	161	15	284	120	84	68	160	50	15	167	76	22	68	1539	149	165	106	17	104	0	88	301	55	77	14	12	452	231	174	247	179	67	436	219	96	69	87	17
Streptococcus pseudopneumoniae	257758	S	16	90	0	48	26	14	233	49	30	0	7	13	0	103	69	46	19	0	66	0	0	0	0	6	0	0	0	9	11	40	60	0	162	0	128	181	0	23	8	94	0	0	26	0	19	0	30	0	43	69	47	119	0	0	32	7	0	0	0	0	0	37	0	0	81	0	90	0	48	26	0	43	0	0	9	0	6	22	0	0	230	109	18	0	0	12
Streptococcus suis	1307	S	163	0	1528	0	0	1552	748	1482	2637	396	547	47	38	239	574	560	279	238	0	165	1347	664	79	55	181	358	1194	1156	768	0	2083	190	0	1140	343	181	190	137	540	586	2317	95	82	345	238	581	4687	0	0	0	1428	936	352	785	0	1137	0	393	560	0	566	17614	917	2146	166	0	1749	0	324	15713	538	1166	103	431	3721	3045	1417	2986	1199	1133	1755	2187	897	1112	761	408
Streptococcus salivarius	1304	S	9	69	62	78	0	18	25	88	81	18	10	11	5	134	44	78	16	0	32	23	20	0	39	13	0	68	66	50	42	0	162	12	231	36	409	1104	29	25	53	86	60	25	12	150	25	39	303	20	90	112	278	42	55	6	47	53	0	124	34	7	34	100	73	115	157	0	106	0	99	111	246	51	0	29	15	132	25	102	55	54	145	156	57	40	20	53
Streptococcus gwangjuense	1433513	S	8	148	7	49	10	12	220	39	18	35	0	15	0	126	12	64	9	0	66	38	0	0	0	0	0	0	0	41	17	46	35	7	172	0	113	43	20	0	14	0	7	0	8	0	11	0	164	38	0	267	119	35	9	13	35	0	0	0	25	0	0	0	0	49	42	0	37	35	0	17	0	0	0	0	0	0	0	34	0	77	65	358	11	0	0	0
Streptococcus australis	113107	S	8	0	0	0	25	14	4117	12	0	17	0	0	9	90	0	72	11	0	41	24	6	67	0	8	0	0	19	0	12	44	101	0	239	0	156	173	6	0	25	0	0	0	0	23	13	0	1018	0	0	246	11	87	8	0	123	20	0	0	0	0	0	11	0	28	54	0	0	0	24	0	0	23	6	0	0	0	0	58	23	25	0	82	48	0	10	36
Lactococcus cremoris	1359	S	76	56	141	97	166	94	187	75	506	75	73	32	25	42	161	134	45	44	43	0	222	189	46	0	78	53	173	91	83	0	90	61	82	104	137	804	40	100	55	127	106	69	0	38	28	75	0	0	0	0	105	169	70	89	11	232	31	91	216	33	37	952	215	369	359	75	207	128	33	319	78	65	37	40	163	235	128	292	73	78	667	128	28	123	105	59
Lactococcus lactis	1358	S	27	106	79	60	0	0	0	55	495	21	31	0	0	281	0	287	0	0	185	0	0	1529	0	0	34	31	19	43	0	0	27	25	0	28	96	0	0	0	20	45	0	0	0	54	0	0	560	12	46	97	89	42	38	0	266	25	52	21	0	0	17	78	0	0	141	0	0	0	100	61	282	1169	0	0	0	27	24	64	22	0	50	231	9	0	19	0
Enterococcus faecium	1352	S	258	99	2283	0	0	1627	75	1415	2394	2412	4509	315	154	6443	696	655	660	1220	26	44	1759	1457	108	988	925	572	1901	2855	1770	206	1986	232	37	2820	340	1703	713	1065	465	4674	3159	933	410	65	214	1099	1991	91	1815	702	3119	2541	836	1613	39	3050	238	1583	629	257	983	36087	3895	2019	258	175	614	164	126	2045	586	599	371	97	4839	1447	2874	2132	2134	790	5124	1480	2054	1297	2524	304
Enterococcus faecalis	1351	S	213	0	1609	0	0	1144	172	1392	1768	1033	1747	253	113	25912	225	241	230	520	0	87	872	284	16	88	353	414	878	1132	1178	0	1312	408	97	1034	461	677	299	424	446	889	2265	383	80	13	57	1739	926	73	260	3364	41630	268	425	820	25	1606	126	469	416	125	554	11333	1428	594	404	237	438	67	135	926	374	504	139	66	3637	327	1278	1384	997	320	1187	2809	841	1082	527	167
Aerococcus christensenii	87541	S	84	0	850	0	0	51	0	77	518	1824	38	27	13	0	9	25	321	30	0	0	217	0	0	248	6	13	163	37	400518	0	19	0	0	53	0	143	0	0	0	8	189	15	0	12	9	6479	0	0	0	0	46	0	21	448	0	0	72	0	129	69	17	197	58	72	28	31023	9	91	10029	101	0	148410	18	29	90	7571	50	22	33	37	393	34	36	43	103	0
Abiotrophia defectiva	46125	S	25	70	11	45	57	39	88	76	60	0	9	12	11	65	27	64	91	38	89	21	9	19	18	0	23	0	56	0	6	24	53	23	106	8	100	186	21	8	13	72	18	6	37	10	22	0	24	144	26	183	116	0	0	0	55	17	0	30	23	0	0	33	7	65	67	0	33	0	20	36	0	14	6	6	0	5	9	39	0	6	90	48	38	28	19	14
Dolosigranulum pigrum	29394	S	45	40	0	7	13	0	8	215	65	35	25	12	16	156	61	132	122	12	1022	62	9	191	0	5	8	9	159	61	36	944	171	22	63	196	160	165	55	42	18	246	33	0	35	12	33	74	1415	68	64	1257	140	24	44	96	216	49	0	268	92	36	25	3078	37	124	208	14	15	7	0	96	193	42	0	0	23	20	20	137	17	1318	985	132	1971	152	182	48
Granulicatella adiacens	46124	S	15	63	17	5	0	41	47	16	24	25	16	8	0	63	9	123	15	16	53	65	0	44	0	12	0	17	248	59	15	20	131	7	606	42	120	405	0	0	19	38	119	39	54	23	27	0	42	5	0	168	174	37	88	8	65	96	0	0	0	5	26	265	10	96	224	0	12	0	45	38	47	8	10	16	0	9	11	66	13	28	230	84	254	33	0	103
Granulicatella elegans	137732	S	16	0	2502	6	0	9	0	105	15	99	0	36	7	103	0	66	10	0	20	47	0	92	0	2503	0	96	188	0	24	0	208	10	153	51	37	356	0	0	16	112	2263	0	16	120	17	0	188	46	0	197	1092	49	24	10	12	21	0	263	101	10	17	3805	41	128	288	10	41	31	0	76	16	63	0	53	59	11	173	101	22	108	1277	88	37	18	280	86
Staphylococcus epidermidis	1282	S	878	3792	652	1679	1239	725	2321	1422	1326	587	446	150	83	3162	683	1380	704	685	2803	439	211	388	154	453	251	270	1011	221	761	615	1494	128	1778	241	2081	7510	556	365	432	1612	406	176	578	416	581	474	42177	689	1772	12574	2121	295	745	390	1797	728	314	410	1664	168	182	1077	2717	495	2128	40	393	310	151	775	669	88	87	62	866	196	186	803	552	85	3640	1550	833	541	690	382
Staphylococcus capitis	29388	S	931	2263	204	1474	1251	433	970	1260	661	300	167	83	14	1420	273	446	250	388	1182	226	25	165	45	89	302	233	340	55	186	269	532	44	524	86	899	2098	126	80	136	297	74	34	200	174	126	104	243	384	346	2408	446	135	286	99	866	422	141	23	223	27	94	189	120	148	811	37	33	73	88	221	307	36	31	18	31	58	76	223	79	59	1327	1379	157	60	51	97
Staphylococcus aureus	1280	S	1529	965	8700	1049	370	3615	2669	6135	8060	2080	4425	558	1132	901	2043	1862	1097	1519	942	1502	4390	9368	616	1255	1319	1729	4554	6760	3190	402	3530	1942	16199	3018	6871	5696	786	1407	1622	2577	9458	1122	1543	972	548	1994	42301	542	5073	6569	40190	8452	2864	2310	13271	3123	1256	4761	4871	635	2210	28791	8790	5127	4470	3964	1067	765	420	23482	1005	1455	436	540	11504	2315	5076	8200	17340	1510	11169	6132	8675	19344	3803	533
Staphylococcus hominis	1290	S	284	1150	141	7037	697	88	1752	416	403	328	243	69	289	477	165	291	558	615	392	330	84	76	15	60	139	576	1252	51	310	105	374	44	220	169	475	669	83	51	169	170	154	25	99	284	79	88	451	44	62	4388	14440	869	326	138	705	750	69	332	302	303	87	282	1205	578	857	61	117	105	50	312	138	19	20	121	4265	94	64	257	2725	76	1355	328	563	510	120	145
Staphylococcus warneri	1292	S	162	649	57	304	250	59	253	345	507	81	128	22	8	1158	118	300	138	94	390	89	15	36	43	503	66	26	241	25	199	140	829	123	219	24	863	2436	264	35	123	2030	47	15	125	192	262	6	98	90	396	3667	356	70	55	33	288	184	86	45	85	98	28	162	55	26	1058	6	38	232	45	175	272	8	18	6	45	57	16	281	72	21	1797	120	62	55	25	153
Staphylococcus cohnii	29382	S	87	457	45	393	376	19	387	95	125	20	27	18	18	56	40	53	56	66	227	56	12	0	0	28	90	452	42	0	0	25	20	0	117	11	60	626	40	11	9	81	18	0	40	0	0	34	40	29	28	161	44	10	5	47	640	26	0	0	72	92	0	31	0	27	90	0	5	19	17	14	43	0	11	0	20	11	0	14	0	0	43	69	11	7	52	0
Staphylococcus haemolyticus	1283	S	79	327	76	236	93	54	133	121	97	49	193	17	26	33	48	117	39	108	49	47	102	33	14	21	77	319	110	52	176	66	55	14	101	66	127	321	47	75	14	122	107	17	33	12	20	52	464	40	180	41	1008	792	46	71	1137	117	37	116	173	134	27	252	97	70	147	0	10	73	8	71	90	22	23	24	344	79	63	36	3962	11	574	137	188	1303	95	29
Staphylococcus casei	201828	S	64	220	23	97	85	5	34	90	122	26	8	0	0	0	10	0	18	10	202	7	9	0	0	0	12	7	0	0	0	0	52	11	0	0	62	123	5	0	18	34	10	0	42	0	13	0	0	0	0	188	30	17	23	7	2715	11	0	0	0	0	0	61	8	0	30	0	0	0	9	0	60	0	5	0	0	0	0	21	10	59	131	18	14	9	0	13
Staphylococcus pasteuri	45972	S	55	81	7	27	85	5	154	157	74	48	27	5	0	297	84	215	66	36	200	28	0	42	30	16	11	19	122	25	68	16	586	0	99	18	652	447	226	22	71	1485	31	8	80	73	216	160	118	45	76	1007	172	27	23	27	107	30	39	6	278	186	0	11	17	39	186	0	25	21	22	26	43	8	0	5	17	27	14	222	19	0	371	31	57	44	23	73
Staphylococcus condimenti	70255	S	39	88	41	19	39	51	64	62	101	30	45	11	6	0	141	23	0	13	0	0	62	0	5	6	15	29	129	149	22	0	46	19	10	53	38	7	41	99	7	170	82	18	0	0	0	70	52	0	0	44	145	9	23	16	178	49	11	0	128	0	26	102	109	105	204	0	18	0	0	75	15	17	9	0	53	38	136	63	91	23	95	93	38	152	91	5
Staphylococcus sp. T93	2799681	S	1121	0	978	0	0	2691	0	2921	4373	0	1958	0	0	0	0	2027	716	0	0	0	1320	0	0	0	0	0	4725	4127	0	0	2974	1273	0	3354	0	0	1284	2439	0	3478	2650	1012	0	0	0	2341	19201	0	0	0	6139	0	1522	758	0	0	0	0	0	0	1081	9979	13643	1729	0	0	1366	0	0	1979	0	927	260	0	4379	453	4142	1183	16960	1405	3460	1030	1686	6814	681	1101
Staphylococcus xylosus	1288	S	22	198	18	106	125	21	63	82	55	59	12	0	0	94	15	92	8	11	60	5	0	19	43	0	0	62	26	0	7	0	163	14	379	24	169	1185	7	0	27	0	21	6	36	14	15	23	20	5	89	264	99	22	17	13	2732	36	0	0	0	0	0	44	0	22	46	0	0	14	81	15	11	7	7	0	0	0	8	51	15	0	43	149	14	27	0	24
Staphylococcus pseudintermedius	283734	S	16	0	154	0	0	113	85	173	249	61	170	17	57	10	44	101	54	63	52	35	107	15	8	25	23	42	173	149	39	0	103	37	13	132	47	33	33	67	22	90	168	74	0	35	14	66	849	5	23	40	439	67	75	130	377	127	24	135	88	18	102	541	232	133	39	30	45	11	6	152	13	108	23	14	179	94	152	127	266	24	258	205	105	214	109	15
Staphylococcus nepalensis	214473	S	9	0	30	0	0	35	0	32	90	29	27	0	0	0	20	24	0	7	45	0	86	11	0	6	11	0	29	33	0	0	29	11	0	38	27	223	13	25	0	88	30	13	0	0	0	27	38	0	0	249	120	0	14	32	1280	37	24	11	21	8	28	260	34	50	20	0	0	0	0	37	18	6	9	6	38	28	69	18	73	10	69	62	17	36	20	0
Staphylococcus saprophyticus	29385	S	8	0	13	37	0	7	57	34	201	57	62	16	14	11	18	0	63	300	13	30	0	25	0	31	155	3431	28	7	14	0	46	25	77	11	45	1068	47	6	13	110	22	0	0	0	12	14	53	0	55	390	102	0	0	41	2471	83	0	0	45	59	56	16	10	23	94	0	0	30	38	29	95	0	7	0	33	0	6	0	21	13	0	145	6	29	18	11
Staphylococcus equorum	246432	S	10	508	35	97	457	23	270	55	104	38	8	15	0	0	14	69	25	0	0	77	0	0	28	0	14	95	17	0	0	0	66	0	0	0	78	1059	0	31	24	25	16	0	24	0	12	0	122	0	117	576	0	55	38	10	258347	104	0	0	96	0	47	51	0	33	16	0	0	0	25	35	0	0	0	0	65	17	0	29	184	20	83	368	39	0	35	18
Abyssicoccus albus	1817405	S	174	82	28	115	19	27	1430	78	32	145	84	8	20	37	138	33	51	63	259	16	5	57	5	8	43	23	30	93	79	13	93	5	54	139	48	5	9	25	26	45	36	32	28	6	16	441	553	154	58	10	127	16	139	21	159	184	17	18	315	39	31	218	42	65	38	128	22	0	0	23	1891	9006	5	0	17	403	38	76	26	14	324	88	47	171	5	24
Jeotgalicoccus sp. ATCC 8456	946435	S	20	0	72	122	57	50	70	63	47	35	130	16	0	0	7	11	15	31	0	88	8	8	0	0	26	27	28	43	0	25	47	0	0	30	14	9	14	36	18	54	55	22	0	0	0	16	0	0	0	27	400	0	31	9	39	57	14	0	0	0	21	2385	69	23	11	0	0	0	0	36	0	0	0	0	17	26	62	67	57	8	384	69	16	43	14	0
Bacillus cereus	1396	S	2935	2688	26994	781	1411	24845	1501	27160	29367	12124	14988	3725	2530	2259	3445	29721	10033	5012	83	4522	19248	7181	4310	3681	4309	8268	18441	24332	21090	779	35450	10534	7215	25818	2816	4773	3071	9894	4435	19369	43767	7010	1626	1308	1265	8836	22053	362	1908	4024	11987	1504	8278	9836	304	17458	1873	109333	7078	1903	14576	100742	48907	36389	7296	14860	10126	4790	3512	39061	5621	8818	2259	1454	24309	6274	45053	27599	21918	11774	14871	25923	20985	19603	7070	1769
Bacillus thuringiensis	1428	S	14646	0	5021	0	0	8192	2549	16964	39833	2102	1321	1473	2878	28	5012	2081	1639	856	45	208	9906	634	324	2738	1417	552	11556	3130	767	61	1864	1127	521	11393	1987	1527	389	711	529	2993	19455	589	904	32	2978	5617	7053	209	546	262	4486	799	1984	10205	0	1353	867	2685	3666	813	2280	34130	4000	14325	895	1949	6167	1981	1145	6978	1024	4207	2375	573	3536	9431	3161	6294	7002	1245	8319	8470	1693	4607	18901	116
Bacillus anthracis	1392	S	6517	0	24042	0	732	22801	3943	15998	35834	8154	8609	2356	2194	633	23315	9774	4518	10692	0	3869	59261	2548	326	1621	2260	7831	30544	51999	9133	175	16354	6569	770	27114	5653	20711	4126	10469	4736	9988	31787	6709	294	2726	1645	17102	57740	648	2160	1012	15150	1315	10070	13551	11	11376	13819	26377	15510	1911	7864	232017	28764	15830	4767	4399	5392	2734	830	21646	4917	5854	3455	2868	16011	7121	32464	10540	29045	8544	38897	9056	13539	31417	8093	1610
Bacillus wiedmannii	1890302	S	47	0	501	0	0	610	70	432	294	160	137	37	26	0	203	269	106	66	0	62	104	101	9	23	23	108	526	2493	11	16	392	257	141	1081	153	321	47	96	100	498	384	123	22	23	19	938	26	57	0	0	432	8	520	21	0	312	118	0	576	0	237	237	1013	83	251	0	21	0	42	622	7	9	0	28	11	23	2077	163	665	402	1742	565	135	1393	94	42
Bacillus velezensis	492670	S	648	0	3949	0	11	3730	447	4246	7181	3141	5135	642	582	507	1934	1303	726	1316	29	497	4367	697	335	469	1035	856	3070	5974	1250	47	3733	1061	161	3898	1041	620	541	1629	794	3065	6509	1309	310	201	326	2248	3898	324	480	917	3489	333	1705	1813	25	4369	1131	2183	2880	318	2768	25444	4859	3615	690	960	752	300	140	3206	462	1128	356	318	2705	1485	5247	2729	3542	1210	4197	3549	2198	4138	2405	234
Bacillus amyloliquefaciens	1390	S	90	0	1411	0	0	1059	140	1206	1801	1132	859	258	357	281	428	440	554	204	0	126	1517	135	40	199	243	707	1639	3049	883	0	1182	839	112	1893	232	94	304	283	478	1683	1555	388	28	36	55	3846	2064	30	25	79	500641	157	885	736	0	2449	446	4874	624	80	805	6533	2515	916	371	832	311	162	308	1569	103	736	39	120	941	428	3044	746	763	492	1374	1163	1092	1903	556	78
Bacillus subtilis	1423	S	585	0	5480	0	22	4231	1192	5238	4855	4228	4891	361	753	320	451	1683	941	1818	114	527	3821	1346	539	466	1195	673	2866	4683	1753	32	2987	828	156	3285	1395	765	657	1536	634	3329	9060	1272	140	579	149	2429	6445	113	410	842	3492	1171	1735	1409	605	3909	3192	5096	2364	348	4122	24366	11790	2585	801	1444	382	193	167	2602	721	577	420	256	2027	844	4885	3659	4028	547	4736	4727	3067	4241	1591	632
Bacillus halotolerans	260554	S	16	0	66	0	0	44	16	102	323	58	78	17	20	0	43	32	31	12	0	0	186	11	0	13	18	15	66	96	13	0	44	0	0	72	24	9	10	0	9	62	211	17	0	0	11	42	19	0	11	23	72	8	16	112	0	49	0	44	34	0	42	359	55	65	9	15	13	0	0	90	12	16	15	0	78	29	93	37	28	13	42	46	28	44	112	0
Bacillus paralicheniformis	1648923	S	8	0	45	0	7	67	0	51	97	26	35	0	9	8	55	30	20	62	0	22	18	40	0	5	16	31	195	210	26	0	146	27	0	124	26	89	6	11	8	10	112	28	0	7	0	116	0	0	0	0	199	0	33	18	0	65	41	22	96	19	24	50	234	61	26	0	27	0	31	91	0	17	5	12	49	47	233	88	226	34	145	125	45	157	23	18
Bacillus altitudinis	293387	S	56	0	312	17	0	359	36	336	711	242	311	34	49	53	113	234	78	99	0	45	341	63	53	36	91	83	509	526	177	0	317	120	19	444	102	48	66	234	76	303	581	155	20	22	35	283	300	23	14	38	477	20	195	175	0	236	70	110	211	14	171	1416	489	498	67	65	163	44	24	527	29	204	55	50	223	242	640	256	363	180	443	467	237	339	206	23
Bacillus sp. Lzh-5	2049935	S	805	0	3425	0	0	6081	0	2691	6139	3572	9120	1737	0	0	738	2281	605	1161	0	1199	1821	0	0	1609	1644	1536	1957	7623	1610	0	4054	2041	0	3206	932	0	0	2580	1157	1691	9309	2838	0	850	958	1306	3642	0	0	0	3928	0	2077	1056	0	3256	5451	0	1388	0	5959	22095	5502	3002	0	0	733	0	0	2448	0	707	0	0	1667	970	9171	5143	2333	1956	5640	5433	3140	4746	1694	0
Bacillus safensis	561879	S	19	34	468	13	24	533	22	253	235	10	71	0	5	0	280	206	26	65	23	42	0	229	0	10	7	48	719	1572	0	0	244	317	96	976	115	140	41	68	72	160	280	214	55	61	30	1320	0	72	15	50	563	0	207	0	0	116	109	0	886	0	274	33	1238	148	299	0	0	0	124	589	73	21	0	40	0	6	1619	260	1062	288	959	610	314	271	0	29
Heyndrickxia coagulans	1398	S	358	0	1549	0	0	697	96	713	1733	830	823	222	327	83	282	491	271	279	0	60	1270	333	44	138	249	184	858	981	348	29	935	284	60	1325	348	189	220	331	201	1296	2235	805	74	113	188	443	901	28	168	370	1744	89	629	1022	0	661	183	541	378	108	301	4080	1023	590	240	673	199	79	100	947	107	602	123	123	1043	672	1702	816	611	237	904	933	566	530	1634	65
Lysinibacillus timonensis	2086577	S	36	0	143	6	0	253	47	210	248	44	53	6	19	0	126	63	41	20	0	30	194	41	0	24	13	22	282	765	19	5	140	58	54	185	70	6	15	414	42	23	144	94	13	7	7	338	52	0	9	158	339	0	167	65	0	31	120	22	312	6	79	678	214	82	26	0	21	5	0	179	14	22	12	31	54	62	477	73	1510	167	608	317	71	101	93	19
Geobacillus thermoleovorans	33941	S	1305	0	14775	0	0	20486	0	13185	3491	6969	15024	826	0	0	7191	11123	285	5860	0	1455	0	4782	1054	0	1238	7448	10073	133981	0	0	26923	9764	0	37548	9740	0	0	6461	8453	37405	14524	4020	2895	0	0	49194	0	3352	0	378	21784	0	19855	0	0	18842	525	0	27727	0	10249	539	52727	902	8623	0	0	0	0	11334	3289	0	0	616	0	0	106156	5634	38569	17854	42112	25763	14349	64660	0	3541
Priestia megaterium	1404	S	13	0	84	26	84	94	92	285	232	440	37	13	21	27	28	52	21	25	0	13	166	18	20	14	15	47	141	137	99	6	101	43	0	137	27	20	0	13	12	35	192	10	0	0	0	98	1525	5	34	15	65	772	54	90	17	46	7	122	27	0	437	1175	105	162	34	688	61	12	7	101	9	44	11	12	911	251	161	824	114	37	59	160	22	418	60	12
Neobacillus sp. PS2-9	3070676	S	10	0	52	0	0	50	10	116	226	31	71	10	6	8	57	25	5	14	0	5	243	0	10	14	12	9	134	99	36	0	102	34	7	164	27	17	0	15	11	32	143	43	0	0	11	33	38	0	7	0	117	21	37	34	6	34	33	22	56	0	23	695	71	193	13	0	47	7	18	147	0	40	18	13	49	52	150	40	78	32	129	70	52	67	63	0
Peribacillus frigoritolerans	450367	S	9	0	18	0	0	50	0	109	251	28	36	9	11	14	11	49	12	16	31	17	234	9	0	20	11	7	49	25	18	0	26	25	0	71	0	0	26	0	12	11	91	8	0	0	0	44	62	0	18	0	101	25	17	23	11	24	29	69	11	11	30	793	155	75	21	0	16	15	0	41	0	15	6	0	42	36	50	44	46	12	132	75	52	37	39	0
Gemella morbillorum	29391	S	897	0	0	0	0	0	0	0	0	65	12	10	0	30	0	73	0	48	31	63	0	0	0	0	10	11	216	19	0	0	14	0	0	0	70	408	9	10	0	36	19	0	10	0	0	62	60	34	54	0	34	68	0	6	0	26	0	0	44	0	0	80743	0	141	256	78	112	0	13	0	0	62	0	0	0	8	0	455	0	0	0	137	30	9	0	26
Gemella haemolysans	1379	S	400	0	253	88	39	464	152	345	1172	1244	232	67	120	151	371	498	198	143	128	286	377	318	45	62	128	111	738	523	118	55	503	100	176	538	265	796	66	245	91	197	323	91	54	137	108	1837	438	63	183	286	1716	522	519	410	71	263	80	276	234	53	195	407391	232	1369	1163	78	891	87	119	1102	70	738	60	82	251	242	403	2550	291	237	2058	1138	486	551	430	321
Gemella sanguinis	84135	S	96	57	17	35	0	0	11	0	56	60	20	0	0	49	15	123	18	0	0	38	0	14	0	11	0	9	30	0	14	21	77	0	171	61	41	89	0	12	0	24	0	0	23	0	0	340	45	44	0	96	105	90	0	0	35	0	0	0	0	0	0	1242	0	130	0	246	65	0	0	49	21	519	0	0	0	0	0	240	22	23	177	66	16	0	22	0
Paenibacillus polymyxa	1406	S	36	0	1690	0	0	187	49	564	373	557	105	21	25	0	44	307	100	47	0	39	177	86	25	21	31	26	212	201	392	0	140	61	0	210	75	211	1386	39	40	51	314	77	0	22	24	102	437	0	0	258	567	27	102	167	0	113	48	900	188	24	108	1350	1663	270	121	153	229	20	0	302	252	275	27	23	822	407	301	208	286	108	513	430	270	122	141	57
Brevibacillus sp. NSP2.1	3003229	S	47	0	43	0	0	41	0	35	111	17	27	7	0	0	12	9	12	16	0	8	57	0	7	0	16	11	45	42	43	0	24	0	0	55	0	9	0	77	8	69	74	14	0	0	0	36	251	0	14	0	44	0	22	20	0	15	7	19	18	0	14	405	45	90	0	17	21	14	0	47	0	42	13	0	78	37	61	25	22	29	58	152	35	77	33	0
Listeria monocytogenes	1639	S	1566	0	5204	0	340	4523	862	3772	5144	3900	4773	375	1339	1698	2789	1689	3132	1203	0	599	3303	2990	375	1880	973	825	5772	19232	5985	274	6135	1892	379	7222	1364	1241	5144	16302	817	27105	11251	2172	44	564	192	8391	26265	133	6244	10088	5381	1949	12447	2673	0	3271	295	5142	8476	542	4165	43260	13671	5900	800	3637	2541	330	707	4599	2371	3610	734	364	12920	2806	12388	4161	8737	1340	16219	6216	3245	15551	11294	149
Listeria innocua	1642	S	16	0	40	0	0	29	8	58	88	14	51	17	0	11	15	11	5	26	0	12	53	6	0	8	29	5	58	57	36	0	29	13	8	45	0	7	14	48	12	50	56	22	0	7	12	23	28	0	0	0	94	27	20	27	0	46	23	29	44	0	22	286	34	59	8	0	9	0	0	42	0	35	0	0	94	21	49	30	25	7	59	69	48	27	40	0
Brochothrix thermosphacta	2756	S	20	42	18	44	67	12	98	116	84	11	8	0	0	51	62	176	9	15	126	54	8	15	0	0	27	15	56	32	0	0	83	12	42	45	47	0	5	60	9	259	0	0	15	10	20	28	83	52	88	332	84	12	30	8	59	38	7	182	49	0	22	5481	9	2021	186	51	7	16	6	50	21	33	0	0	13	5	5	52	5	8	455	51	197	28	8	15
Sporosarcina sp. Marseille-Q4943	2942204	S	9	0	40	0	0	26	0	54	67	13	10	8	0	0	105	19	0	0	0	0	90	0	0	0	0	0	34	164	0	0	29	0	0	30	7	573	12	28	0	84	32	0	0	0	0	117	45	109	0	13	93	0	13	0	0	50	10	10	55	0	18	202	35	72	13	0	0	0	0	21	34	16	8	0	19	27	53	47	44	9	163	41	38	136	116	0
Solibacillus silvestris	76853	S	16	0	65	0	0	61	7	75	193	54	81	16	12	0	45	21	42	32	0	14	97	16	5	14	27	22	60	66	49	0	46	19	0	81	35	23	7	17	13	37	137	18	0	0	11	30	61	5	10	10	147	0	34	103	0	51	15	10	62	33	28	364	92	70	21	0	37	5	5	96	10	39	9	0	3517	60	56	37	58	27	82	55	42	68	89	27
Sporolactobacillus terrae	269673	S	8	0	7	0	0	13	0	65	24	150	7	44	19	0	49	14	0	8	0	41	16	7	0	16	11	0	19	16	5	0	436	61	0	23	0	27	0	5	0	8	244	5	0	0	0	13	18	0	0	33	19	5	6	11	16	0	0	366	97	0	92	7343	18	22	9	0	119	0	0	61	0	62	6	0	21	112	23	10	20	0	555	27	62	7	45	17
Clostridium perfringens	1502	S	11487	0	132	0	0	77	11	359	4254	567	84	11	18	65	122	1563	46	104	600	25	181	282	0	64	65	80	219	124	56	0	231	118194	205	83	357	23	39	80262	22	67	199	31	0	14	15	55	1935	27	0	0	269	14	49	124	56	73	55	3695	56	15	158	2483	227	91	126	115	108	8	9	619	91	554	99	25	318	626	88	396	46	556	212	33797	425	28346	73	0
Clostridium intestinale	36845	S	1222	0	5	0	0	0	0	0	67	0	0	0	0	0	0	312	0	0	0	0	0	0	0	0	0	0	0	0	51	0	0	14999	0	0	40	0	0	6294	0	0	0	0	0	0	0	154	0	0	0	0	0	5	0	0	0	0	0	24	0	0	0	16	0	0	0	0	0	0	0	11	924	5416	0	0	6	203	0	0	0	0	0	2198	0	3225	0	0
Clostridium sp. MF28	1702238	S	131	0	35	0	0	35	0	77	594	0	16	0	0	0	46	87	0	0	0	0	50	0	0	0	0	0	51	46	0	0	76	151	0	46	0	0	0	162	0	73	49	0	0	0	0	73	160	0	0	12	13	0	0	58	0	0	0	0	25	0	22	196	40	36	0	0	152	0	0	64	0	27	0	0	0	139	62	43	25	0	57	77	56	166	128	0
Clostridium butyricum	1492	S	1355	0	25	0	0	15	0	144	366	0	0	0	0	0	29	215	0	0	0	21	26	0	0	0	0	0	32	40	7	0	32	10814	0	19	78	0	0	8412	0	8	40	11	0	0	13	20	0	0	0	332	32	9	27	11	0	0	0	0	21	0	9	93	48	41	0	0	0	0	7	16	0	27	0	0	41	41	32	24	15	0	53	2331	52	2502	21	0
Clostridium beijerinckii	1520	S	437	0	11	0	0	0	0	191	131	0	7	0	0	0	0	12	0	0	0	0	32	70	0	7	7	0	17	14	0	29	59	2507	0	11	0	0	0	192	0	0	17	0	0	14	0	17	76	0	0	0	104	15	33	7	0	0	0	1482	43	0	9	13637	20	21	0	0	19	0	0	37	0	113	0	0	0	56	17	25	12	46	634	102	0	833	16	0
Clostridium chauvoei	46867	S	754	24	5	0	0	389	0	289	904	1049	2195	0	76	18	5	38	7	430	0	0	6	0	0	7	153	0	156	488	6	15	20	3849	0	177	0	0	999	7334	0	780	17	11	0	0	0	0	14	0	0	0	3084	116	0	7	0	1093	0	6	0	0	6	488	1166	355	0	7	0	0	0	208	0	34	8	0	9	11	962	20	853	8	599	351	324	1303	304	7
Clostridium botulinum	1491	S	45	143	122	0	143	63	116	502	3254	67	803	297	19	74	101	870	50	35	0	24	56	187	12	33	41	75	117	43	74	48	313	3577	39	93	266	1015	23	5815	72	118	140	33	56	12	40	66	173	0	40	94	157	37	105	41	81	72	21	479	27	8	198	732	167	113	165	39	50	148	143	355	159	46	15	12	90	69	123	144	69	45	558	639	99	184	43	58
Clostridium cellulovorans	1493	S	16	0	0	0	0	0	0	52	86	417	0	0	0	0	0	0	8	0	0	0	0	0	0	0	0	0	15	0	22	0	11	22	0	8	0	0	0	0	0	0	0	0	0	0	0	0	10	0	0	0	0	0	0	9	0	0	0	0	0	0	0	18	0	0	0	159	0	0	0	57	0	84	0	0	0	297	0	0	0	0	0	20	52	16	0	0
Blautia wexlerae	418240	S	31	20	6	28	194	11	111	56	81	0	0	0	0	51	0	12	0	7	0	32	0	214	0	0	0	498	305	0	11	0	126	22	110	0	170	0	11	12	0	0	14	0	54	0	6	0	0	0	0	0	0	29	39	13	22	11	0	96	0	0	19	0	0	65	80	0	0	24	0	0	0	8	82	0	0	8	0	379	0	0	0	380	27	62	0	0
Roseburia intestinalis	166486	S	33	0	0	0	0	0	0	0	21	27	0	0	0	0	0	0	0	0	0	62	0	0	0	0	0	0	40	0	0	30	42	0	0	0	0	0	0	0	0	0	0	0	0	13	0	0	912	0	0	0	0	0	0	0	14	0	0	4439	0	0	0	460	9	0	40	0	14	17	0	139	0	3154	0	0	0	78	0	112	0	201	202	0	31	0	9	0
[Ruminococcus] gnavus	33038	S	960	97	13596	69	25	14895	0	6319	17852	17556	8992	0	467	0	5011	2270	0	1748	0	0	0	5230	1451	0	0	30	5772	0	2089	0	0	5606	0	0	0	0	5479	11624	0	6479	11635	3985	0	0	0	767	2288	0	0	2153	25527	29	11	3412	79	13159	0	306	2594	0	27	14140	8790	2846	0	0	1502	9	14	10071	79	4953	742	0	51	4774	18378	13033	0	47	14938	0	7031	16057	3211	0
Enterocloster bolteae	208479	S	7	0	0	0	0	0	0	6	15	281	0	0	0	0	81	5	0	12	0	0	0	0	0	0	14	0	46	16	18	0	18	0	0	0	0	0	0	0	0	0	0	0	0	10	0	6	908	0	37	0	0	0	0	0	30	0	0	2032	6	0	0	35	133	0	17	6	18	0	35	273	0	212	0	0	106	360	0	157	0	247	103	0	162	10	0	0
Faecalibacterium prausnitzii	853	S	51	157	0	85	0	0	116	63	126	0	0	0	0	38	24	40	17	0	0	0	87	0	0	0	0	43	201	0	116	0	0	0	0	0	0	399	0	10	0	16	0	0	0	0	0	0	193	0	0	55	0	0	24	0	128	0	0	89	0	6	0	25	0	40	69	29	31	13	0	0	19	165	0	0	323	30	0	112	36	0	232	0	0	0	50	0
Dysosmobacter welbionis	2093857	S	18	0	0	19	0	0	0	0	56	0	0	0	0	0	0	0	0	0	0	0	0	0	0	0	0	0	0	0	63	0	20	0	0	0	85	0	0	0	0	0	0	0	0	0	0	0	47	0	0	46	0	0	0	0	0	0	0	543	0	0	0	35	86	0	0	101	80	0	0	225	0	12	0	0	25	65	0	182	0	0	0	0	61	0	0	0
Solibaculum mannosilyticum	2780922	S	11	0	8	0	0	18	0	15	8	51	74	0	0	0	28	13	0	11	0	0	59	66	0	0	8	0	23	34	0	0	56	0	0	30	0	0	0	51	0	80	18	25	0	0	0	0	0	0	0	0	110	0	147	0	11	26	15	0	13	0	51	34	26	0	7	30	0	0	0	13	0	0	0	0	0	10	85	44	18	0	24	0	74	55	9	17
Clostridioides difficile	1496	S	8487	0	24856	0	0	49129	4806	35307	61865	24364	26028	4801	3626	0	6810	16185	6829	12843	0	2889	8327	8357	8738	2411	16378	6717	22941	66136	8370	0	53588	20710	5100	51784	26323	8472	6136	33567	33434	27426	53268	16391	6405	5356	5299	21232	8081	2385	0	12854	40830	21323	22228	13580	0	30102	29000	36253	17463	2715	26795	368857	24906	24590	7512	1931	9370	2087	4817	22501	9800	16846	4165	2183	27042	27113	57330	25091	33380	13902	71502	74821	47009	49018	11547	4832
Fenollaria massiliensis	938288	S	42	42	54	0	0	0	0	263	14	12	0	0	0	0	24	334	0	0	0	0	184	0	0	0	0	0	351	0	0	0	18	131	82	0	0	395	0	0	0	13	0	0	11	0	0	8	23039	112	22	126	654	0	0	1323	12	0	0	2440	70	0	0	564	1290	33	0	560	37	0	0	0	22	56	0	0	534	188	46	0	0	0	848	16	14278	26	10	8
Fenollaria sporofastidiosus	2811778	S	27	0	0	0	0	0	0	24	0	0	0	0	0	0	0	0	0	0	0	0	53	0	0	0	0	0	25	0	0	0	16	52	0	0	0	0	0	0	0	0	0	0	0	0	0	0	7122	162	0	63	0	0	0	282	0	0	0	2005	0	0	0	162	851	0	22	121	0	66	0	0	0	105	0	0	0	0	0	0	0	0	0	0	3281	0	0	0
Aristaeella lactis	3046383	S	10	0	70	0	0	53	0	181	83	303	6	0	0	0	60	24	0	0	0	0	89	29	0	9	0	6	65	17	97	0	29	83	0	34	18	107	30	0	8	9	68	6	0	0	0	0	839	0	0	0	73	0	55	56	0	10	9	1599	20	0	25	764	139	95	18	0	23	0	0	259	0	150	9	0	56	211	44	83	32	131	419	119	144	31	41	0
Parvimonas micra	33033	S	339	0	6	0	0	13	19	20	0	51	16	0	11	132	0	131	11	0	14	14	79	196	0	0	0	16	33	0	5967	12	36	9	91	11	0	46	9	0	7	44	0	12	0	7	0	38	41084	0	0	73	409	0	11	16	13	11	0	1540	49	0	0	657	1267	72	45	1124	194	10	17	154	31	3716	0	5	523	594	7	128	130	21	1003	351	203	11	19	14
Peptoniphilus sp. GNH	2921087	S	133	0	20	0	0	0	29	125	7	103	0	0	0	59	0	198	0	7	0	9	0	19	0	0	8	9	38	0	7	0	0	0	0	0	0	30	0	0	0	0	0	0	0	0	0	14	6051	12	0	137	947	0	0	56	49	0	0	4181	75	0	0	1759	11037	0	0	203	425	19	22	262	29	503	5	0	2210	575	14	161	20	13	1691	238	1212	34	30	18
Peptoniphilus sp. SAHP1	2948573	S	28	86	1157	31	513	269	107	6697	36	1842	33	127	38	34	924	5237	585	1878	31	124	55	0	149	39	951	90	1508	198	257	17	820	348	0	137	18	7884	18	38	12	27	23	0	0	457	0	4945	132871	190	494	624	84185	336	189	2037	411	13	98	124283	25755	100	42	251975	120416	134	242	10778	38033	165	86	23457	4958	55531	220	109	158507	115831	84	56352	1260	1394	261501	5453	8669	4197	28	391
Peptoniphilus harei	54005	S	164	48	76	25	518	498	92	1978	0	228	59	21	0	169	57	4527	161	532	30	145	54	91	32	13	212	54	228	24	96	39	160	161	74	125	75	783	0	9	19	76	15	0	0	44	0	379	12576	164	18	484	7230	63	24	165	93	196	0	46764	3837	0	52	60065	112670	165	131	2986	6484	63	68	3033	302	6570	15	51	30145	7394	52	3168	18538	89	17072	5995	14710	385	7	296
Peptoniphilus equinus	3016343	S	9	0	11	0	44	58	0	109	0	72	0	0	0	23	0	656	0	0	0	0	7	0	0	0	0	0	0	0	0	0	8	13	0	0	0	190	0	0	0	0	0	0	0	6	0	10	4656	34	0	52	1286	0	0	42	28	0	0	4029	66	0	6	1427	7011	23	28	336	431	0	16	199	0	400	0	0	1829	1090	7	0	26	0	1190	659	1043	25	0	27
Finegoldia magna	1260	S	220	300	1386	81	2647	277	317	10576	96	17074	113	71	66	805	762	5382	1566	12130	334	3367	114	233	1058	41	4062	138	29539	301	1071	128	4083	1015	239	184	216	25106	1997	101	75	749	38	21	75	1427	35	1091	280389	370	453	4000	560194	1495	458	6778	1704	466	102	206656	75343	164	58	217872	655381	1181	1266	27633	216277	444	347	59818	12360	195981	671	731	292997	170077	116	68407	11035	25780	405873	37864	47988	5163	212	6303
Anaerococcus vaginalis	33037	S	31	44	0	0	280	68	58	566	25	1457	0	0	0	172	0	0	0	0	0	0	0	0	0	0	0	0	426	0	0	41	73	96	0	0	0	0	0	0	0	0	0	0	0	86	0	0	4515	0	0	0	2885	32	261	303	85	0	0	10058	1511	0	0	17796	0	0	94	205	588	0	0	1472	0	10581	0	0	10865	6992	0	0	317	143	1932	180	918	587	0	0
Ezakiella coagulans	46507	S	50	30	18	23	0	25	0	6990	56	68	23	0	0	19	57	12	19	11	0	0	36	42	0	6	16	0	420	13	45	0	977	0	54	15	0	981	0	0	0	0	9	0	0	8	6	0	88290	960	0	88	92	31	19	113	52	32	12	17268	6	0	15	25364	24203	23	32	37	31	110	16	152	321	1217	0	8	212	220	39	45	0	148	1729	68	7889	81	316	0
Veillonella parvula	29466	S	37	68	36	54	628	73	102	336	27	130	31	21	47	415	1359	229	198	114	126	195	0	223	32	7	75	128	17341	84	980	151	614	45	1258	113	184	1460	25	54	255	71	31	16	66	20	70	14415	1055	45	85	11211	450	117	15	93	333	74	0	25285	232	75	57	127	1376	187	441	0	57698	36	126	94	44982	255173	42	31	432	20173	25	230	137	432	1976	4562	77	0	0	155
Veillonella rogosae	423477	S	11	11	0	41	0	377	20	1345	43	70	0	0	0	302	247	75	39	17	0	0	0	93	17	0	22	0	326	10	126	0	73	0	74	0	64	532	0	0	184	0	0	0	12	31	0	32	0	13	42	31	9711	0	31	0	86	10	0	3142	3585	0	0	0	0	232	77	2597	4141	0	73	75	0	14980	409	43	30862	405	39	4826	0	522	2913	13041	37	419	0	1625
Veillonella sp. S12025-13	2682455	S	16	0	33	9	0	0	0	0	0	0	0	0	0	0	0	0	57	0	0	0	0	0	0	0	0	0	0	0	0	0	117	0	0	0	0	0	0	0	103	0	0	0	0	0	0	0	0	0	0	0	0	0	0	0	152	30	0	0	0	88	0	0	0	0	154	0	172	0	118	354	0	214	0	0	0	0	0	0	0	158	0	0	0	0	31	0
Sporomusa termitida	2377	S	6	0	14	0	0	28	5	92	69	973	11	0	0	0	7	0	7	12	0	0	40	0	0	6	14	0	150	19	15	0	8	6	0	26	0	0	0	0	6	11	19	0	0	6	0	14	8	0	0	0	59	0	0	76	17	11	0	0	14	0	0	188	518	22	6	174	12	7	0	98	0	87	0	10	556	611	27	11	39	30	12	129	418	37	19	0
Acidaminococcus intestini	187327	S	9	0	0	0	0	3662	0	52	0	0	9	0	0	0	0	16	0	0	0	0	0	0	0	0	0	23	0	16	0	0	0	233	0	0	0	0	0	29	0	0	0	0	0	0	0	23	0	0	344	0	355	0	0	0	0	9	0	427	150	0	10	30	278	0	0	7	274	0	0	549	0	0	19	0	5647	119	19	179	16	0	143	607	28	102	0	33
Cutibacterium acnes	1747	S	11204	79536	15602	30535	38718	20527	51086	39255	43326	10581	6966	3462	989	63366	50350	147036	21108	8660	195845	7445	2363	18423	4254	5326	3418	2282	38479	17903	7063	21124	63211	9229	49118	10605	77498	92272	28913	20015	10500	67752	7169	1907	26120	11554	12506	19291	53301	42701	29661	317571	108852	6443	14443	1862	60708	13638	5815	3046	41609	1401	3804	45427	202654	77413	203465	1158	12574	10789	4100	28345	26654	1105	3488	2909	6162	3863	2717	159899	28365	121030	149687	62321	40818	158359	17312	32207
Cutibacterium granulosum	33011	S	96	1129	265	414	611	132	752	550	502	92	53	31	25	274	523	921	355	148	1812	144	47	356	23	87	44	57	413	167	53	143	670	70	421	530	642	902	191	192	114	475	40	21	117	79	216	149	307	310	622	1381	949	142	308	33	430	106	98	108	314	25	75	547	10034	1088	1008	128	541	72	32	285	296	13	22	31	2866	315	129	930	517	80	1840	7305	1079	332	114	197
Cutibacterium avidum	33010	S	19	190	36	50	5	20	85	109	50	59	37	10	14	59	111	124	0	1307	658	7	11	74	0	12	7	44	92	37	43	47	61	56	117	47	61	345	13	18	10	129	32	12	30	8	12	114	303	107	36	312	5751	0	50	0	199	14	0	409	281	199	9	2306	4757	115	275	296	21165	60	12	242	125	28	9	11	354	10606	67	234	1692	33	5233	7870	541	250	52	62
Cutibacterium modestum	2559073	S	14	148	7	85	33	0	61	26	45	10	8	0	0	59	163	139	73	10	312	55	7	42	25	0	13	15	96	27	6	26	142	36	46	34	154	348	37	19	15	103	28	0	14	10	14	29	126	36	106	336	83	0	116	12	248	36	0	17	46	0	0	55	56	270	467	0	87	101	13	60	53	0	0	0	20	14	10	110	0	16	205	135	206	35	45	22
Arachnia propionica	1750	S	9	18	0	15	25	0	0	30	15	10	0	0	0	31	9	26	10	7	18	16	0	86	0	0	0	0	169	30	0	9	55	13	71	9	40	185	5	0	13	0	0	0	6	9	11	0	1456	0	0	76	0	7	0	13	20	0	0	899	29	0	0	5960	0	37	26	14	19	0	0	45	63	110	0	0	130	105	0	37	0	7	770	0	20	20	17	16
Propionibacterium freudenreichii	1744	S	13	100	20	0	0	17	0	87	41	0	34	0	0	0	0	57	17	0	0	0	50	393	0	0	9	0	132	23	0	0	13	33	0	17	14	148	0	0	0	0	0	11	0	0	8	0	1204	0	0	16	81	0	11	0	31	8	0	1358	0	0	0	8710	0	23	15	35	52	0	12	98	213	111	18	0	154	95	81	12	0	0	264	23	44	0	0	5
Nocardioides sp. S5	2017486	S	28	420	156	104	65	0	144	103	132	0	0	0	0	523	0	66	116	23	52	0	0	1199	0	0	34	29	32	14	15	0	25	138	16	0	49	855	73	0	46	0	0	0	0	0	0	0	98	0	0	34	50	106	114	0	84	0	0	0	125	0	27	0	13	519	56	0	27	0	0	59	143	0	43	0	0	0	0	140	0	20	0	2050	47	0	12	0
Nocardioides sp. zg-1228	2763008	S	11	179	18	105	151	10	32	0	39	0	0	0	0	55	12	0	0	0	116	23	0	137	0	0	0	29	11	0	0	19	0	752	0	0	20	337	44	21	0	0	0	0	0	0	67	0	52	67	0	57	56	47	0	0	34	0	0	0	0	0	0	0	15	24	24	0	0	0	0	23	15	0	0	0	0	0	13	48	0	0	11	231	0	0	19	0
Nocardioides okcheonensis	2894081	S	25	171	25	130	42	0	25	88	62	0	0	0	0	598	108	51	0	0	40	0	44	358	0	0	0	0	34	0	0	0	0	0	0	0	26	0	0	0	27	0	0	0	18	0	0	0	13	0	0	105	0	62	43	0	50	0	0	0	0	0	0	0	0	286	0	0	17	0	17	0	27	0	42	0	0	12	39	39	10	0	0	513	18	0	18	19
Micrococcus lylae	1273	S	536	101	7	45	36	7	46	49	9	28	0	8	36	56	0	108	0	39	71	895	0	297	0	16	0	58	106	9	13	7	345	47	27	13	65	558	12	0	13	18	12	0	19	0	9	25	84	187	28	78	20	18	43	0	91	54	0	0	47	10	28	220	12	420	218	0	0	0	0	197	108	10	0	0	24	0	0	39	16	0	377	55	76	26	18	36
Micrococcus luteus	1270	S	785	4100	988	988	1704	481	6261	1966	3687	571	2846	116	473	3984	1760	12156	301	297	3376	5552	0	1728	56	214	85	93	854	1164	146	743	853	208	845	1385	1107	6784	1095	553	406	1504	806	66	281	237	322	627	21198	1177	281	4558	1135	670	1386	283	1741	484	93	338	1880	749	323	9023	412	17591	10372	0	637	331	662	1566	1442	223	346	85	84	205	102	2299	362	341	6510	1483	1326	2135	301	339
Micrococcus porci	2856555	S	64	125	9	24	66	0	84	40	16	0	0	0	53	146	0	161	0	0	0	37	0	0	0	0	0	0	239	22	0	0	49	0	0	0	174	341	21	0	32	23	15	0	25	0	14	24	49	72	0	229	19	23	39	0	51	0	0	0	0	0	0	204	39	986	375	0	37	25	0	317	31	0	0	48	0	0	0	45	11	0	113	9	48	44	25	24
Micrococcus yunnanensis	566027	S	409	1988	228	175	357	108	718	992	606	0	0	0	0	321	279	468	0	0	606	0	0	396	0	0	0	0	0	421	0	128	118	0	0	1206	189	0	151	138	0	323	261	0	226	0	0	359	208	446	0	1357	301	0	497	0	379	0	0	0	1176	0	0	0	0	2747	3682	0	0	0	0	0	0	0	0	0	0	0	0	323	135	0	0	485	330	724	0	227
Kocuria rhizophila	72000	S	937	1456	523	810	863	143	3666	1514	1195	230	1699	77	200	730	320	4075	2631	163	1590	1618	42	1632	230	122	138	154	772	147	149	220	593	570	842	264	564	7122	88	116	177	118	257	0	148	130	141	120	383	418	156	941	4980	420	308	159	1212	494	111	48	2643	249	429	941	176	6497	2782	0	366	131	375	671	1258	153	361	0	110	132	55	1301	172	142	1128	1710	1028	1571	120	261
Kocuria palustris	71999	S	48	617	93	1089	350	108	357	565	1262	43	116	22	102	343	55	535	46	56	482	57	28	1767	54	16	20	73	242	78	59	165	418	282	1228	49	208	1709	63	53	61	116	35	0	48	28	57	0	272	179	33	426	299	71	313	86	216	88	63	165	60	158	56	2680	52	808	4602	15	101	17	68	753	208	43	63	33	98	71	10	364	20	73	937	869	259	183	27	91
Rothia dentocariosa	2047	S	80	428	72	136	453	59	193	613	513	158	82	37	20	439	122	667	164	284	456	70	24	381	6	16	250	370	408	63	29	116	587	22	1761	59	652	2628	200	181	366	288	71	21	176	123	163	85	246	243	219	1357	3192	133	107	57	386	277	49	8	341	34	163	65	58	1867	1582	17	112	179	73	479	371	36	13	53	149	40	16	484	17	121	2542	515	530	224	52	345
Rothia mucilaginosa	43675	S	48	436	95	143	274	79	244	394	323	102	94	25	28	301	120	827	363	128	133	85	19	290	14	36	36	30	264	61	48	129	1023	75	463	86	396	1678	42	112	101	290	65	10	64	104	83	119	263	623	54	530	644	145	302	40	231	113	0	0	47	29	112	228	75	3514	1029	6	126	177	142	470	39	27	29	22	77	28	12	3571	133	115	940	375	719	170	99	344
Rothia aeria	172042	S	26	132	67	66	55	17	108	167	236	40	22	22	21	212	38	546	60	14	51	119	6	102	17	28	12	19	472	138	54	54	181	78	337	139	284	1138	51	30	58	142	11	11	35	74	44	24	43	108	97	368	433	154	141	23	197	71	0	0	9	16	30	257	31	587	1085	0	53	61	48	327	232	24	11	9	11	19	24	286	22	33	920	556	302	66	52	207
Arthrobacter agilis	37921	S	8	60	7	0	0	0	115	15	52	0	0	0	0	1208	5	50	0	12	28	0	0	57	0	0	0	0	14	0	0	10	136	74	179	0	84	74	0	10	12	13	0	0	0	0	0	0	0	0	0	102	21	0	0	0	2385	0	0	7	0	0	7	0	0	50	61	0	0	0	452	163	0	0	0	0	0	0	0	0	0	0	0	115	11	42	27	0
Glutamicibacter protophormiae	37930	S	70	67	0	0	0	0	0	0	0	0	0	0	0	0	0	387	0	43	0	0	67	0	0	0	0	0	0	0	0	42	211	0	184	0	0	1315	0	0	0	49	0	0	0	0	0	0	29	0	0	61	0	0	0	0	73	0	0	0	0	0	0	0	0	316	74	0	0	0	89	0	0	0	0	0	0	0	0	146	83	0	667	68	0	0	0	104
Kytococcus sedentarius	1276	S	866	129	0	73	26	12	36	30	13	0	0	9	23	155	0	39	22	31	217	75	0	51	15	29	0	0	0	13	15	0	148	12	51	13	52	248	20	0	23	0	6	7	35	14	25	10	356	1548	58	25	91	22	310	0	30	0	0	0	230	57	16	238	0	49	96	0	0	16	21	57	126	17	0	0	0	6	0	34	30	0	139	51	70	16	33	41
Microbacterium foliorum	104336	S	41	524	18	107	91	9	170	136	61	0	0	0	0	0	0	0	0	0	63	0	0	0	0	0	0	0	0	0	0	0	0	26	32	0	35	94	0	0	0	0	0	0	0	0	0	0	0	0	0	0	0	28	0	0	68	0	0	0	0	0	0	0	0	0	0	0	0	0	0	0	0	0	0	0	0	0	0	0	0	0	198	0	87	0	0	0
Clavibacter phaseoli	1734031	S	63	519	108	143	182	18	561	671	116	0	0	0	0	0	0	0	0	0	0	0	0	0	0	0	0	0	0	0	0	0	0	0	0	0	0	0	0	0	0	0	0	0	0	0	0	0	0	0	0	0	0	20	13	0	0	0	0	0	0	0	0	0	0	0	0	0	0	0	0	0	0	0	0	0	0	0	0	0	0	0	0	0	0	0	0	0
Curtobacterium flaccumfaciens	2035	S	94	75	26	95	0	16	52	24	20	66	0	0	0	745	41	48	87	0	148	0	741	133	0	0	0	0	139	0	73	25	440	3595	1874	0	511	208	42	58	125	23	105	0	1849	67	161	150	0	1186	341	216	909	718	4097	70	125	33	18	1597	296	0	3585	72	26	72	40	0	0	0	0	73	0	0	1250	1369	1481	1521	1048	586	0	0	561	63	272	0	705	156
Pseudoclavibacter sp. Marseille-Q3772	2866588	S	26	8	25	0	0	0	34	78	44	55	64	18	0	71	0	0	17	10	43	255	9	0	0	0	12	17	14	17	0	8	42	0	68	0	0	0	321	0	8	26	8	0	8	0	0	0	0	8	12	105	0	19	8	29	31	97	0	0	16	31	58	86	0	14	0	0	0	0	0	8	0	0	0	0	0	0	0	85	0	0	60	0	9	0	0	0
Brevibacterium sp. CS2	2575923	S	143	3411	224	1060	1037	166	1874	2449	877	25	60	0	0	84	97	180	31	9	245	72	57	166	0	0	12	10	27	21	112	22	110	0	216	16	85	1806	24	34	31	42	17	0	67	0	22	45	21	15	12	146	32	120	52	19	118	0	25	0	189	0	9	318	8	107	148	0	33	0	71	120	2119	9	0	0	0	0	17	334	51	11	568	201	93	103	24	20
Brevibacterium luteolum	199591	S	19	35	7	38	31	0	57	499	12	0	0	0	0	0	10	0	0	0	17	0	0	23	0	0	0	0	13	0	0	0	13	0	16	0	9	178	10	0	0	0	0	0	0	18	0	0	0	21	8	0	0	11	7	0	52	43	0	0	275	0	0	18	0	42	32	0	0	0	0	0	0	33	0	0	0	0	0	105	90	0	91	126	0	156	7	0
Brachybacterium sp. GU-2	3069708	S	94	539	155	390	170	38	427	394	271	0	0	0	0	1272	314	99	30	0	569	0	21	171	10	0	0	14	75	51	29	33	128	961	570	31	72	4158	80	53	0	169	40	0	72	0	13	96	165	167	14	343	134	212	43	0	105	9	20	0	268	120	0	104	0	232	168	0	33	0	144	47	73	11	0	17	9	0	0	108	84	0	1675	424	751	108	32	47
Dermabacter jinjuensis	1667168	S	28	226	0	0	61	0	0	48	29	48	0	0	0	15	11	0	0	0	0	21	0	0	0	0	0	0	0	0	0	0	0	191	237	0	54	0	0	0	0	0	0	0	0	0	0	0	2921	0	79	26	181	0	0	0	42	0	0	865	0	27	0	4156	329	2224	57	0	0	28	0	0	0	46	0	0	131	0	0	30	4658	0	577	0	29	332	0	15
Janibacter sp. CX7	2963431	S	29	222	43	35	23	10	112	54	34	33	112	0	0	19	50	0	85	0	270	0	0	0	23	0	0	0	33	33	0	17	19	32	115	0	0	0	34	22	0	108	0	18	0	0	0	0	40	0	0	290	34	0	33	0	55	0	8	0	0	0	41	104	55	55	58	0	0	0	0	0	0	0	10	0	0	0	40	18	0	26	0	0	89	86	333	0
Janibacter sp. YB324	2761047	S	14	237	0	98	86	39	228	273	125	0	0	0	0	27	44	86	0	0	187	0	0	0	0	0	0	0	0	0	0	15	31	69	0	0	31	280	37	24	0	107	0	0	56	0	0	33	0	0	0	116	110	0	17	0	64	0	0	0	0	0	0	0	0	52	101	0	0	0	0	0	0	0	0	0	0	0	0	78	0	0	194	0	0	34	0	0
Janibacter indicus	857417	S	46	1349	149	434	616	57	544	655	236	0	0	0	0	133	119	26	0	22	263	120	0	0	0	0	0	0	0	59	0	0	28	0	0	0	66	0	35	26	0	116	0	0	17	0	18	0	87	97	0	469	10	0	14	0	179	0	14	0	0	12	0	0	0	400	342	0	0	0	0	45	0	0	18	0	0	0	0	56	49	0	659	0	82	138	147	42
Janibacter limosus	53458	S	11	130	221	72	35	9	13	86	64	0	19	0	0	15	65	17	0	13	162	0	0	118	20	0	10	0	0	29	20	0	33	4668	0	18	0	280	13	42	0	81	29	0	0	0	0	0	84	0	0	185	15	54	23	26	139	0	0	0	0	12	0	298	0	36	38	0	31	0	0	10	16	0	0	0	0	16	9	0	0	0	327	177	196	53	128	0
Dermacoccus sp. PAMC28757	2762331	S	27	375	33	123	234	20	132	316	147	0	0	0	0	0	13	25	0	0	32	0	13	0	0	0	0	0	11	0	0	0	17	13	96	0	7	0	0	0	0	22	0	0	0	0	0	17	20	0	0	0	51	9	438	0	45	0	0	0	0	0	0	0	0	88	0	0	0	0	10	0	0	77	0	0	0	0	0	0	0	0	245	0	17	0	10	0
Dermacoccus nishinomiyaensis	1274	S	14	129	55	104	330	22	484	290	83	0	36	0	0	17	0	20	20	56	13	0	14	0	0	0	0	0	13	0	16	177	0	14	41	11	61	50	0	16	0	6	14	0	10	12	13	118	63	0	0	91	71	24	31	0	53	17	53	0	16	0	0	0	0	20	87	0	42	0	10	53	59	0	12	0	0	0	0	43	0	0	204	0	19	54	15	0
Corynebacterium kroppenstedtii	161879	S	567	1268	200	501	772	541	767	585	1197	235	198	83	326	767	55	817	295	186	304	215	133	258	57	53	78	55	262	27	75	116	972	173	528	36	762	1496	63	37	129	123	127	44	215	90	463	25	252	169	212	369	722	298	669	74	915	278	148	104	183	16	113	216	125	6395	514	25	57	77	109	188	153	0	371	42	41	226	11	686	110	3224	9554	713	1302	667	253	286
Corynebacterium tuberculostearicum	38304	S	308	2138	269	1277	797	231	1805	993	1263	931	319	143	33	865	1058	659	521	264	4068	620	33	149	324	82	167	838	2895	155	441	648	492	106	2489	167	744	2117	365	180	126	451	122	23	263	83	129	564	2869	370	271	1563	9101	390	1078	268	1068	436	41	13579	1274	341	168	4259	20170	58063	1906	284	535	1614	93	349	355	309	69	129	3459	532	60	432	41994	43	7310	565	1453	5298	108	169
Corynebacterium afermentans	38286	S	133	394	69	564	525	54	403	408	219	186	58	68	21	41	420	78	156	165	871	350	5	34	0	10	86	202	726	22	32	196	239	0	174	37	163	420	522	30	0	45	14	11	79	0	46	34	0	28	57	103	442	36	88	27	649	186	25	5002	217	41	109	26	17	1272	114	0	19	36	0	0	60	0	0	46	0	30	0	223	0	0	29	73	48	71	30	17
Corynebacterium sp. FDAARGOS 1242	2778078	S	70	81	8	0	22	11	49	449	110	93	68	0	0	59	0	33	25	76	57	700	0	35	0	0	39	159	34	11	9	63	24	12	68	15	68	0	65	0	14	0	0	0	0	0	0	0	0	0	0	104	22	0	38	37	238	21	0	1181	0	53	18	353	31	335	32	0	9	159	13	31	0	66	0	0	201	20	0	13	3475	28	0	58	412	1784	6	14
Corynebacterium sp. Z-1	3074378	S	42	0	25	0	0	0	0	0	80	0	0	0	0	0	88	51	24	0	344	0	0	0	0	0	0	54	0	0	0	85	0	0	298	0	0	1046	147	0	0	122	0	0	42	0	0	78	50	0	0	1190	0	0	82	21	182	0	0	0	123	0	0	0	0	1210	171	0	0	0	0	0	114	32	0	0	0	0	0	89	0	0	1185	0	0	258	12	0
Corynebacterium sp. NML98-0116	702967	S	28	0	0	0	0	0	0	11	0	12	0	0	19	12	0	32	0	0	0	0	6	0	0	0	0	0	0	26	0	32	0	0	0	29	35	669	0	0	0	0	0	0	25	56	0	0	18	0	0	154	909	0	0	0	35	0	0	6739	0	0	0	35403	0	0	0	0	0	0	0	482	0	3038	0	0	0	1659	0	0	0	60	2397	0	179	3347	0	0
Corynebacterium kefirresidentii	1979527	S	172	291	21	101	82	192	144	115	139	82	17	0	0	197	27	64	17	0	255	0	0	35	69	0	6	89	114	11	43	393	120	12	186	54	198	1882	558	18	42	67	0	0	30	0	38	214	379	50	21	358	1001	0	180	0	316	32	0	0	633	0	46	106	15465	3837	313	33	0	888	0	170	109	0	0	56	72	44	16	31	7191	131	207	64	166	1370	6	0
Corynebacterium accolens	38284	S	97	664	45	240	626	91	286	385	102	70	102	29	0	1158	356	440	77	46	1666	108	11	486	34	12	24	32	411	116	55	544	269	275	4041	85	377	1703	698	97	74	838	21	8	213	23	132	381	324	665	127	1752	364	46	145	0	1414	115	225	2411	677	0	0	252	1658	2857	1294	121	94	740	6	76	827	20	208	125	30	0	8	111	380	423	4504	389	353	919	74	46
Corynebacterium matruchotii	43768	S	41	92	35	65	20	17	53	78	61	30	14	24	329	664	141	238	54	26	234	81	5	79	23	19	13	0	77	171	7	32	141	11	1321	17	260	770	79	80	83	92	22	9	85	55	55	22	66	1510	104	702	190	17	62	32	85	17	64	38	77	22	7	101	27	331	478	10	37	62	26	105	90	25	6	30	59	20	10	99	125	16	5499	253	125	147	19	133
Corynebacterium singulare	161899	S	44	78	12	40	64	10	43	47	47	609	228	197	20	68	0	59	485	518	86	684	0	6	14	39	307	212	55	18	6	178	70	0	0	0	15	252	0	0	0	0	11	0	13	0	0	0	18	12	39	14	17	0	64	254	611	469	25	65	0	542	171	33	31	252	32	0	0	11	0	11	35	0	0	0	0	11	0	10	86	0	28	67	37	203	0	0
Corynebacterium minutissimum	38301	S	54	122	17	19	92	13	58	106	85	103	78	27	7	48	10	61	29	78	84	225	0	8	0	12	28	100	79	10	17	65	46	0	0	0	33	0	278	0	8	0	0	0	0	0	0	44	0	0	0	96	0	8	14	38	95	70	0	157	0	98	20	17	0	133	137	0	26	117	0	0	125	29	0	0	309	0	0	13	712	0	108	0	344	1080	6	14
Corynebacterium simulans	146827	S	39	281	229	17	16	0	46	47	35	0	0	0	0	34	6	0	14	5	17	28	0	8	16	0	7	13	13	43	15	11	17	78	112	0	18	0	0	0	0	13	0	0	0	9	0	0	1507	11	0	37	5005	19	319	10	14	0	0	34	29	0	0	783	4849	101	31	3186	8856	908	5	323	49	0	0	0	463	0	0	17	50	0	642	0	865	1548	12	0
Corynebacterium ihumii	1232427	S	82	300	22	169	88	21	124	38	76	46	13	15	0	10	327	0	49	103	867	83	0	0	0	0	45	38	127	0	0	65	137	0	700	0	168	0	528	0	0	0	18	0	0	16	0	0	16	0	0	45	290	0	45	9	163	81	0	200	0	0	47	0	0	48	20	0	0	0	0	29	0	0	0	0	0	0	0	13	0	0	137	47	0	0	0	10
Corynebacterium jeikeium	38289	S	32	0	26	13	0	9	55	57	107	46	39	22	11	18	34	23	117	52	12	38	6	61	0	0	27	40	84	26	13	44	0	43	0	21	98	621	0	0	8	0	9	0	0	12	0	69	0	0	0	115	94	7	48	27	83	44	0	2268	0	24	15	459	13	1761	39	0	0	74	0	0	0	14	0	0	0	0	0	30	1026	0	166	0	36	806	10	0
Corynebacterium durum	61592	S	22	46	60	29	36	25	0	111	178	60	16	0	27	180	35	341	109	0	26	0	5	94	19	0	0	0	117	61	22	48	128	28	431	14	184	346	28	10	25	5	25	9	51	60	46	135	86	69	44	568	282	30	39	9	88	10	0	79	6	0	27	226	63	484	438	9	25	59	20	122	149	31	0	0	7	8	6	56	25	11	171	124	98	227	15	87
Corynebacterium genitalium	38288	S	24	58	0	0	43	12	78	7	31	49	21	11	21	22	19	39	79	51	27	24	0	17	0	13	51	189	59	19	34	9	9	13	26	14	26	377	124	0	17	0	0	0	24	0	0	9	11	0	19	58	43	10	0	36	79	44	53	582	21	25	21	37	11	3114	43	0	0	104	0	16	0	6	9	0	0	0	0	10	3378	0	41	0	19	27	0	0
Corynebacterium glaucum	187491	S	24	28	7	0	0	0	19	16	7	0	0	0	19	7	24	19	0	7	36	0	0	72	0	0	8	97	12	0	5	0	21	21	28	5	35	94	31	24	0	0	0	0	8	0	9	0	0	0	11	0	906	0	0	0	5	0	0	1090	84	6	0	705	12	806	43	0	0	50	0	130	0	317	0	0	0	47	0	31	1786	0	237	88	95	3967	0	0
Corynebacterium urealyticum	43771	S	22	20	0	0	0	17	8	0	0	0	0	0	7	20	0	6	0	0	0	0	0	0	0	0	0	9	7	0	0	0	0	0	0	7	6	0	0	0	0	0	0	0	0	0	0	0	173	0	0	0	1891	11	8	0	18	0	0	101	0	0	0	581	1872	20	6	116	64	129	0	110	0	0	7	0	305	530	16	224	595	0	2963	12	12	0	0	7
Corynebacterium glucuronolyticum	39791	S	19	0	53	25	71	234	0	56	40	111	20	49	81	0	0	35	112	77	54	2259	0	60	6	14	54	11	160	7	0	36	35	142	61	45	33	245	146	40	20	37	0	0	27	35	18	185	8390	124	112	70	75486	22	18	87	308	80	0	133	17106	39	178	14937	111984	65	99	9129	8790	3015	13	1991	1273	615	247	151	13920	21937	1496	6830	25	60	94717	1941	61	366	56	532
Corynebacterium appendicis	163202	S	20	0	30	80	0	0	157	55	53	69	15	34	6	12	20	22	16	20	0	135	8	9	0	5	18	22	17	10	5	11	39	0	100	17	33	0	224	8	8	24	5	0	6	0	15	65	12	26	0	18	729	6	12	16	50	56	0	0	17	8	25	90	12	315	0	0	7	32	0	0	0	0	0	9	0	0	0	166	121	0	167	42	16	0	0	15
Corynebacterium lujinxingii	2763010	S	19	47	22	0	0	0	56	15	22	16	10	12	0	9	432	10	24	0	28	16	0	0	0	0	0	18	21	0	0	18	15	10	64	10	10	90	437	9	0	0	6	0	0	0	0	0	19	0	7	67	271	0	0	0	55	18	0	84	0	0	6	59	12	80	12	0	0	0	0	0	0	47	0	0	0	6	0	44	125	0	46	37	0	396	0	17
Corynebacterium coyleae	53374	S	16	0	0	0	0	0	176	99	8	0	12	0	131	7	32	13	23	0	0	0	7	0	0	7	0	34	24	0	0	0	44	8	0	0	25	61	257	0	0	0	9	0	0	0	6	0	0	0	0	0	722	0	8	0	99	0	0	1785	22	0	0	7308	14	132	44	0	0	167	0	0	0	1596	0	0	14	42	0	71	14	0	7472	14	13	687	22	0
Corynebacterium stationis	1705	S	13	0	6	18	0	8	21	11	6	0	0	0	8	19	0	0	5	0	31	0	0	0	0	0	0	0	0	9	0	0	25	16	12	0	11	0	0	0	14	7	0	0	0	5	0	0	196	0	0	0	1954	0	0	0	6	0	0	0	18	0	0	74	1348	46	0	175	497	73	0	43	0	0	0	0	204	345	29	554	10	0	1105	74	26	45	0	0
Corynebacterium macginleyi	38290	S	13	25	6	13	0	0	16	33	0	0	5	0	0	21	0	73	0	28	105	26	0	31	0	0	0	11	36	35	15	0	19	5	205	0	33	0	20	0	0	49	5	0	0	0	16	39	29	24	0	105	63	0	18	0	157	0	0	78	0	0	0	9	1347	76	160	0	9	59	0	0	0	10	0	0	155	7	0	16	870	0	0	64	871	486	8	0
Corynebacterium hadale	2026255	S	24	56	0	0	0	0	0	0	0	72	34	20	14	0	0	0	0	16	87	47	0	29	0	0	0	52	8	0	0	64	45	0	335	157	0	0	0	0	0	43	0	17	0	13	48	0	158	37	0	0	1665	0	0	13	115	39	112	0	243	116	21	31	22	1108	86	39	55	71	0	16	0	25	0	0	92	78	0	46	1309	0	901	8	0	936	10	0
Corynebacterium diphtheriae	1717	S	229	307	16826	0	0	280	659	572	994	1728	2681	298	15061	6	0	2293	1120	432	508	0	0	16343	154	0	259	633	370	8155	1088	65	1509	102	0	798	938	586	2074	2502	325	1396	302	4822	0	4248	212	453	13261	0	9	13	14883	0	1038	1006	288	939	0	7333	6202	0	535	35095	17402	8601	185	13224	25689	0	913	3192	0	10076	0	0	4737	311	2151	6850	4415	511	5882	1136	7128	1023	29	5172
Corynebacterium propinquum	43769	S	8	130	25	31	119	0	38	19	21	11	0	0	0	318	71	41	0	6	214	18	0	65	6	0	5	22	9	15	6	35	20	0	0	0	9	81	60	26	8	143	0	0	6	0	0	13	24	21	0	221	37	60	19	5	29	0	0	0	21	0	0	16	6	46	66	0	0	30	0	0	41	0	0	0	7	0	0	5	0	0	150	32	60	494	16	0
Corynebacterium fournieri	1852390	S	8	12	0	7	19	0	52	0	19	25	7	0	6	0	42	9	0	8	49	56	0	0	12	0	0	51	26	16	5	0	16	0	0	0	23	0	169	0	10	7	0	5	22	11	11	0	0	0	0	0	953	0	0	0	17	0	0	92	0	11	6	130	10	969	15	0	12	78	0	0	0	0	0	0	0	0	0	102	115	0	81	0	20	13	0	0
Corynebacterium gottingense	2041036	S	11	14	0	22	0	0	0	0	11	124	22	59	0	0	0	84	67	23	26	98	0	0	0	0	11	60	0	0	0	0	29	0	399	147	0	68	0	0	0	39	0	20	0	0	0	0	39	0	0	25	194	0	23	35	278	14	0	0	0	210	50	0	0	384	81	0	0	0	0	0	0	0	0	0	0	0	0	0	45	0	1374	26	21	87	0	35
Mycobacterium tuberculosis	1773	S	170	0	2695	0	0	1541	0	2602	1697	644	845	104	1528	223	231	708	788	187	0	386	1622	485	0	42	141	680	1574	1961	1036	0	2162	2881	231	1580	304	449	457	179	275	1036	2908	2120	124	834	125	1115	1200	0	0	0	6856	676	1168	903	258	578	523	2752	871	74	1322	21829	2262	3108	533	2576	463	421	244	1000	646	3138	124	75	826	713	2632	1768	7573	282	3978	5587	3053	4400	667	0
Lawsonella clevelandensis	1528099	S	196	198	147	142	106	419	139	1219	214	1073	133	28	47	663	144	2859	715	244	261	236	91	417	117	23	45	49	761	342	54	320	7573	226	97	231	1174	7862	318	141	153	100	114	101	260	275	150	500	10452	518	706	1427	9071	197	919	551	923	242	7	1768	22438	45	930	1790	126774	2981	8348	1041	15257	487	99	951	993	9602	340	27	25136	5046	282	5274	496	270	61141	4445	11004	361	96	319
Rhodococcus fascians	1828	S	81	179	106	104	92	16	304	103	41	77	23	9	14	104	178	94	181	45	125	0	33	0	50	0	26	16	199	0	11	51	185	42	346	0	226	281	26	25	43	67	24	5	47	22	57	0	59	0	80	146	147	25	41	10	92	51	0	0	0	22	0	9	0	131	86	0	15	18	0	22	6	0	0	0	0	25	0	75	8	6	844	225	40	0	25	55
Rhodococcus sp. PBTS 1	1653478	S	11	0	7	22	0	0	5	0	35	0	0	0	0	277	112	31	0	0	212	0	0	82	0	0	0	0	0	59	0	70	7	0	0	0	18	0	0	0	0	0	0	0	0	0	0	418	259	231	0	0	0	25	0	0	25	0	0	0	429	0	0	0	0	149	149	0	41	0	0	17	355	0	0	0	0	0	0	60	0	0	917	106	30	308	7	0
Streptomyces sp. T12	477697	S	184	270	265	0	0	75	155	380	20013	152	507	248	2300	1849	100	9705	674	887	517	1282	675	2115	823	76	408	323	4523	156	584	639	28823	3137	10066	3722	1500	3679	643	367	2265	116	257	47	1613	734	1744	345	1165	308	1199	347	917	870	742	105	1051	38629	129	270275	438	12866	1232	5687	1046	14736	8109	89	965	6451	3107	18987	451	33	189	108	136	95	110	2758	177	1401	1332	9169	3344	553	569	1129
Streptomyces sp. HUAS CX7	3062782	S	51	0	616	0	0	81	70	216	87	181	191	29	68	32	41	99	55	95	0	0	0	41	0	0	66	35	130	195	142	0	57	109	0	130	36	70	0	30	0	116	108	93	0	167	0	147	73	0	0	0	708	0	69	91	0	276	130	0	83	0	81	296	2088	189	76	196	0	21	19	87	0	129	0	0	63	101	274	225	70	12	932	189	80	53	65	0
Actinomyces sp. oral taxon 169	712116	S	18	120	0	0	59	14	54	0	41	18	0	0	0	161	50	74	0	0	114	0	0	101	20	27	0	0	170	33	0	32	138	61	503	29	214	484	0	11	47	141	0	0	22	0	26	95	257	0	91	710	127	0	0	0	88	0	0	0	33	0	34	0	0	194	199	0	0	26	48	277	52	120	0	33	0	89	0	168	42	32	241	36	73	24	0	88
Actinomyces sp. oral taxon 171	706438	S	8	82	0	26	0	0	0	15	33	0	12	0	0	90	64	13143	35	0	58	52	0	48	0	0	0	0	111	81	13	0	87	0	187	0	73	886	15	26	24	15	15	0	8	22	7	68	232	59	8	706	62	0	0	0	70	0	0	0	72	0	0	0	0	165	70	0	28	13	32	24	140	47	0	16	0	0	0	88	0	0	162	42	22	14	7	36
Actinomyces sp. HMT 175	2789425	S	11	0	75	0	31	0	0	54	63	0	0	27	0	235	42	93	0	0	114	0	0	260	50	0	0	0	201	23	0	58	87	0	461	0	133	1252	15	31	0	129	0	0	26	77	51	0	0	92	32	324	0	0	0	0	103	0	0	0	0	0	0	0	0	226	483	0	0	0	67	195	0	0	0	0	0	0	0	89	0	0	320	215	46	0	0	181
Actinomyces naeslundii	1655	S	20	55	27	17	69	6	37	57	82	13	13	7	83	322	63	88	32	0	155	74	0	129	24	0	0	0	217	39	14	7	93	12	343	22	154	596	46	27	50	108	6	0	12	21	29	0	30	123	71	2083	68	22	0	12	110	25	17	0	79	0	0	1173	18	212	264	0	26	10	27	533	62	0	20	0	0	35	0	303	0	52	1387	170	37	11	0	80
Actinomyces oris	544580	S	22	211	66	53	19	46	130	31	129	82	65	0	182	719	200	246	259	0	127	328	0	325	19	64	20	242	930	322	81	149	518	33	1535	52	539	2564	97	39	105	196	260	0	134	93	123	68	1043	271	116	4918	879	74	135	45	553	156	0	0	290	89	120	4163	113	1559	1272	0	131	249	177	1139	0	170	85	43	44	155	34	558	0	49	394	823	270	110	70	534
Actinomyces massiliensis	461393	S	13	65	17	48	0	21	0	17	48	14	16	0	14	111	0	131	26	38	195	30	0	44	0	0	0	22	269	202	0	0	126	0	152	6	131	837	17	7	15	127	0	0	17	15	10	25	34	12	10	599	27	0	12	0	46	28	0	0	52	17	6	80	0	183	103	0	9	11	27	146	0	0	0	8	0	0	0	86	18	0	365	85	38	5	0	72
Schaalia odontolytica	1660	S	56	130	30	61	35	11	125	37	102	70	19	20	23	111	6	248	149	27	189	205	0	120	39	9	22	40	235	14	21	51	210	285	252	25	154	157	36	34	140	73	28	0	34	30	61	16	261	0	29	151	269	45	82	9	121	31	6	0	77	0	24	17	13	283	221	12	0	21	112	119	22	42	9	7	29	68	0	190	34	19	350	231	318	33	36	325
Winkia neuii	33007	S	14	65	21	29	102	11	37	56	120	0	0	38	99	14	0	39	15	33	40	0	0	111	62	0	9	0	38	96	22	0	44	82	32	15	35	104	301	25	0	29	0	36	5	9	0	196	19699	57	54	226	160574	16	717	0	26	0	0	461	548	56	67	23707	8891	388	103	728	21813	329	10	5134	1036	47	0	239	29847	2441	34	816	9222	58	44640	45999	339	1945	124	566
Bifidobacterium longum	216816	S	41	14	4157	75	514	192	65	326	1607	677	353	49	3205	0	92	224	930	377	0	54	374	294	142	36	305	249	435	352	1522	18	75	389	0	151	601	81	50	172	74	105	200	3116	35	1316	0	274	10192	0	0	233	240	623	141	974	0	88	42	2225	635	68	139	22064	202	232	92	4738	91	40	730	1858	562	3232	623	49	4583	270	161	635	163	139	128	1158	229	329	127	0
Bifidobacterium adolescentis	1680	S	17	0	140	0	44	0	56	26	29	23	7	0	275	0	17	30	38	21	114	57	0	0	0	0	18	364	36	15	53	0	15	0	0	17	23	0	0	0	8	0	18	97	0	44	0	10	113	21	0	0	26	17	7	46	45	0	0	31	0	0	0	199	6	69	0	217	6	0	20	53	28	105	0	6	61	24	20	209	6	9	0	22	8	110	9	0
Gardnerella swidsinskii	2792979	S	29	0	980279	140	16	17	203	126	1264	26821	0	0	3714	0	0	594	5404	0	429	0	0	0	44802	0	110	5012	131	115	1590098	58	183	71	0	0	45	189	23	0	0	0	16	2419	0	9357	85	52125	650	56	75	770	0	226624	3621	54525	32	0	0	0	105	0	0	434	145	148	1794	3706090	9725	5898	664	144	292920	1491636	82	4267	267	473	0	0	61	870	3104	498	0	71	12	0
Gardnerella leopoldii	2792978	S	13	0	1014308	187	191	0	0	0	216333	415	0	0	58371	0	0	133	183854	0	0	0	31	0	1035	0	0	101	0	0	50683	0	0	0	34	0	0	0	0	0	0	0	52	1295	0	599378	78	5326	105	0	0	0	0	26991	296	1995	0	0	0	34	13810	0	0	993	0	0	242	54269	253	183	107060	153	8549	242410	0	92	32	127	0	160	0	158	0	25174	0	0	0	0
Gardnerella vaginalis	2702	S	6	0	1887719	11	19	0	62	44	132498	71090	0	0	5555250	481	34	5594	655626	3399	0	90	46	76	19092	73	4132	1015	6646	0	804935	976	108	39	482	163	81	522	16	42	49	0	61	3871980	630	253159	30	29174	5413	0	48	1086	30	93017	29	62937	302	2192	0	752	1977	85	0	16714	317	801	310	2550483	21650	6079	950200	225781	93818	1069409	60	2369	180	230	98	73	13	29	919	659	384	0	112	1085
Blastococcus sp. PRF04-17	2933797	S	21	0	0	0	0	0	47	108	48	0	0	0	0	45	0	122	0	0	121	0	24	39	18	0	0	0	0	0	36	20	19	267	19	0	0	60	0	0	0	0	0	0	27	0	0	0	0	0	0	0	140	0	0	0	50	0	0	0	0	0	0	0	0	340	243	0	0	12	0	25	0	0	0	0	0	0	86	228	33	0	0	359	0	0	28	11
Blastococcus saxobsidens	138336	S	15	0	0	6	0	0	34	173	60	0	0	0	0	45	50	33	9	23	81	0	25	111	0	0	0	6	81	0	10	41	103	188	175	0	0	30	0	0	0	0	0	0	0	0	0	0	56	53	47	18	0	48	0	0	95	0	0	0	24	0	37	0	0	405	153	8	0	0	34	0	41	0	0	0	0	15	582	275	0	0	0	644	0	0	61	0
Thermomonospora amylolytica	1411117	S	5	0	0	0	0	11	0	33	20	0	8	0	0	16	0	50	11	12	0	0	0	0	0	0	15	0	9	11	0	8	26	0	0	0	35	0	0	9	0	0	0	0	0	0	0	8	54	25	33	0	133	0	49	6	28	22	0	0	83	0	8	20	454	32	239	16	58	0	0	0	0	59	0	0	69	28	0	55	0	0	380	34	52	28	0	0
Nakamurella multipartita	53461	S	24	7	0	8	14	0	25	165	45	0	0	11	0	45	0	55	0	9	53	0	0	58	0	0	12	0	61	0	0	0	0	169	0	0	14	168	0	0	5	0	0	0	0	0	0	0	331	0	0	16	15	13	9	0	32	0	0	217	0	0	19	2247	0	64	30	0	0	0	0	68	0	26	0	0	98	73	0	37	0	0	0	119	0	23	0	15
Arabiibacter massiliensis	1870985	S	32	0	0	0	79	0	0	33	0	36	0	0	0	0	0	0	0	9	0	0	0	0	0	0	10	0	23	0	218	0	0	12	0	0	0	0	0	0	0	0	0	0	0	0	0	0	62	0	0	0	28	0	0	104	11	0	0	421	0	0	0	79	107	0	0	9434	24	0	0	78	0	1804	0	0	44	158	0	172	0	10	0	0	22	0	0	0
Eggerthella lenta	84112	S	28	0	45	0	0	32	0	38	33	22	0	0	34	0	6	0	48	40	19	30	35	25	0	0	23	45	43	84	96	0	0	128	0	29	0	13	7	0	0	16	23	367	0	25	0	0	64	0	0	0	36	0	15	56	0	40	0	17	16	0	7	293	21	77	0	536	22	0	0	121	0	57	0	0	11	35	92	19	14	32	112	62	16	106	14	0
Collinsella aerofaciens	74426	S	21	8	18	15	0	0	94	95	45	0	0	0	0	0	7	0	0	15	81	13	0	0	0	11	0	239	161	0	25	0	0	0	0	36	21	262	28	0	0	46	0	0	0	0	0	0	42	22	0	135	58	0	0	0	0	0	0	25	49	0	0	15	0	36	70	1443	0	14	0	24	15	187	0	0	0	0	0	138	0	0	398	69	30	64	22	0
Iamia majanohamensis	467976	S	12	128	64	19	0	0	0	374	107	0	0	0	0	0	0	27	0	0	66	0	0	31	0	0	0	0	0	0	0	0	6	31	26	0	0	0	0	0	0	0	0	0	0	0	0	0	22	0	0	20	0	0	0	0	0	0	0	0	11	0	0	0	0	0	38	0	0	0	0	27	20	0	0	0	0	0	0	0	13	0	132	109	17	32	0	0
Aquihabitans sp. G128	2849779	S	5	60	231	12	0	0	11	168	68	0	0	0	0	17	0	38	112	0	0	0	0	94	0	8	0	0	24	36	0	0	18	22	69	0	55	151	0	29	22	0	23	0	0	0	0	0	88	0	8	0	0	22	26	7	0	0	0	7	0	14	14	0	14	71	157	0	16	0	0	21	18	0	0	0	17	117	0	56	0	0	10	1072	33	13	19	12
Deinococcus geothermalis	68909	S	3286	63	15	17	47	40	87	40	370	246	421	149	41	13	0	267	140	78	18	0	122	2042	0	431	86	343	148	0	0	0	242	159	0	150	70	364	0	181	0	44	0	0	0	0	95	0	94	55	0	0	136	264	309	0	97	23	27	0	0	196	449	0	203	849	2984	0	0	0	0	424	0	0	22	0	0	0	2085	1247	0	86	0	9154	862	0	0	0
Mycoplasma mycoides	2102	S	44	97	24	107	25	0	198	153	59	55	63	26	0	53	46	0	0	111	0	23	5	0	20	0	27	0	5	0	9	18	155	0	24	0	198	400	32	28	66	200	18	0	177	189	12	0	10	29	110	86	153	55	59	0	99	212	0	0	75	0	0	6	0	18	18	0	0	0	0	8	9	0	9	0	0	0	0	48	0	11	25	25	84	7	32	51
Mycoplasma capricolum	2095	S	14	0	126	0	0	61	11	86	177	194	165	31	27	0	36	51	36	13	0	0	2413	52	0	36	17	18	91	162	28	0	43	54	57	113	7	0	0	128	12	119	158	49	0	0	12	27	63	0	0	47	195	0	18	109	0	51	288	665	35	12	46	2758	137	154	0	20	33	0	0	100	15	24	0	0	69	47	219	127	81	21	113	157	29	116	105	0
Mycoplasmopsis felis	33923	S	18	0	72	0	0	179	9	65	57	101	176	13	0	0	16	29	7	9	0	7	30	36	6	15	8	11	44	105	16	0	99	22	11	51	35	26	30	85	36	110	75	81	8	0	7	23	23	0	0	0	291	0	101	12	0	28	98	7	27	0	161	90	61	41	54	0	9	0	0	82	0	0	0	7	7	20	192	112	180	18	362	342	166	49	8	24
Xianfuyuplasma coldseepsis	2782163	S	47	0	74	0	0	124	0	95	275	180	96	27	54	0	161	48	61	55	0	14	162	26	0	34	47	39	83	131	16	0	121	16	38	80	52	10	21	50	23	256	174	28	5	11	15	16	47	12	0	0	240	0	33	180	0	123	28	0	41	65	40	268	72	49	6	0	15	0	0	101	0	40	28	12	41	57	120	92	96	21	202	95	66	64	207	11
Mycoplasmoides fastidiosum	92758	S	5	0	32	0	0	80	0	34	47	27	38	0	0	0	0	0	11	33	0	0	24	0	0	10	23	0	66	162	0	0	24	0	0	68	26	11	0	0	0	28	74	0	0	0	0	0	0	0	0	0	68	0	17	14	0	56	0	0	64	0	44	101	117	18	0	0	5	0	0	72	0	8	0	0	0	14	90	59	47	0	71	15	43	92	15	0
Crinalium epipsammum	241425	S	10	0	90	0	0	110	10	67	93	80	87	15	0	24	18	29	21	71	0	12	33	23	6	18	15	19	58	95	0	0	99	16	57	69	33	37	13	53	32	42	67	62	0	23	35	23	0	0	0	0	182	9	70	23	0	82	49	0	35	0	41	0	88	24	54	0	0	0	0	40	0	0	0	11	0	79	185	100	55	33	314	238	69	29	20	15
Planktothrix agardhii	1160	S	61	0	201	0	0	87	0	348	711	0	105	0	37	0	1148	256	604	0	0	45	124	0	0	0	39	68	341	519	0	0	195	0	0	176	0	241	0	291	337	89	543	43	0	0	0	152	0	0	0	0	285	0	388	151	0	167	31	390	140	0	156	1927	304	496	0	0	126	36	0	592	0	0	0	0	165	809	286	422	154	66	2376	1068	97	229	193	0
Gloeocapsa sp. PCC 7428	1173026	S	13	0	0	0	12	6	0	0	66	21	0	0	0	58	211	96	10	18	20	0	0	191	0	0	0	5	0	39	7	0	68	23	94	0	313	0	0	278	56	0	12	0	19	11	0	0	0	0	0	218	88	11	8	0	14	0	0	0	0	0	6	37	0	40	46	0	0	0	0	20	0	0	0	11	8	386	0	30	0	0	529	426	0	20	0	6
Escherichia coli	562	S	22640	362763	24800	161583	228524	13963	173840	100858	39630	8767	6657	1858	658	26665	5464	10949	4882	13785	10261	15501	2869	20939	2379	1528	4051	2628	7529	3703	1462	9407	62375	1585	18998	1519	56977	60596	2517	3980	20027	11917	3267	1837	30257	24483	7050	1843	9641	1625	96402	24865	62322	22006	23889	2557	41147	36722	1357	2297	8479	2070	1604	11661	6655	10144	20543	3205	3944	976	1325	11682	4636	825	2122	152	17084	824	722	73590	364	678	50335	50140	78015	2588	2244	31706
Klebsiella pneumoniae	573	S	935	1979	2415	1162	1334	1706	8096	4007	24703	385	1849	285	1395	4309	161	8789	1449	1003	842	8747	1221	15928	1656	139	185	516	4254	794	853	1502	56601	1956	12734	2330	3585	14738	605	892	2635	1121	685	234	3806	2396	1223	205	2218	1142	2994	2032	1930	1633	1923	289	1742	32095	164	176833	1576	6452	2571	6147	3795	8526	13367	1510	1138	8857	2739	14137	1105	590	2199	170	2360	1926	884	9115	1009	1790	5299	10770	8242	1546	555	2138
Enterobacter kobei	208224	S	150	0	0	0	0	0	170	107	0	0	34	0	0	80	205	0	0	81	0	0	0	0	0	0	0	0	0	0	0	0	0	0	0	0	0	0	0	0	0	0	0	0	0	0	0	0	0	0	71	0	0	36	0	0	0	0	0	0	0	0	0	0	0	0	0	0	0	0	0	36	0	18	0	0	58	0	0	0	0	0	0	167	69	0	0	0
Enterobacter asburiae	61645	S	46	304	84	508	204	118	106	791	240	117	93	40	22	201	97	217	49	68	726	34	135	430	0	63	81	26	125	124	74	22	111	22	216	111	70	434	149	207	64	491	190	21	0	20	46	103	576	0	70	409	172	28	46	83	45	95	24	62	173	16	94	1025	131	262	104	38	42	77	36	243	30	24	21	14	173	50	93	117	63	0	1240	225	91	171	193	0
Enterobacter ludwigii	299767	S	20	0	47	0	0	74	128	82	41	18	52	0	0	80	0	15	39	25	326	86	15	133	0	0	0	30	27	15	18	104	56	19	34	13	31	0	0	21	0	0	0	0	0	0	29	0	80	0	35	390	36	36	31	0	0	258	0	193	0	11	31	79	72	63	102	23	15	0	0	95	170	10	0	0	119	18	25	103	0	0	90	175	97	46	17	48
Enterobacter bugandensis	881260	S	31	46	76	0	0	129	0	199	189	36	52	19	27	15	25	45	30	23	0	65	748	133	0	12	13	45	114	34	19	0	72	30	89	100	42	73	0	21	17	64	138	47	0	0	0	84	51	0	12	55	87	18	51	58	0	25	166	278	71	18	97	2948	83	84	75	15	35	11	11	92	0	44	24	7	44	56	102	99	59	36	145	145	79	46	79	0
Salmonella enterica	28901	S	24434	1970	24240	0	1884	23160	28096	57112	41135	16902	22786	4670	7701	13125	3782	21397	15287	6992	2382	32534	26508	61431	208	8282	5608	5161	21105	11695	7394	4724	31836	8096	8022	16323	24716	15074	3271	8913	1962	9665	22242	6888	6027	6584	4554	6059	11723	3763	6627	52621	25082	22217	20432	9682	708	26501	4805	15915	8388	4345	18854	113901	34061	21543	25178	9124	10895	3093	1654	54139	9506	4793	2798	1063	30539	9723	13971	55036	5321	1340	35302	32697	59448	19751	17159	10622
Salmonella bongori	54736	S	11479	0	18312	0	0	12136	0	45295	72809	4871	21968	3166	6023	0	11319	5302	7584	7124	0	0	29721	0	0	3383	3945	0	10373	10376	5555	0	6950	0	0	12186	6294	0	7246	4117	3822	27259	35817	6124	0	0	4202	5578	0	0	0	0	11298	0	4686	25409	0	18065	0	0	6111	0	11876	114659	9453	12266	0	0	0	0	0	15274	0	0	0	1924	15803	4088	11942	9262	7670	0	6843	9352	9323	11276	33834	0
Shigella flexneri	623	S	3925	118427	3844	47598	53722	2834	73829	19131	4696	1413	659	300	95	1182	161	737	3808	736	0	774	855	398	0	0	345	117	1395	411	235	0	1083	203	585	491	2002	4939	145	252	477	441	1050	91	0	0	565	0	259	0	2592	674	2044	1378	1388	508	3134	1710	165	240	1563	111	378	3247	497	768	279	0	167	0	0	3004	299	116	210	47	990	150	367	752	228	104	778	715	2429	186	436	771
Shigella boydii	621	S	92	1103	0	828	546	0	747	281	42	0	0	0	0	0	0	0	87	0	0	0	0	0	0	0	0	0	0	0	0	0	176	0	0	0	184	903	0	0	0	0	0	0	0	0	0	0	0	0	449	0	0	0	0	0	366	0	0	0	0	0	0	0	0	0	0	0	0	0	0	0	0	0	0	0	55	0	0	0	0	0	0	0	0	0	0	0
Citrobacter freundii	546	S	29	359	39	210	254	0	220	303	44	13	38	0	0	90	0	0	0	0	0	0	12	0	0	0	0	0	0	0	0	0	54	38	987	0	139	2561	0	0	13	0	16	0	27	43	0	0	0	86	66	35	75	26	43	0	0	35	0	0	0	0	0	0	0	28	88	0	0	0	106	0	0	0	20	0	0	13	0	174	0	31	81	82	142	0	0	0
Citrobacter sp. S171	2971264	S	20	0	39	0	0	38	0	56	126	15	28	13	22	0	10	67	38	15	0	10	54	38	0	9	13	9	50	24	14	0	26	5	0	64	7	6	7	12	10	25	49	16	0	0	8	5	14	0	0	7	57	15	16	85	0	24	0	30	12	0	13	145	26	31	12	0	0	22	0	76	0	12	0	0	42	26	33	51	11	8	17	54	25	17	87	0
Pantoea vagans	470934	S	2057	20105	944	5492	9063	762	12590	7507	2256	0	0	0	0	16	0	0	0	0	0	0	27	0	0	0	0	0	0	0	0	0	0	0	0	0	120	0	0	0	0	0	0	0	0	0	0	0	0	0	0	294	0	486	826	0	0	0	57	27	0	0	0	0	0	0	0	0	0	0	0	0	0	0	0	0	0	0	0	417	0	0	0	0	177	0	0	10
Pantoea agglomerans	549	S	718	5064	310	1543	2784	218	4491	2933	652	10	19	0	0	95	0	47	37	27	38	114	0	18	6	0	20	0	40	25	0	90	122	20	56	0	3908	334	25	13	58	133	0	7	45	18	30	0	40	35	137	519	163	204	242	0	31	16	105	0	134	0	0	33	0	40	111	0	7	11	28	52	0	0	14	9	0	27	0	1168	0	15	140	112	906	26	0	7
Pantoea sp. Lij88	3028622	S	225	2899	99	776	938	94	2626	1031	315	0	0	0	0	0	0	0	0	0	0	0	0	0	0	0	0	0	0	0	0	0	0	0	0	0	0	0	0	0	0	0	0	0	0	0	0	0	0	0	0	0	0	77	129	0	0	0	0	0	0	0	0	0	0	0	0	0	0	0	0	0	0	0	0	0	0	0	0	0	0	0	0	0	0	0	0	0
Pantoea sp. SM3640	2787629	S	297	2832	108	208	1077	64	1712	1611	345	0	0	0	0	0	0	0	0	0	0	0	0	0	0	0	0	0	0	0	0	0	0	0	0	0	0	0	0	0	0	0	0	0	0	0	0	0	0	0	0	0	0	90	86	0	12	0	0	0	0	0	0	0	0	0	0	0	0	0	0	0	0	0	0	0	0	0	0	0	0	0	0	0	0	0	0	0
Pantoea anthophila	470931	S	101	641	51	194	496	11	527	186	99	0	0	0	0	0	0	0	0	0	33	0	0	0	0	0	0	0	0	0	0	0	0	0	0	0	0	0	0	0	0	0	0	0	0	0	0	0	0	0	0	0	0	37	19	0	0	0	0	0	0	0	0	0	0	0	0	0	0	0	0	0	32	0	0	0	0	0	0	0	0	0	0	0	32	0	0	0
Pantoea alfalfae	3074822	S	519	5718	117	1223	2255	108	2089	2210	570	0	0	0	0	0	0	0	0	0	0	0	0	0	0	0	0	0	0	0	0	0	0	0	0	0	0	0	0	0	0	0	0	0	0	0	0	0	0	0	0	0	0	88	219	0	0	0	0	0	0	0	0	0	0	0	0	0	0	0	0	0	0	0	0	0	0	0	0	0	0	0	0	0	0	0	0	0
Pantoea piersonii	2364647	S	64	590	17	198	207	5	283	273	96	0	0	0	0	0	17	0	0	0	0	0	0	0	0	5	0	0	0	0	0	0	25	0	0	0	27	0	0	0	0	0	0	0	0	0	0	0	0	0	0	155	58	19	25	0	0	0	0	0	0	0	0	0	0	0	9	0	0	0	0	0	0	0	0	0	0	0	0	197	0	0	0	0	0	0	0	0
Serratia marcescens	615	S	4169	658	1349	353	178	77	692	238	352	162	80	79	51	3146	225	1404	461	184	653	57	0	467	257	85	61	11	235	48	169	608	3924	779	18647	85	8864	7467	338	153	1619	4494	681	108	6600	5497	1950	56	67	242	2794	1923	6196	31	91	0	1136	1123	583	0	102	272	46	45	42	554	2026	13	88	967	74	322	181	33	1912	2736	27	40	138	4026	0	165	627	2385	4771	60	238	2804
Serratia grimesii	82995	S	301	6408	239	2426	2712	235	1823	1992	644	357	466	232	56	249	0	615	159	422	12	202	357	402	265	101	361	130	82	5	30	120	298	78	650	62	296	4591	1618	1166	96	1120	326	69	441	43	105	19	0	7	637	4757	1217	250	348	84	574	341	447	407	0	17	221	335	63	160	118	0	256	103	287	257	59	54	139	48	179	201	124	170	131	118	0	1433	178	0	1062	177
Serratia sp. CMO1	2785630	S	98	0	105	0	0	91	0	160	351	0	94	0	21	49	63	202	69	114	0	199	122	112	0	64	87	28	160	62	54	0	79	35	0	101	0	59	0	44	0	78	71	0	0	0	0	0	85	0	0	64	64	36	145	55	0	45	0	46	42	0	87	432	108	349	86	0	75	0	0	245	39	0	59	56	178	63	105	167	40	0	139	178	79	125	121	37
Moraxella osloensis	34062	S	4752	15607	3206	6371	8539	991	34421	13039	12143	6402	42678	5517	958	2872	1814	7777	1100	3610	12714	105831	5598	76166	639	345	896	625	4165	7485	465	4444	2790	1575	4381	1391	2503	9313	2408	2108	554	3698	3876	136	2017	280	532	4661	3013	969	2300	20662	4813	4826	2537	3480	2660	4999	332	588	2283	1455	1661	6181	20882	10499	55446	283	5816	17804	710	3819	3347	660	472	172	477	454	866	6116	868	604	9383	3613	1630	2440	1092	1143
Moraxella nonliquefaciens	478	S	107	314	87	76	241	42	205	302	274	73	115	0	0	251	22	766	123	86	26	1357	442	160	302	0	0	83	63	0	37	99	365	69	718	46	391	1149	30	0	122	30	142	9	243	29	56	0	170	24	57	525	208	200	182	0	122	0	0	0	107	0	105	57	0	297	587	0	91	41	125	57	38	0	27	50	0	47	60	500	21	100	0	226	119	197	94	203
Acinetobacter johnsonii	40214	S	1273	4062	438	1742	1886	254	7053	2095	6393	3990	977	152	52	2292	138	1116	303	611	923	6344	78	9534	236	62	112	493	374	511	277	818	1999	465	4688	49	1143	8243	390	213	247	530	111	30	270	111	103	272	113	225	468	2330	2940	614	382	36	902	526	60	340	1063	194	200	884	1662	499	2366	18	83	201	138	101	444	26	125	45	91	71	102	1156	129	112	726	1483	826	484	157	305
Acinetobacter pittii	48296	S	550	155	608	129	142	639	73	914	2551	832	699	180	225	265	254	256	318	321	209	1883	712	3991	12	270	429	394	733	194	72	53	2398	160	251	523	580	213	341	277	225	823	2695	697	110	103	294	186	88	38	217	447	4649	71	232	1091	58	300	18	11	110	51	276	379	1443	630	2272	53	76	46	24	508	153	104	112	53	211	415	472	3629	125	103	448	520	4240	194	2499	223
Acinetobacter baumannii	470	S	985	1403	563	881	2273	480	3144	6887	16810	554	417	116	426	3006	603	9676	647	426	1810	19530	2549	110766	350	238	235	601	3713	601	419	4173	43275	3366	35324	1475	1470	2157	474	849	973	369	1670	173	1013	317	832	883	1742	983	1991	1955	13097	1319	1296	311	893	2378	463	18737	296	1027	2450	1767	8154	8093	11846	114	573	2131	2791	8576	1173	152	489	178	634	269	295	9593	266	596	2685	6109	28650	1650	244	917
Acinetobacter lwoffii	28090	S	549	1659	213	1006	1254	70	1225	679	916	786	52	15	20	789	273	441	781	162	349	224	18	1525	26	16	61	602	92	45	28	171	7964	520	3013	16	1514	2223	162	149	127	274	78	36	435	130	209	40	81	94	795	925	1849	243	146	31	345	1707	13	8	921	185	285	22	1468	89	166	0	109	84	46	48	608	0	56	38	12	19	8	386	9	43	1056	82	864	43	61	437
Acinetobacter sp. KCTC 92772	3045147	S	69	499	29	101	85	19	142	129	36	13	11	0	0	52	9	41	0	0	0	41	0	40	0	0	0	0	29	7	8	18	31	12	868	0	0	332	0	0	0	22	0	0	0	0	0	28	0	27	11	16	10	6	22	5	22	5	0	0	311	0	0	94	14	0	231	0	15	0	12	0	0	0	0	0	0	0	0	0	0	21	0	39	0	0	14	10
Acinetobacter sp. SCLZS86	2908637	S	44	170	9	226	124	7	63	117	764	11	0	0	0	67	0	13	0	14	16	0	161	142	8	0	12	25	31	0	0	0	24	42	242	13	44	179	0	0	9	0	0	0	0	0	0	0	0	0	0	86	73	101	23	23	33	0	0	0	0	0	0	108	1094	15	95	0	9	91	0	0	0	0	0	0	0	0	16	0	0	0	0	93	67	21	0	0
Acinetobacter sp. NEB149	2725684	S	46	162	0	62	81	0	212	0	133	83	0	0	0	211	43	0	96	134	0	0	0	515	0	0	0	133	0	0	0	0	113	0	1001	0	0	659	0	0	0	0	15	0	22	0	0	0	0	0	0	69	99	63	0	0	86	72	0	0	0	0	0	0	468	36	70	0	0	0	0	0	141	0	0	0	0	0	0	0	0	0	0	0	0	0	0	0
Acinetobacter sp. WY4	2708348	S	20	0	0	0	378	0	32	0	0	33	0	0	0	32	0	29	93	0	74	0	0	0	13	0	0	45	0	0	0	0	592	26	0	0	70	0	89	0	0	114	0	0	0	0	0	0	0	75	106	0	721	0	0	12	37	76	0	0	0	0	0	0	0	0	0	0	20	0	0	0	0	0	0	0	0	0	0	0	0	0	0	0	0	0	0	0
Acinetobacter sp. NEB 394	2743575	S	15	235	14	172	126	35	683	105	134	41	21	0	0	47	0	0	0	42	47	1126	0	785	0	10	21	32	0	0	0	0	224	0	516	0	54	166	27	0	16	88	0	0	23	0	0	41	55	0	0	0	571	45	23	0	18	48	0	0	30	0	70	0	0	0	93	0	20	0	13	0	0	0	0	0	0	0	0	100	0	0	0	0	209	0	0	32
Acinetobacter towneri	202956	S	137	534	11	79	409	19	222	145	682	107	51	10	0	250	20	0	23	21	0	200	134	831	0	10	12	48	85	11	0	76	191	123	0	24	37	242	40	0	0	110	23	0	50	0	24	0	0	0	39	38	67	142	12	35	87	86	0	0	14	11	16	109	2006	56	385	0	15	70	0	50	28	0	0	0	0	0	10	0	0	22	0	156	127	43	24	0
Acinetobacter ursingii	108980	S	135	838	30	550	919	151	607	607	460	108	48	15	0	320	117	115	93	123	169	4430	18	539	33	0	35	50	73	17	39	1108	144	48	450	8	92	216	0	19	22	332	0	15	41	0	24	0	30	37	0	275	186	166	86	0	185	73	10	0	103	11	0	12	106	44	1316	0	10	13	40	61	181	16	21	0	0	11	15	40	0	10	706	58	270	0	0	0
Acinetobacter junii	40215	S	52	372	11	67	79	0	0	178	94	67	0	11	0	125	32	112	26	0	38	0	25	94	0	0	0	0	18	0	0	58	100	23	939	0	64	540	31	48	21	15	0	0	18	0	0	0	0	0	22	279	45	60	58	0	102	18	0	0	496	0	46	28	0	36	233	0	17	68	0	0	0	0	0	0	0	0	0	0	0	0	567	113	55	33	0	16
Acinetobacter schindleri	108981	S	35	0	17	47	124	0	39	111	125	126	27	30	6	19	215	50	28	42	75	32	0	0	0	10	17	58	12	46	0	52	22059	13	164	0	1067	235	44	130	186	151	238	82	674	203	214	18	42	119	299	1803	2236	13	14	21	1011	87	0	0	584	27	63	17	0	40	33	0	13	30	13	0	333	0	0	0	0	0	0	847	0	9	721	70	19402	49	79	508
Acinetobacter radioresistens	40216	S	24	24	223	16	85	0	153	311	69	8	0	0	7	1470	16	35	0	79	5	996	0	9	0	0	0	5	21	5	0	37	80	42	0	9	30	0	0	0	0	12	7	79	9	0	6	0	51	0	8	70	0	0	13	0	5	53	0	0	16	59	0	7	0	58	46	0	0	7	0	0	0	0	0	0	0	0	0	18	0	0	155	0	10	52	0	0
Acinetobacter variabilis	70346	S	41	0	8	0	127	0	22	28	32	11	0	0	0	55	0	104	0	36	0	0	0	348	18	0	7	0	39	0	10	35	391	19	73	0	25	0	0	0	0	0	0	0	0	0	0	0	0	0	0	51	167	0	0	0	88	18	0	0	0	0	0	0	161	49	339	0	23	74	0	16	0	0	0	0	0	0	0	0	0	0	121	18	137	0	0	0
Psychrobacter sp. van23A	3064892	S	36	13	0	39	83	0	200	37	50	72	14	175	0	262	0	1478	0	31	30	0	0	33	0	0	0	0	0	0	0	0	0	370	0	0	19	144	0	0	0	22	0	0	26	0	23	136	0	44	0	93	0	12	0	13	656	0	0	78	0	0	88	32	0	85	23	0	20	0	10	77	0	0	0	0	185	0	0	41	0	29	184	20	0	0	0	268
Pseudomonas sp. J380	2605424	S	262	2238	144	786	1163	87	1487	887	196	59	33	19	0	0	0	0	13	0	145	0	0	0	0	0	0	9	0	0	0	0	25	21	226	0	48	32	0	0	0	32	9	0	90	28	41	0	0	0	28	137	20	0	14	9	32	29	0	0	0	0	0	0	0	0	98	0	0	0	0	41	0	0	0	0	7	0	0	16	0	0	156	20	66	0	0	22
Pseudomonas sp. CBS	2971912	S	23	310	23	230	263	0	65	92	47	28	14	12	0	35	7	32	7	7	17	30	11	0	0	0	20	0	0	0	0	0	0	19	770	6	12	144	53	115	0	29	5	0	0	0	0	0	0	0	58	301	61	0	26	7	34	13	93	0	0	0	0	10	0	0	8	0	36	0	7	0	0	0	0	0	21	0	0	0	0	0	0	67	14	0	56	11
Pseudomonas sp. MPDS	2762896	S	48	0	86	111	0	135	0	134	170	254	305	45	73	0	45	0	140	47	0	38	34	0	0	78	204	59	38	25	0	0	111	0	0	116	15	0	0	0	0	116	104	35	0	0	0	59	0	0	183	35	96	0	89	90	0	85	0	0	27	0	398	132	0	27	0	0	0	0	0	120	0	0	51	0	18	20	43	197	30	0	609	47	54	0	438	0
Pseudomonas sp. BIOMIG1BAC	1758730	S	22	0	0	17	0	0	0	0	0	0	0	0	0	0	76	0	174	9	0	0	0	0	0	0	0	32	0	0	0	0	0	309	10125	0	0	81	23	62	0	70	0	0	0	0	0	0	0	76	35	106	0	0	0	0	0	214	0	0	59	0	0	0	0	0	0	0	0	0	0	0	0	0	54	0	0	0	0	0	0	0	69	0	0	66	14	0
Pseudomonas aeruginosa	287	S	1229	3274	538	925	1035	304	1121	815	1253	330	205	104	154	725	114	1763	168	178	250	1741	510	5328	0	118	160	102	2370	869	83	1217	2568	2379	5537	1121	211	3440	21	289	75	309	282	61	65	32	143	136	1772	0	43	791	4297	378	180	1203	286	150	0	520	864	33	312	720	4596	9816	1481	3375	283	4030	77	764	1168	60	107	191	254	581	240	25643	62	146	1297	1991	962	574	565	270
Pseudomonas alcaligenes	43263	S	29	225	0	47	114	0	201	156	56	9	40	0	20	29	16	9	0	0	104	89	0	0	0	0	0	0	6	10	0	11	72	8	63	0	57	42	18	32	14	8	0	0	7	11	0	0	0	0	48	189	49	16	0	0	0	18	0	0	0	0	0	0	0	30	0	0	33	0	0	0	0	0	0	0	0	0	0	0	0	0	164	0	18	11	0	7
Pseudomonas oleovorans	301	S	26	358	144	166	336	43	317	182	230	126	32	15	52	162	18	126	22	17	0	0	0	48	0	0	20	44	101	0	0	0	301	72	143	0	173	387	0	0	128	107	33	27	162	70	30	61	67	0	104	39	97	40	97	0	493	0	92	41	65	17	245	16	275	60	228	0	0	46	28	55	0	0	36	77	0	0	0	184	0	23	0	312	24	0	25	33
Pseudomonas yamanorum	515393	S	279	5569	199	2464	2902	186	1655	1820	558	375	462	202	26	326	24	850	180	385	0	249	281	519	198	91	516	113	26	0	8	131	268	80	1630	61	320	5380	1178	1787	129	1172	204	95	613	39	77	6	0	0	808	5831	1057	244	413	52	568	256	681	228	0	19	357	226	76	104	146	10	139	154	258	405	0	97	149	67	121	94	137	163	164	153	0	1226	215	0	769	129
Pseudomonas oryzihabitans	47885	S	152	211	15	102	116	6	263	55	31	9	0	0	0	30	19	34	12	0	123	0	0	0	0	0	0	0	0	11	0	0	10	6	108	0	11	219	7	15	0	20	9	0	13	0	7	0	0	15	39	74	0	0	0	0	13	0	14	13	109	0	0	0	0	0	0	0	0	0	6	227	6	0	0	0	0	0	0	20	0	15	354	49	7	19	15	0
Pseudomonas putida	303	S	93	573	90	326	213	60	304	152	297	162	54	45	120	266	308	174	112	47	1631	46	16	225	37	0	22	0	29	153	0	33	403	134	2844	76	151	1552	276	671	109	631	57	0	133	35	78	427	607	1224	301	2048	476	36	77	8	108	33	0	0	823	0	40	0	274	82	158	0	34	26	57	58	727	13	20	0	0	0	22	2441	9	12	4478	2324	219	379	304	116
Pseudomonas psychrotolerans	237610	S	128	127	24	44	129	0	146	89	30	0	0	0	0	17	0	34	0	8	122	91	0	0	0	16	18	0	0	10	0	0	41	12	5	0	20	198	14	109	6	0	0	0	0	8	0	0	0	16	0	61	0	0	0	7	28	0	19	0	0	0	0	0	0	22	106	0	0	0	0	34	21	0	0	0	0	0	0	81	7	0	107	0	0	10	0	16
Pseudomonas fluorescens	294	S	40	304	0	19	33	25	208	62	55	19	12	6	13	16	367	42	182	22	0	0	35	21	0	0	26	0	12	11	0	8	51	642	18721	8	20	57	75	55	0	18	12	0	0	16	22	0	36	37	18	195	17	9	27	8	89	219	0	0	36	39	0	47	0	28	19	0	0	0	0	14	0	0	20	15	12	11	6	44	6	0	182	21	11	0	57	0
Pseudomonas brenneri	129817	S	8	100	27	62	103	43	65	62	54	19	0	9	115	70	8122	68	5594	652	465	30	0	0	0	0	22	0	78	206	8	52	75	17166	544788	7	136	88	1311	262	27	702	19	0	61	17	19	77	44	371	50	3175	29	10	352	24	256	9032	0	0	255	653	11	0	0	7	93	0	0	0	0	0	237	0	298	71	7	6	6	69	0	0	1676	33	33	108	52	34
Pseudomonas fragi	296	S	32	216	21	18	112	23	0	78	39	0	24	0	0	183	12	99	8	11	100	6	0	7	7	0	0	0	27	0	9	21	69	17	677	11	78	110	36	0	25	0	12	0	0	13	8	0	0	44	25	47	48	0	0	0	124	32	0	0	21	0	0	18	0	106	135	0	0	35	26	62	0	7	0	0	0	0	0	47	0	6	0	31	16	0	15	12
Pseudomonas chlororaphis	587753	S	6	0	0	116	0	0	0	4241	5665	0	0	0	0	0	1866	0	93	1938	0	55	3586	8716	0	0	0	0	0	0	2654	0	0	147	3655	0	939	0	2155	0	0	0	0	0	0	0	0	0	0	0	0	263	0	0	0	0	26	151	0	0	26	869	0	4016	0	0	4563	0	0	0	7	0	0	0	0	0	957	0	0	73	0	0	5446	0	28	0	0	0
Stutzerimonas stutzeri	316	S	14	418	14	58	133	11	263	129	92	16	32	0	26	372	102	138	0	0	279	0	8	222	73	0	10	0	85	21	14	118	126	125	3324	87	150	19072	80	254	51	236	39	12	34	31	28	174	233	384	63	496	103	0	41	11	92	76	0	33	276	0	0	38	206	91	348	0	106	46	230	137	56	18	39	79	13	31	63	61	66	75	1428	541	154	206	254	31
Stenotrophomonas maltophilia	40324	S	836	1341	439	478	352	142	752	1065	8224	271	2421	970	1390	3404	638	18478	1069	1106	897	1890	901	15691	689	90	588	477	4033	1478	489	1585	17693	3578	15314	3126	1774	3810	698	366	1722	415	1120	61	1949	697	1267	592	2586	1067	681	1626	2666	1959	1189	129	1214	57715	292	266566	4049	15226	1268	4532	1511	14889	10284	79	1034	10440	4952	36633	1050	68	260	263	2494	111	150	12690	201	880	3989	9362	7601	1014	6064	1151
Stenotrophomonas sp. 59	3051120	S	156	22	0	0	0	0	22	8	0	0	0	0	0	96	0	24	26	0	0	0	0	103	0	0	0	0	18	0	0	41	116	17	338	0	128	279	19	8	22	74	10	0	17	79	38	0	10	0	96	133	161	0	0	0	28	295	20	0	0	24	0	0	0	23	17	0	0	7	0	0	0	0	21	45	0	0	0	124	0	0	0	19	81	9	0	51
Stenotrophomonas sp. BIO128-Bstrain	3027225	S	9	206	20	0	113	43	31	23	0	0	0	0	0	0	69	0	0	0	172	0	0	211	9	0	0	0	0	25	0	22	17	17	0	0	38	0	46	19	0	89	11	0	0	23	0	39	45	72	0	107	0	0	0	0	14	0	0	0	69	0	0	0	0	0	10	0	0	16	0	14	0	0	0	0	8	0	0	178	0	0	648	10	0	63	0	0
Stenotrophomonas pavanii	487698	S	35	0	68	0	29	125	56	100	112	19	20	6	21	0	59	50	37	9	0	6	137	44	0	11	10	22	48	30	14	0	27	0	29	26	24	104	19	12	0	55	52	12	0	8	0	31	28	0	0	8	90	13	34	54	0	10	12	5	30	8	22	439	37	59	0	0	6	0	0	58	0	10	15	0	21	28	59	90	32	0	76	39	12	26	163	0
Xanthomonas campestris	339	S	125	735	127	133	237	70	191	222	187	84	15	0	0	789	38	646	10	15	104	23	0	142	53	328	16	6	124	20	133	454	166	24	370	30	540	6557	10	18	61	136	29	6	105	24	64	32	29	33	60	474	111	263	0	6	576	36	144	29	70	0	0	23	8	84	614	0	58	59	103	43	64	27	22	14	36	6	21	218	32	43	511	407	14	12	0	18
Xanthomonas albilineans	29447	S	11	181	36	0	0	21	72	48	2444	9	59	15	54	95	23	407	35	22	37	58	61	506	0	7	19	0	114	36	84	47	96	59	83	41	76	639	13	243	143	27	39	0	22	43	15	8	27	89	26	0	91	41	68	37	9	494	22	1416	46	95	69	186	59	375	524	5	14	126	134	511	57	13	7	5	11	13	33	782	18	30	199	158	75	57	43	25
Pseudoxanthomonas mexicana	128785	S	29	310	111	68	202	56	128	277	177	94	6	10	0	376	10	54	0	35	104	0	0	130	0	0	14	0	53	0	0	0	64	0	0	0	54	99	26	0	0	48	0	0	14	0	10	0	0	26	26	100	76	91	0	0	35	0	0	0	19	0	0	0	0	0	52	0	0	459	0	0	8	0	0	0	0	0	0	34	0	0	0	90	46	14	0	0
Pseudoxanthomonas suwonensis	314722	S	6	100	62	17	85	16	67	59	148	16	0	0	0	106	21	136	44	0	10	0	41	0	0	0	0	52	12	0	0	46	30	0	0	0	35	0	9	10	0	12	0	0	0	0	0	0	9	11	10	117	13	20	51	0	24	0	12	0	0	0	33	0	154	37	0	0	0	21	0	17	38	0	0	0	0	0	0	26	0	0	126	58	30	0	0	0
Ahniella affigens	2021234	S	11	0	0	0	0	50	0	1499	0	0	0	0	0	0	0	0	0	0	0	0	0	26	0	0	0	0	69	0	0	0	0	9	0	0	8	0	0	0	0	0	0	0	0	44	0	0	0	0	0	405	13	0	0	0	0	105	0	0	121	13	0	7	516	0	45	0	24	0	0	0	0	77	0	0	246	291	32	51	0	133	0	128	5	697	0	10
Aeromonas salmonicida	645	S	63	0	63	0	0	50	10	374	235	32	43	14	58	27	29	107	20	27	0	181	51	285	25	15	18	7	56	56	38	0	37	23	139	98	22	16	7	23	16	34	67	47	0	25	30	41	94	0	16	372	97	31	20	54	21	15	0	35	89	6	69	196	87	175	482	32	19	23	14	118	23	81	37	12	88	49	48	65	33	24	187	94	62	78	73	9
Aeromonas caviae	648	S	162	248	35	70	191	0	238	833	178	0	40	0	0	93	45	42	0	0	0	0	20	48	0	0	0	0	83	304	0	44	93	50	100	0	108	0	0	0	57	71	36	0	0	0	0	35	0	0	0	0	101	0	0	7	104	50	0	0	0	0	0	149	0	100	144	17	0	0	0	28	69	0	0	0	0	0	34	40	23	0	0	0	47	0	49	51
Rheinheimera sp. F8	1763998	S	63	6	0	0	50	61	132	6366	2096	104	310	67	42	196	191	145	81	42	186	166	138	406	220	40	49	585	529	9	118	187	66	50	79	154	96	0	164	190	42	16	8	33	34	78	19	170	213	171	57	251	481	55	20	91	25	185	0	63	96	81	249	290	76	351	632	19	20	37	39	27	438	43	305	59	769	241	137	0	33	58	0	100	101	165	228	0
Rheinheimera sp. MM224	3019969	S	35	40	0	0	27	0	0	398	584	0	153	0	0	228	0	90	0	61	35	0	0	128	0	0	0	0	143	26	0	69	64	80	0	40	75	66	0	34	18	50	0	0	15	0	0	0	0	215	98	0	0	20	36	29	21	55	0	0	80	0	64	102	0	168	181	0	22	43	0	69	117	12	72	0	0	58	38	45	15	0	64	57	105	199	0	0
Rheinheimera sp. D18	2545632	S	14	0	0	0	0	0	0	145	305	0	13	0	0	48	8	28	0	0	0	47	0	98	16	0	0	50	106	0	0	48	16	0	0	19	30	0	0	0	11	0	0	9	0	0	0	0	0	54	26	0	0	19	0	0	0	0	0	0	0	0	57	46	0	58	385	0	0	0	0	0	0	10	57	11	121	55	24	0	18	0	0	52	12	0	45	0
Rheinheimera mangrovi	2498451	S	24	30	0	24	39	8	186	878	388	0	81	27	0	131	0	51	0	0	119	16	0	91	0	0	0	56	49	0	0	53	30	162	39	0	46	94	0	40	18	0	12	0	16	0	35	0	0	144	0	138	158	24	0	0	21	88	0	34	123	0	50	0	0	100	154	0	0	18	0	22	0	0	25	0	0	66	24	0	39	19	0	196	128	0	0	79
Haemophilus parainfluenzae	729	S	97	388	89	93	15	152	97	252	145	59	62	21	26	216	68	426	72	89	403	59	0	170	22	81	31	24	140	76	103	65	249	38	284	56	296	1405	174	43	311	399	422	25	60	171	58	56	80	179	128	732	362	165	141	11	288	149	0	0	130	30	46	22	42	342	1698	16	2219	73	20	155	209	14	33	42	107	9	12	156	31	81	637	313	93	59	30	70
Pasteurella multocida	747	S	121	652	0	0	30	25	179	584	5188	50	147	59	335	2853	17	11544	135	475	0	632	474	5391	371	40	251	92	1873	118	2385	176	3319	1276	6878	778	341	3141	283	492	2909	174	390	0	98	438	238	174	679	278	411	121	780	756	1397	14	295	4082	0	97260	469	610	1073	3250	2075	16991	5186	0	1389	8721	2030	49114	103	63	105	118	388	228	131	5520	81	452	1570	4509	3443	201	121	367
Halomonas sp. JS92-SW72	2306583	S	47	0	24	0	0	8	59	56	1019	46	723	20	189	607	23	2436	312	152	56	155	187	1549	97	17	54	63	721	48	115	74	474	690	3076	84	123	965	1126	114	1373	45	67	9	195	25	63	28	183	212	117	0	143	601	714	0	279	8089	0	11331	63	140	221	668	143	2320	2654	16	102	5769	1738	15253	72	0	24	22	64	13	21	579	80	161	8713	5232	1045	167	58	263
Shewanella baltica	62322	S	25	0	0	17	0	0	0	0	50	0	0	0	0	0	0	0	0	0	0	50	24	29	0	0	0	0	0	0	0	0	0	0	0	0	0	0	0	0	0	0	0	0	0	0	17	0	0	0	0	0	0	0	0	0	0	0	0	24	0	0	0	118	909	0	158	0	0	0	0	0	0	0	0	0	211	0	0	66	0	0	0	261	50	0	0	0
Piscirickettsia salmonis	1238	S	40	0	92	0	0	197	55	645	915	35	40	24	15	18	76	130	25	23	0	50	478	164	5	0	0	23	215	58	29	19	45	28	85	123	20	44	0	12	14	29	154	18	7	0	8	55	48	5	0	0	135	17	53	94	0	52	120	157	42	11	60	2148	90	193	103	6	82	21	6	148	46	7	29	7	85	80	187	118	59	29	167	229	64	44	119	6
Vibrio parahaemolyticus	670	S	18	0	10	0	0	6	0	1214	597	0	10	6	0	0	0	648	0	0	0	3542	39	4514	0	0	0	0	18	5	0	0	499	5	0	266	7	0	0	0	0	22	6	0	0	0	0	0	5	0	0	0	6	3860	870	0	42	5	0	73	0	0	23	541	1062	529	19	0	0	0	6	695	0	0	0	0	988	20	13	3910	9	0	1205	505	2183	21	6	5
Vibrio cholerae	666	S	24	0	10	0	0	42	0	58	28	0	11	0	5	327	16	843	0	0	0	46	22	999	0	0	0	14	11	6	0	0	7	0	0	27	0	0	0	0	0	0	153	0	0	0	0	0	33	0	0	12	388	0	0	9	0	0	0	90	20	0	7	121	104	70	80	0	6	0	0	29	0	29	0	0	49	44	0	45	0	0	6	58	103	0	57	0
Vibrio anguillarum	55601	S	7	0	0	0	0	28	30	97	52	470	0	0	6	16	0	30180	39	15	22	20	16	51	5	8	0	0	47	10	40	0	60	333	118	41	60	0	16	0	25	5	23	0	19	12	86	0	30	20	13	34	140	11532	3563	0	18	0	0	0	132	0	48	45	15	157	96	11	6	0	20	125	36	0	7	0	1161	58	0	734	0	96	253	239	39	470	0	20
Kineobactrum salinum	2708301	S	16	0	0	0	0	23	0	75	81	0	0	0	10	0	40	0	12	0	0	0	82	0	0	8	0	0	98	8	34	0	10	0	0	52	0	56	0	0	0	0	22	0	0	0	0	0	25	0	0	0	0	0	0	46	0	0	0	0	28	9	0	158	0	111	0	0	43	0	8	99	29	22	12	9	35	50	0	0	0	0	0	0	0	0	11	0
Achromobacter xylosoxidans	85698	S	1089	372	1196	89	36	51	245	90	86	27	0	25	30	1154	107	285	53	14	375	0	30	183	78	62	19	0	222	48	56	287	1551	211	2794	58	1904	1517	154	92	451	2970	193	22	1458	1255	831	41	50	32	560	1076	1847	0	40	0	344	186	25	0	1105	29	47	48	30	295	829	0	100	285	0	0	74	0	340	541	19	0	32	1061	81	27	689	882	1605	143	88	782
Achromobacter deleyi	1353891	S	623	80	771	105	0	9	0	36	42	23	0	21	0	509	98	219	15	0	44	0	0	97	21	23	0	0	80	26	45	201	1031	221	2153	0	1194	851	123	32	258	2375	117	14	1243	843	420	137	72	19	482	795	1303	0	55	0	247	60	66	0	702	0	17	0	16	260	525	0	0	96	0	52	22	0	298	428	0	0	12	783	0	48	762	415	812	22	149	451
Achromobacter ruhlandii	72557	S	354	0	478	16	44	0	0	23	30	0	0	0	0	603	30	139	16	0	15	0	0	130	26	0	0	0	23	0	25	58	621	113	1449	0	854	994	41	47	170	1314	50	11	788	617	277	0	0	52	352	778	615	12	30	0	136	51	23	0	379	18	0	0	0	111	252	0	15	60	0	40	49	9	168	207	0	0	0	500	0	0	0	364	610	24	26	338
Achromobacter spanius	217203	S	351	0	192	21	0	0	0	0	35	0	0	0	0	218	48	25	0	20	25	0	0	0	0	0	14	0	15	0	0	100	358	56	455	0	240	98	0	0	29	523	12	0	242	171	47	26	0	70	162	217	335	13	0	0	0	12	0	0	297	0	0	0	0	112	41	0	0	41	0	0	0	0	55	78	0	25	0	236	0	0	0	12	227	0	0	77
Achromobacter sp. MFA1 R4	1881016	S	84	22	70	0	0	0	20	0	0	0	0	0	0	41	0	30	0	17	0	0	0	0	0	0	0	0	0	0	0	0	71	0	177	0	88	335	0	0	27	215	21	0	96	80	53	0	0	0	19	119	80	0	0	0	13	0	10	0	116	0	0	0	0	0	9	0	29	0	0	0	0	0	22	29	0	0	0	88	0	25	0	26	104	13	0	59
Alcaligenes faecalis	511	S	2032	184	258	95	142	14	104	50	67	34	20	28	0	1478	320	461	0	21	162	40	0	159	35	0	27	0	160	36	75	165	917	282	3620	44	2131	1444	64	131	323	9105	105	18	1728	1334	384	27	35	30	696	725	1688	12	150	5	373	60	124	0	226	0	30	18	13	270	516	0	61	109	66	78	183	10	476	633	0	7	16	729	0	0	1287	383	990	80	215	483
Delftia tsuruhatensis	180282	S	778	446	297	230	124	0	431	138	0	216	0	0	0	2250	99	1547	107	0	272	0	0	152	68	87	0	0	504	0	151	554	1315	767	3436	0	1846	2584	285	44	330	384	308	66	1563	1028	598	0	0	119	406	1514	862	0	82	0	780	120	130	0	180	0	162	0	66	233	2024	0	58	41	80	107	0	0	279	512	0	0	0	1609	0	85	0	575	1597	95	233	690
Delftia lacustris	558537	S	689	113	367	89	383	53	147	140	0	0	0	0	0	2698	0	784	198	0	170	0	0	501	0	170	0	0	522	0	135	624	1468	767	2731	0	1958	3769	0	85	274	335	202	0	1334	910	656	0	279	0	99	0	1107	0	0	49	150	325	173	0	0	0	281	0	0	231	3125	0	0	195	0	133	275	0	283	470	0	0	0	2345	221	0	0	936	807	0	105	480
Delftia acidovorans	80866	S	141	170	135	200	198	43	361	520	321	52	98	92	76	1167	162	1414	0	0	311	0	0	973	349	54	0	44	320	0	233	531	1236	2232	3521	104	821	15574	0	169	320	309	250	50	900	421	572	130	0	0	775	342	3098	91	23	0	605	253	61	147	61	0	51	116	40	516	1247	0	164	411	269	301	108	65	440	447	79	452	122	1801	531	517	611	1399	692	100	68	511
Delftia sp. Cs1-4	742013	S	129	0	0	0	0	0	0	198	0	0	0	0	0	0	0	0	0	0	0	0	0	0	0	0	0	0	0	0	0	0	82	312	894	0	0	1450	0	0	0	0	0	0	139	84	0	0	0	127	49	0	438	0	0	0	0	0	25	66	0	0	0	42	0	0	0	0	0	46	0	0	0	0	0	0	0	0	0	0	0	0	0	472	0	0	0	0
Comamonas testosteroni	285	S	94	157	0	64	31	43	162	1716	12325	118	286	78	30	180	552	541	124	95	303	322	722	2965	680	152	96	316	406	163	96	726	128	2249	155	160	140	316	661	628	63	289	82	19	63	0	46	218	306	201	214	145	302	0	0	219	229	257	79	94	222	10	346	316	137	527	660	86	357	223	48	86	0	0	517	65	376	779	1059	172	0	0	414	1102	90	256	555	53
Acidovorax sp. KKS102	358220	S	59	50	0	22	158	10	41	2101	871	40	0	48	44	31	172	66	46	0	17	0	27	113	66	25	0	303	77	53	36	234	34	465	40	64	0	173	137	17	0	14	0	0	23	35	235	0	0	0	0	0	0	0	11	0	75	0	0	0	56	0	32	24	65	107	1112	0	0	0	0	0	171	0	74	0	0	128	33	161	0	0	533	400	48	0	31	0
Acidovorax temperans	80878	S	13	289	37	165	161	12	516	1000	279	0	0	0	0	263	72	389	40	128	161	0	33	311	54	0	20	0	71	0	28	69	72	516	0	30	74	261	85	0	17	0	39	0	115	32	0	0	0	75	63	0	85	117	30	21	256	0	0	33	0	0	168	148	0	46	90	0	0	0	0	0	102	0	0	0	0	0	54	120	0	55	0	0	62	171	0	32
Massilia sp. NP310	2861282	S	117	222	56	96	0	0	395	602	329	38	67	0	82	2180	234	252	341	170	848	231	0	18284	29	0	31	0	77	127	42	135	1115	103	243	84	288	28	281	50	70	329	147	134	170	50	132	310	807	211	62	1157	403	51	129	150	466	1070	0	0	1164	136	54	44	88	655	576	0	0	0	259	103	182	0	38	15	0	0	112	3005	0	0	2119	467	9396	830	112	80
Massilia sp. WG5	1707785	S	22	0	47	0	40	15	0	116	72	9	44	0	0	7304	25	159	31	0	33	69	0	1237	0	0	0	0	58	47	0	0	121	66	886	38	0	0	13	0	12	65	28	0	9	0	0	0	104	0	0	305	101	41	89	0	248	29	0	32	0	0	13	89	0	54	132	0	0	32	0	44	0	0	0	0	27	0	52	2089	46	0	351	441	510	84	22	17
Massilia sp. H6	2970464	S	10	0	0	0	0	7	0	507	29	0	0	0	0	4584	37	114	0	0	0	0	0	12946	0	0	0	0	15	0	0	33	100	61	0	0	6	0	18	25	0	38	9	0	0	0	0	0	33	12	24	59	0	20	0	0	1011	10	0	0	0	0	21	0	0	165	111	0	15	0	28	13	0	0	0	0	0	0	0	316	0	23	173	156	1284	53	0	0
Massilia sp. LPB0304	2769491	S	7	32	0	0	34	17	0	186	149	0	0	0	0	199	47	0	30	24	104	44	0	1711	0	0	0	0	14	43	0	0	90	0	99	0	15	0	101	7	0	76	0	0	0	0	14	56	88	0	23	212	21	0	0	0	417	17	0	0	144	0	0	0	0	102	75	0	10	0	0	37	157	0	0	0	0	0	0	201	0	0	135	0	99	28	87	0
Massilia oculi	945844	S	35	35	21	0	0	0	23	1004	126	15	16	0	33	1831	107	285	79	0	251	490	0	12174	0	0	0	0	0	96	0	0	574	67	261	32	81	0	197	75	24	86	75	65	26	33	23	0	476	92	39	730	157	58	101	0	469	32	0	0	32	53	0	22	0	170	209	0	0	67	298	92	47	0	0	0	0	0	0	2134	0	0	368	342	10026	138	52	78
Undibacterium sp. 20NA77.5	3073561	S	91	0	176	0	0	0	51	294	548	24	96	57	42	239	15	24	65	29	16	98	70	477	55	17	35	206	124	0	31	33	0	0	33	93	16	0	68	123	22	0	92	29	29	31	0	0	0	0	20	0	265	35	0	42	86	0	0	88	247	0	44	54	44	168	139	0	0	23	0	0	0	16	15	15	16	26	70	0	0	0	65	22	0	15	108	0
Undibacterium parvum	401471	S	21	0	55	0	31	0	0	86	146	0	0	0	0	33	13	0	10	0	0	18	12	58	22	0	0	66	37	0	12	0	0	0	0	22	0	0	9	0	0	0	0	12	12	5	0	0	45	0	0	0	9	14	5	5	45	0	0	37	122	0	22	0	22	91	73	0	0	0	0	0	0	11	8	5	16	9	16	0	0	0	0	27	0	0	0	0
Janthinobacterium sp. J1-1	3065910	S	21	85	25	0	0	18	66	144	121	67	73	24	53	96	21	65	92	0	0	0	60	986	0	27	13	44	116	0	22	0	48	18	154	60	39	117	0	0	0	9	32	15	0	0	10	0	28	54	12	0	27	0	29	56	101	13	0	0	17	18	44	102	0	172	77	0	11	0	0	46	0	13	11	9	0	74	26	0	16	0	31	64	50	27	109	23
Janthinobacterium sp. PAMC25594	2861284	S	15	39	0	7	37	0	0	103	22	10	0	0	0	67	0	37	85	0	0	0	0	327	0	0	0	0	0	28	0	0	0	0	0	0	0	0	0	29	0	32	0	0	0	0	0	0	178	0	0	0	0	0	0	0	10	0	0	0	44	0	0	0	0	59	0	0	0	0	0	0	0	0	0	0	0	0	0	57	0	0	0	0	0	64	0	0
Schlegelella aquatica	376175	S	98	682	143	84	199	33	293	401	711	22	45	37	111	56	26	154	619	77	162	385	19	64	18	232	49	8	20	9	10	77	563	67	245	0	465	127	80	42	106	32	63	14	79	122	204	147	52	58	258	261	383	21	15	10	238	178	25	14	59	22	487	12	0	35	856	0	63	0	26	25	123	0	0	59	9	0	0	138	31	0	274	546	248	67	81	101
Lautropia mirabilis	47671	S	12	188	35	0	101	9	8	142	238	20	23	0	48	224	35	159	18	12	75	102	225	172	15	0	5	0	64	29	69	19	151	231	380	18	134	206	29	11	30	29	5	0	25	257	32	45	56	18	31	80	262	36	54	9	97	26	63	0	184	15	49	39	17	287	403	11	73	0	7	274	27	10	0	14	12	9	7	112	8	54	586	216	136	28	33	190
Neisseria elongata	495	S	43	0	13	38	0	47	0	234	34	18	15	0	0	39	41	415	78	13	31	19	0	86	27	28	10	19	77	12	0	43	59	0	121	29	87	321	0	28	11	30	15	0	14	36	28	59	56	35	19	795	31	37	40	15	73	17	69	0	0	0	0	0	0	321	291	0	17	12	0	169	39	0	30	0	11	111	36	45	17	0	328	45	85	107	49	24
Neisseria sp. oral taxon 014	641148	S	39	94	41	29	49	20	34	86	50	34	0	27	0	55	0	167	22	49	0	59	0	0	0	0	7	0	0	14	0	15	12	0	0	0	52	0	0	0	9	0	0	0	9	0	18	0	0	0	19	32	40	0	30	6	68	55	0	69	0	0	0	55	0	45	98	0	0	13	0	0	0	0	0	0	0	0	0	25	0	0	27	0	96	0	0	78
Neisseria sicca	490	S	36	37	0	34	38	59	169	2845	88	110	35	0	0	170	38	1294	241	82	145	0	0	110	0	0	43	61	147	12	0	199	209	12	1099	33	216	1090	0	34	69	43	59	0	69	125	135	344	474	43	47	3229	275	0	169	24	187	196	0	0	511	0	123	0	0	784	1293	0	59	0	33	526	107	0	0	0	42	0	0	87	47	196	0	163	183	0	0	170
Neisseria gonorrhoeae	485	S	19	0	19	0	0	121	0	11528	80	0	0	0	0	93	25	122	29	0	0	0	82	83	0	0	0	0	748	211	49	0	37	6	0	34	8	0	0	0	0	17	77	0	0	16	0	132	117	0	0	73	185	157	107	31	0	147	0	0	652	0	0	107	3171	742	288	87	153	0	0	824	87	336	0	0	299	3575	197	50	0	1102	174	79	435	10305	50	0
Morococcus cerebrosus	1056807	S	51	70	0	0	0	145	0	0	56	0	37	0	0	67	0	0	77	0	0	0	0	0	0	0	0	0	0	0	0	0	0	0	231	0	90	0	66	0	22	0	0	0	0	0	0	0	0	0	81	484	169	0	0	40	111	463	0	0	460	0	0	0	0	294	0	0	0	0	0	0	0	0	0	0	0	0	0	0	0	0	0	0	0	0	0	0
Methylophilus medardicus	2588534	S	14	0	0	0	0	95	0	659	1332	0	0	0	0	54	0	155	33	0	0	0	0	140	0	0	0	34	186	67	0	68	0	60	0	0	0	0	0	42	13	0	0	0	0	22	0	0	0	0	0	0	0	0	11	136	43	0	0	0	0	0	0	18	0	115	148	0	0	0	0	8	0	0	0	40	0	179	19	0	21	19	0	110	0	121	37	0
Paracoccus sp. S3-43	3030011	S	487	3400	1093	1839	2515	194	2124	2086	3103	140	0	0	0	168	39	34	107	0	24	191	132	1767	0	0	0	0	43	85	23	29	83	20	15	50	164	15	36	12	80	38	375	0	0	0	0	43	172	0	30	202	78	114	63	75	63	34	0	0	54	0	38	0	114	350	866	0	0	23	0	820	0	45	0	0	0	24	0	193	0	0	615	392	0	0	0	41
Paracoccus sp. AK26	2589076	S	174	988	210	344	684	65	393	338	467	33	90	0	0	0	64	384	204	11	642	0	20	44	12	12	0	0	39	83	30	27	65	28	76	96	98	59	102	36	48	130	24	0	26	0	10	12	103	232	22	439	39	22	54	22	50	61	19	105	52	23	78	1106	37	80	172	0	21	15	0	5301	41	0	0	0	35	0	14	224	23	0	91	34	32	56	0	44
Paracoccus sp. MC1862	2760307	S	45	210	40	75	174	15	364	114	215	22	266	19	25	172	92	307	135	23	137	411	0	441	6	12	42	0	72	116	23	123	75	17	70	406	464	10	162	76	48	66	212	0	55	14	29	8	302	13	41	887	137	244	142	0	182	62	0	0	10	0	22	13	90	504	645	86	30	39	13	774	0	30	10	8	0	29	0	250	0	26	592	407	130	163	0	33
Paracoccus sp. SCSIO 75233	3017782	S	35	23	0	15	0	0	142	86	385	0	0	0	0	0	0	0	0	0	0	0	0	0	0	0	0	0	77	0	0	0	0	0	140	0	0	404	0	0	0	0	0	0	0	0	0	0	0	0	0	76	46	0	0	0	0	0	0	0	0	0	0	0	0	0	76	0	24	0	0	0	0	0	0	0	0	0	0	0	0	0	0	119	164	0	0	0
Paracoccus sp. M09	3064531	S	20	772	127	232	433	18	813	298	672	0	0	0	0	154	32	0	0	0	51	116	0	0	0	0	0	0	0	0	0	0	0	0	45	0	80	189	81	0	0	15	0	0	0	0	0	0	0	0	0	0	20	0	0	0	100	17	0	0	0	0	0	0	0	178	168	0	0	0	0	108	0	0	0	0	0	22	0	0	0	0	334	14	0	59	0	0
Paracoccus sp. Arc7-R13	2500532	S	26	257	64	164	363	49	388	491	4066	142	182	0	0	859	138	305	0	102	61	275	0	370	0	90	131	0	266	69	0	72	36	18	37	0	162	1105	21	68	0	66	83	0	0	0	0	86	0	0	293	685	271	171	201	0	180	83	0	0	0	112	110	0	622	550	512	0	0	73	87	350	51	0	41	0	0	0	31	0	0	0	515	471	0	0	0	0
Paracoccus yeei	147645	S	602	5540	876	1821	3226	413	3470	2794	8081	615	1264	220	86	1845	416	1522	695	193	2001	1172	163	1312	238	81	125	1273	1056	219	131	2004	539	5522	1003	183	751	2361	276	164	634	393	456	38	305	161	135	215	316	336	759	2269	560	1100	510	155	907	553	87	0	481	124	231	104	785	987	1166	0	303	665	400	2044	431	258	30	79	0	196	47	990	207	179	688	2624	380	557	156	446
Paracoccus marcusii	59779	S	312	1157	275	386	1420	133	1075	861	7523	128	457	161	74	772	84	398	616	301	354	0	137	469	42	71	326	1183	574	158	86	70	237	29	430	0	223	1564	103	75	250	30	129	21	145	23	101	108	336	0	276	587	322	217	45	210	235	215	28	0	332	0	130	173	2640	422	768	0	137	161	118	267	502	0	58	41	48	0	60	319	45	143	620	972	103	105	0	0
Paracoccus aestuarii	453842	S	53	359	69	278	123	31	188	110	136	0	0	0	0	122	0	33	0	14	0	0	0	79	0	0	0	0	15	0	0	13	0	30	0	0	23	0	11	19	0	6	0	0	0	0	0	0	0	0	0	43	26	22	0	0	13	0	8	0	0	0	29	0	48	40	19	0	0	0	0	116	0	0	0	0	10	0	0	0	0	0	0	0	0	0	0	0
Paracoccus contaminans	1945662	S	36	199	46	42	137	30	72	68	81	18	282	0	0	741	33	306	191	135	87	294	0	613	0	0	9	117	72	81	21	17	23	9	82	118	60	773	24	21	0	16	254	0	0	18	0	19	330	56	0	26	0	154	233	0	104	12	10	0	0	0	0	210	46	364	218	0	29	79	18	2379	71	35	10	0	0	0	14	172	15	0	285	53	65	53	21	0
Paracoccus everestensis	2903900	S	58	399	42	231	216	35	335	34	467	0	0	0	0	297	0	0	0	0	33	0	0	182	0	0	0	0	0	0	0	32	0	12	0	0	0	19	13	0	0	14	0	0	39	0	0	0	0	0	87	26	31	0	0	0	103	0	0	0	0	0	0	134	0	0	0	0	0	0	54	0	0	0	0	0	0	0	0	0	0	0	0	0	118	0	44	0
Paracoccus sanguinis	1545044	S	31	108	39	108	114	19	209	115	168	0	245	0	27	0	42	72	70	52	116	202	0	536	13	0	0	0	91	75	23	38	69	49	39	0	79	236	78	0	53	252	0	0	15	0	18	0	0	37	65	384	15	290	43	0	40	0	11	0	64	0	0	65	124	268	372	0	43	30	25	1711	0	0	0	0	12	0	0	48	8	23	726	206	0	93	15	0
Paracoccus aerodenitrificans	3017781	S	10	25	0	33	156	0	170	0	107	0	0	0	0	0	28	52	0	0	0	430	0	62	0	0	0	0	0	0	0	0	0	0	0	0	0	0	0	0	0	0	0	0	0	0	0	0	0	0	0	0	0	0	0	0	0	0	0	0	0	0	0	0	0	0	56	0	0	0	0	0	0	0	0	0	0	0	0	0	0	0	0	59	0	0	0	0
Haematobacter massiliensis	195105	S	109	160	23	85	0	0	179	112	142	0	0	0	0	202	0	150	0	0	35	145	0	0	0	0	0	0	0	257	56	14	72	0	0	135	133	123	19	0	0	0	54	0	0	0	33	0	104	73	37	304	183	80	110	0	17	0	0	0	12	0	0	127	0	102	230	0	0	38	20	502	0	0	7	0	0	0	0	25	0	0	51	0	43	0	9	0
Frigidibacter mobilis	1335048	S	30	79	0	0	0	0	38	27	28	0	0	0	0	0	0	37	0	0	0	0	0	184	0	0	0	0	0	0	0	19	21	0	0	0	52	0	12	0	0	0	0	0	0	0	0	57	0	0	0	26	0	0	55	0	0	0	0	0	0	0	0	0	0	212	55	0	73	0	0	0	1164	0	0	0	0	0	0	0	0	33	0	187	0	56	0	0
Rhodobacter capsulatus	1061	S	10	43	0	12	169	11	54	29	93	12	0	0	0	0	0	0	0	0	0	0	0	607	0	0	0	0	24	0	0	12	24	11	49	0	29	0	22	0	0	0	0	0	13	0	0	0	0	0	40	78	37	92	18	0	0	0	0	0	25	0	0	20	0	127	103	0	0	20	0	0	0	0	0	0	0	0	0	91	0	0	138	234	38	0	18	21
Algicella marina	2683284	S	8	0	0	0	8	0	0	0	114	0	0	0	0	462	33	62	0	0	0	0	22	17	0	0	0	0	162	0	0	0	6	25	22	0	8	0	0	0	0	0	0	0	0	0	0	11	31	25	24	0	0	111	16	0	0	0	0	19	0	16	0	12	155	236	613	17	0	72	0	65	0	0	0	0	0	0	0	43	19	0	24	0	52	12	0	21
Agrobacterium tumefaciens	358	S	70	323	27	128	144	8	65	270	202	97	0	0	0	185	38	1406	72	27	90	0	0	1288	0	0	13	0	19	77	0	106	68	323	1649	0	36	2179	14	25	23	47	57	0	0	7	22	0	34	41	53	471	13	130	0	46	25	24	0	35	157	0	50	0	0	52	22	0	0	0	10	21	209	0	94	86	0	37	0	565	0	0	350	73	0	0	0	0
Agrobacterium pusense	648995	S	103	906	136	281	108	44	497	410	184	83	0	0	0	392	123	528	0	17	250	0	0	305	0	0	17	50	26	217	32	0	103	137	47	0	132	520	134	24	67	321	57	0	111	30	52	99	111	98	91	1138	205	0	0	0	107	16	0	0	99	11	25	0	0	77	220	0	24	0	0	111	119	0	20	0	0	0	0	0	0	27	232	114	67	55	121	0
Rhizobium sp. WL3	2603277	S	16	106	0	56	51	10	43	51	24	0	0	0	0	59	0	0	21	13	19	0	0	0	0	0	14	0	11	0	0	0	0	0	0	0	0	0	0	0	0	0	13	0	0	7	0	0	0	0	0	9	15	15	0	0	12	0	0	0	0	0	0	0	0	0	52	0	0	0	0	0	0	0	0	0	0	0	0	484	0	0	0	34	0	0	0	0
Shinella sp. HZN7	879274	S	10	0	0	11	0	0	93	52	108	0	0	0	0	99	0	346	0	0	0	0	0	0	0	0	0	0	0	0	0	0	0	0	0	0	0	16	0	0	0	15	0	0	0	0	0	49	23	0	31	0	0	0	0	0	21	0	69	0	16	0	0	0	0	0	34	0	11	70	0	97	0	0	0	0	0	0	0	375	0	0	0	0	0	0	0	0
[Ochrobactrum] quorumnocens	271865	S	72	0	147	0	0	0	0	22	7	0	12	0	0	83	0	60	0	0	0	0	0	0	11	0	0	0	0	0	0	0	67	7	146	0	47	308	40	0	0	66	0	0	57	46	38	0	92	0	19	29	0	0	46	6	53	45	42	0	10	0	0	0	0	0	0	0	7	79	25	12	0	0	9	0	0	0	0	52	8	7	54	0	24	0	0	27
Brucella anthropi	529	S	90	652	99	338	291	70	343	435	117	54	112	68	90	559	24	0	146	154	0	575	27	136	24	46	55	121	48	79	0	0	30	0	174	34	64	282	304	130	86	354	137	45	59	52	0	198	0	170	33	304	183	94	77	124	23	91	0	0	300	23	107	43	0	34	155	0	8	0	56	314	116	116	0	0	84	51	64	110	28	18	2087	147	70	164	75	126
Methylobacterium indicum	1775910	S	28	0	0	0	28	0	0	0	55	0	11	0	0	81	30	187	23	0	0	0	0	180	0	0	0	0	47	42	0	0	0	0	0	0	0	0	0	0	0	22	0	0	0	0	0	0	165	0	0	57	0	0	0	0	0	0	0	0	0	0	0	48	0	105	0	0	0	0	0	220	486	0	0	0	0	0	0	35	0	0	0	0	0	0	0	0
Methylorubrum extorquens	408	S	25	102	44	0	0	12	105	89	78	0	0	0	0	204	65	0	0	9	76	0	0	0	0	0	0	28	0	0	0	28	0	0	124	0	50	13	118	0	0	0	0	0	0	0	0	0	156	11	0	0	65	0	0	0	116	0	12	0	141	0	18	0	0	104	197	0	0	0	0	0	127	0	0	0	0	0	0	0	0	0	121	0	0	0	83	0
Brevundimonas nasdae	172043	S	438	225	312	47	8	16	253	117	254	179	79	72	35	866	92	315	83	33	42	243	11	648	50	63	0	0	318	15	33	150	753	9080	44266	340	525	29605	56	68	120	209	67	22	338	169	148	182	0	109	140	121	518	0	75	90	316	779	127	0	559	0	47	0	255	396	549	0	93	370	208	314	269	53	2038	1959	0	32	60	1103	114	187	50	516	325	18	7	176
Brevundimonas sp.	1871086	S	46	227	32	83	63	34	215	75	92	30	37	0	0	77	30	10	0	0	55	0	0	942	0	0	0	0	45	15	0	0	53	76	578	0	61	414	73	15	0	93	0	0	28	315	22	0	0	0	36	201	48	40	0	0	67	0	0	0	65	0	0	124	0	0	65	0	91	30	0	0	0	0	33	16	0	0	0	176	0	0	71	69	0	15	15	12
Brevundimonas sp. PAMC22021	2861285	S	43	90	40	33	69	22	499	169	88	0	206	0	0	31	175	25	42	0	411	4824	0	372	0	0	0	210	20	68	18	23	91	13	61	0	18	110	139	178	0	307	21	0	11	6	7	0	66	55	0	1043	36	232	0	454	35	14	15	23	117	0	0	0	0	69	67	0	0	69	35	3445	479	0	0	6	0	0	36	119	0	0	244	101	0	139	25	0
Brevundimonas sp. C43	3068314	S	26	89	0	0	51	0	150	132	0	0	0	0	0	51	74	0	0	0	0	0	0	0	0	0	0	0	0	0	0	0	0	22	88	0	0	115	0	0	0	52	0	0	0	16	26	0	0	0	0	126	0	0	0	0	130	0	0	0	0	0	0	0	0	0	0	0	0	0	0	0	0	0	15	0	0	0	0	0	0	0	0	0	0	70	14	0
Brevundimonas diminuta	293	S	75	100	23	0	81	0	0	67	479	37	0	0	0	3002	69	0	0	0	106	0	0	0	0	0	0	0	184	93	53	34	200	124	542	0	102	975	0	32	148	21	0	0	53	22	71	0	207	0	43	686	262	0	0	0	157	0	0	0	20	0	0	0	0	0	87	0	0	0	0	0	0	0	25	10	0	0	0	709	0	0	252	135	172	47	0	50
Brevundimonas albigilva	1312364	S	22	170	32	81	15	15	105	40	192	16	0	0	0	49	26	50	0	0	177	2030	0	968	0	0	0	0	37	37	0	19	52	57	365	30	47	436	46	26	26	94	0	0	37	7	0	151	0	91	46	220	83	240	0	193	45	11	0	0	27	0	156	114	145	423	112	0	0	24	87	1205	559	0	76	0	79	34	0	1305	0	40	96	441	0	69	24	0
Brevundimonas vesicularis	41276	S	17	281	18	0	89	33	126	183	203	47	413	0	0	0	168	0	57	23	275	0	0	0	53	14	23	0	170	0	0	0	0	271	1357	0	57	606	111	0	0	175	0	0	43	29	0	0	0	0	50	700	25	0	0	0	141	40	0	0	135	0	0	0	0	0	47	0	0	0	0	0	0	0	68	52	0	0	0	0	0	0	0	127	150	0	45	0
Caulobacter segnis	88688	S	13	0	6	11	54	52	0	394	277	0	0	0	0	80	43	0	0	0	0	0	0	0	0	0	0	0	0	0	10	0	53	674	3416	0	69	2096	0	36	32	56	0	0	0	27	0	0	0	0	8	0	0	0	0	48	8	0	0	13	0	0	0	0	0	0	110	0	0	86	0	0	48	0	103	116	0	0	0	542	0	11	181	0	38	0	21	20
Sphingomonas sp. PAMC26645	2565555	S	39	227	7	60	161	0	112	117	84	0	0	0	0	170	10	24	0	0	56	20	0	0	0	0	0	0	33	0	0	0	33	66	0	0	19	0	11	10	0	0	0	0	0	0	0	0	0	0	26	0	0	0	53	0	26	31	0	0	0	0	0	0	0	0	65	0	0	15	0	0	27	0	0	0	0	0	0	0	0	0	384	73	38	0	0	24
Sphingomonas sp. MM-1	745310	S	17	0	0	0	0	0	0	0	0	0	123	0	0	0	54	149	0	0	97	0	0	0	0	0	0	0	0	0	0	0	0	0	146	0	0	0	15	0	0	16	0	0	0	0	0	0	515	44	0	0	0	0	0	0	0	0	0	0	0	0	0	0	0	0	61	0	0	0	0	0	0	0	0	0	0	0	0	476	0	0	162	554	0	0	62	0
Sphingomonas aerolata	185951	S	80	912	92	222	317	21	467	494	341	0	9	0	0	1595	514	49	25	29	718	0	0	200	0	0	30	12	149	61	23	0	379	208	0	0	150	9	197	90	21	288	33	0	63	0	56	61	1577	176	0	672	80	0	1732	0	75	12	0	0	192	0	0	0	0	99	95	0	0	21	0	0	141	0	35	0	0	0	0	72	0	0	1599	1008	64	132	21	22
Sphingomonas hankookensis	563996	S	20	67	39	16	0	0	0	57	61	15	178	0	0	112	121	80	0	0	108	0	170	12021	41	0	0	0	67	72	0	71	128	122	0	0	134	95	130	37	0	177	0	0	41	13	0	0	1871	0	0	205	88	0	83	18	25	0	0	0	43	0	0	0	0	252	130	0	0	45	0	57	387	0	0	0	0	0	0	134	0	0	657	390	213	42	0	44
Sphingomonas naphthae	1813468	S	13	0	17	0	0	0	37	45	257	103	33	20	122	436	27	261	0	0	13	118	0	3236	39	0	0	14	0	32	0	129	0	55	0	0	0	35	42	26	0	78	0	0	0	10	80	0	648	114	0	78	0	89	72	0	0	0	0	0	0	0	0	0	107	132	268	0	0	0	0	0	241	0	0	0	0	0	0	364	0	0	1510	202	0	37	80	0
Sphingobium xenophagum	121428	S	48	9	0	11	11	0	0	0	1057	0	0	0	0	0	2940	0	88	0	171	0	0	0	0	0	0	0	0	259	0	0	50	0	0	0	33	342	713	130	41	396	0	0	0	0	0	117	1441	223	0	2295	0	0	91	0	47	0	0	0	0	0	0	118	0	102	0	0	0	398	0	0	0	0	0	0	0	0	0	389	0	0	1514	0	0	371	82	0
Sphingobium yanoikuyae	13690	S	37	75	39	40	65	0	64	252	180	0	38	0	0	628	124	158	0	0	29	0	0	116	0	0	0	17	0	40	69	102	229	105	0	0	207	0	97	0	120	91	0	0	35	45	100	69	243	55	0	147	121	0	0	43	70	0	0	0	257	0	0	0	0	106	166	0	0	0	0	78	0	0	0	0	0	0	0	1754	0	0	497	0	102	49	39	77
Altererythrobacter sp. TH136	2067415	S	7	15	0	7	91	0	0	0	48	0	0	0	0	802	0	33	0	0	0	0	0	2253	242	0	0	0	0	0	28	0	24	33	0	0	15	0	12	25	0	0	0	0	9	0	0	0	0	0	0	0	0	23	92	0	12	0	0	0	0	0	0	0	24	590	162	0	0	0	0	18	0	0	0	0	0	0	0	0	17	0	578	74	0	11	0	0
Sphingosinicella flava	2771430	S	7	91	0	0	0	0	0	33	100	0	0	0	0	193	21	0	39	0	0	0	0	218	0	0	0	0	38	0	0	0	0	34	0	0	0	0	0	0	0	0	0	0	0	0	0	0	0	0	0	13	0	19	0	0	0	0	0	0	0	18	0	0	0	76	61	0	0	0	0	0	0	0	0	0	0	0	0	95	0	0	27	0	0	0	0	0
Roseomonas mucosa	207340	S	33	379	0	109	235	42	279	302	233	0	0	0	0	108	104	170	93	0	312	0	0	0	0	0	56	0	0	149	0	59	72	0	240	0	52	114	57	93	0	210	22	0	33	14	42	79	0	59	0	712	0	0	429	0	58	0	0	0	37	0	0	0	0	164	5482	0	0	0	0	72	4425	0	251	0	0	0	314	162	0	0	2095	0	0	132	0	56
Roseomonas sp. OT10	2897332	S	6	0	0	0	0	0	56	13	9	0	0	0	0	46	20	28	33	0	36	0	234	644	0	0	0	0	66	38	0	6	0	64	0	0	11	0	20	0	0	0	0	0	0	0	0	0	0	0	0	0	0	0	0	0	0	0	0	0	0	0	12	0	0	50	39	0	599	0	0	21	4755	0	0	0	0	0	10	0	0	0	0	164	47	8	0	12
Niveispirillum cyanobacteriorum	1612173	S	13	28	44	11	0	0	0	156	7	0	0	0	0	227	0	185	17	0	0	0	0	59	0	0	0	0	76	0	71	56	24	0	0	0	0	0	0	20	0	0	0	0	0	0	0	23	0	0	0	23	86	0	0	0	18	8	38	0	26	0	0	0	61	165	253	0	15	16	23	40	0	0	0	0	0	0	0	31	0	0	0	0	0	0	0	0
Porphyromonas asaccharolytica	28123	S	390	0	613	0	0	0	0	5560	7	251	0	0	0	11	50	11	0	0	0	0	428	118	567	0	0	6	270	0	0	13	471	0	0	0	5	9	0	0	0	13	0	0	0	142	0	0	57675	62	0	0	76	0	0	2280	50	0	14	73013	138	0	0	2056	7145	0	0	2404	9	56	0	1319	0	3923	0	0	178	1332	22	22	0	12	583	0	718	0	0	0
Porphyromonas somerae	322095	S	111	0	570	0	0	0	0	466	25	16	6	0	0	0	70	10	0	0	0	27	12	15	0	0	0	0	76	0	0	0	12	0	0	10	6	2305	0	0	0	0	16	0	0	10	0	0	200	22	0	0	107	0	0	13	40	51	0	12497	0	0	13	7137	837	10	55	171	0	17	0	43	24	88	0	0	31	393	0	107	7	7	8231	0	526	683	0	8
Porphyromonas endodontalis	28124	S	68	45	165	12	0	0	29	1333	13	5	0	0	0	46	88	17	0	0	0	0	99	11	0	0	0	0	30	0	0	21	28	0	0	0	43	0	0	14	12	48	9	0	0	10	0	0	808	27	21	57	60	0	7	29	0	0	0	6883	0	0	0	139	126	140	35	94	24	22	0	0	17	8	0	0	9	33	0	5	0	0	265	0	83	0	0	15
Porphyromonas gingivalis	837	S	59	36	36	0	0	42	0	95	62	9	0	5	9	83	24	40	0	16	0	29	25	0	0	8	0	0	19	18	0	0	67	42	38	20	32	121	21	5	11	6	10	6	11	8	14	51	93	0	0	86	24	20	0	26	86	0	7	480	25	0	14	57	58	50	38	16	121	0	0	91	170	9	0	0	384	69	24	15	16	9	273	42	16	136	0	10
Porphyromonas sp. oral taxon 275	712435	S	20	0	83	0	0	0	0	215	18	7	8	0	0	17	0	150	71	5	58	28	23	67	0	0	0	0	70	0	0	8	15	10	27	127	28	85	0	8	0	19	5	0	16	44	0	47	19	0	0	0	53	9	13	8	17	15	0	2323	0	0	31	81	135	165	93	26	171	26	12	46	29	9	0	8	16	248	0	176	0	9	299	86	92	0	0	57
Bacteroides uniformis	820	S	141	19	0	0	0	0	87	69	70	0	0	0	0	0	0	59	0	0	21	0	276	0	0	0	0	10	51	0	0	25	0	0	0	0	0	160	0	0	0	0	13	0	0	0	0	0	737	0	0	0	109	26	0	0	61	0	0	1216	0	0	0	97	130	81	0	71	35	0	0	304	0	134	0	0	39	83	0	67	0	0	262	0	549	0	0	39
Phocaeicola dorei	357276	S	137	108	17	9	16	0	90	83	34	0	0	0	0	19	0	9	0	0	0	8	97	40	0	0	0	0	0	0	0	0	20	0	0	0	7	0	0	0	40	0	0	0	12	20	0	0	18	0	6	85	0	0	23	0	0	0	0	276	0	0	25	70	20	17	98	0	0	0	28	0	0	0	10	0	9	72	9	73	0	0	19	59	81	0	0	0
Phocaeicola vulgatus	821	S	133	38	0	39	0	8	14	184	64	0	21	0	0	16	59	44	34	45	89	57	46	99	0	15	24	0	125	0	0	0	0	23	0	0	12	0	14	0	95	0	0	0	0	0	0	0	98	41	0	71	0	0	40	27	104	8	0	129	86	0	26	280	0	30	54	0	36	0	0	182	30	0	16	0	27	0	0	96	0	0	548	0	146	47	30	0
Phocaeicola salanitronis	376805	S	14	0	11	0	0	32	28	49	74	0	0	0	0	0	16	5	9	0	0	0	58	0	0	0	0	0	17	0	13	0	23	0	0	0	28	0	5	0	20	0	54	0	0	0	0	0	101	0	9	0	30	0	0	35	0	0	0	527	0	0	20	164	28	13	14	26	25	0	0	137	0	59	0	10	14	244	10	38	5	0	133	43	84	0	0	0
Prevotella intermedia	28131	S	61	20	323	70	0	0	16	1446	69	1857	11	0	0	174	78	69	28	94	0	17	87	0	138	17	69	20	881	116	57	11	82	216	68	35	39	1245	0	7	14	41	0	0	14	155	28	2439	1433	0	17	355	215	26	20	1767	401	0	142	238521	315	0	0	6798	5885	85	131	1276	614	52	92	21728	981	11212	14	7	403	21615	0	4570	31	350	11811	1106	4215	45	0	31
Prevotella melaninogenica	28132	S	33	99	138	77	92	13	114	1631	23	594	35	50	0	177	69	290	330	166	20	107	57	105	27	19	92	16	376	147	39	71	164	58	1854	58	161	1394	23	29	70	0	12	12	58	315	44	536	2519	67	72	125	307	19	45	250	456	151	65	54123	42	48	0	1220	394	78	210	456	833	54	141	2945	176	2781	35	40	259	8013	13	576	0	248	8584	121	997	37	33	65
Prevotella bivia	28125	S	27	31	172	163	7367	11	19	1566	35	74941	50	6	17	99	3341	179	126	2508	152	4429	42	181	1647	104	3817	0	5569	244	6043	0	6959	839	152	232	61	603	1577	24	29	72	39	22	42	1550	70	16388	1956	24	378	3243	109975	99	9	16111	244	1315	145	171496	18956	2018	104	443330	990948	196	1066	45489	255844	1696	1656	120190	151663	85178	6963	90	288532	276625	223	1079722	1126	12167	116025	91646	4889	273	49	2356
Prevotella dentalis	52227	S	13	0	327	0	0	0	0	912	0	0	0	0	0	0	0	0	0	0	0	0	35	0	0	0	0	0	30	0	6	0	0	0	0	0	17	0	0	0	0	14	0	0	0	0	0	0	11450	24	0	0	22	0	0	0	23	0	0	7759	0	0	0	131	1258	14	8	558	20	33	0	112	19	325	0	0	143	406	0	40	0	13	1300	14	177	0	0	23
Prevotella oris	28135	S	12	0	84	0	26	0	8	361	0	33	0	0	0	40	32	0	0	0	338	24	15	18	0	0	0	0	52	24	11	0	27	6	129	8	59	12	23	0	6	22	0	0	0	0	0	49	2659	0	0	18	70	15	7	19	71	0	0	4081	42	0	0	143	258	12	26	296	22	8	11	274	0	158	0	0	42	456	6	54	7	23	1692	25	279	22	0	10
Prevotella communis	2913614	S	5	0	18	0	0	0	0	234	0	66	0	0	0	0	16	0	11	0	0	0	0	0	17	0	5	0	125	48	14	0	0	0	0	0	0	0	0	0	0	0	0	0	0	12	0	0	368	0	0	0	94	0	0	5	96	0	0	16195	0	0	0	936	292	0	0	96	180	0	0	1031	0	795	0	0	87	2545	0	15	0	194	3813	0	1181	0	0	0
Hoylesella buccalis	28127	S	38	0	945	0	258	58	0	11919	24	2962	0	12	0	36	150	25	579	164	37	18	77	0	429	13	184	12	2568	826	129	15	494	434	0	36	0	1063	0	0	0	15	0	0	20	471	16	823	45242	35	10	29	4517	17	23	807	3104	8	139	631328	603	23	39	35725	21031	89	18	7951	11186	42	449	20342	958	21571	62	32	10841	83965	26	2994	226	3528	99041	382	28120	383	6	14
Segatella copri	165179	S	11	192	15	219	34	0	63	165	124	12	153	0	39	28	0	82	24	0	0	56	7	51	0	6	0	26	211	7	5	0	20	49	46	0	9	17	0	25	10	0	0	0	0	5	0	25	1228	20	29	63	12	18	25	19	29	0	0	859	0	0	6	60	37	89	97	79	10	0	0	38	107	22	0	24	7	93	0	31	0	0	38	158	61	0	0	7
Epilithonimonas vandammei	2487072	S	297	630	198	358	801	190	1830	1690	1596	332	141	159	78	2535	256	2200	575	230	397	4520	230	371	238	113	126	301	792	159	357	452	347	120	694	219	464	1289	130	208	217	206	115	66	126	65	79	159	103	274	462	1053	1047	173	146	132	548	266	0	174	515	149	249	416	768	1174	2185	32	256	427	103	704	535	25	181	66	63	228	145	348	113	78	1036	1241	337	311	177	131
Chryseobacterium manosquense	2754694	S	37	140	17	75	134	0	90	52	76	29	19	61	0	119	39	111	48	73	21	3888	0	0	0	0	11	57	23	0	0	0	35	170	20	0	14	187	0	0	15	9	0	0	0	0	0	0	0	0	0	65	0	0	24	0	45	18	0	0	33	0	0	51	0	0	12	0	0	0	0	19	102	0	0	0	0	0	0	0	0	0	0	146	0	22	0	0
Cloacibacterium caeni	2004710	S	39	547	40	127	297	143	541	4086	408	24	115	286	322	64	0	0	1094	338	506	210	0	290	0	333	281	174	34	163	0	171	147	0	0	0	225	979	10	115	436	40	33	0	43	20	0	0	53	0	470	484	418	139	44	13	125	86	0	0	0	0	996	0	35	81	60	0	152	0	14	98	719	0	0	0	123	0	0	202	0	0	438	2503	122	123	148	32
Cloacibacterium normanense	237258	S	17	249	11	152	377	46	133	1704	0	0	42	0	0	0	0	0	0	84	72	0	0	129	0	0	84	0	0	0	0	0	31	0	0	0	0	58	13	0	43	18	0	0	14	0	0	0	0	0	100	0	27	60	58	0	20	20	0	0	0	0	112	45	0	0	16	0	0	0	0	0	0	10	0	0	0	0	0	104	0	0	0	0	0	0	180	42
Flavobacterium sp. K5-23	2746225	S	7	0	37	0	0	15	0	16	47	33	55	10	50	107	0	0	40	11	0	0	48	16	0	24	32	7	71	17	18	0	24	82	0	15	7	0	22	16	0	13	51	19	0	5	0	0	58	0	0	0	49	10	11	49	0	11	0	57	0	0	39	82	50	71	120	26	0	0	0	21	7	8	0	0	14	36	15	40	0	0	26	87	41	0	68	0
Formosa agariphila	320324	S	59	0	125	0	0	32	10	39	71	122	63	26	36	245	13	312	56	44	0	0	175	476	43	17	40	7	223	66	258	19	54	71	0	80	12	0	14	29	39	173	46	10	0	16	0	0	74	45	0	60	121	14	11	99	21	0	22	610	13	0	50	537	658	734	140	271	138	34	6	585	0	23	18	0	575	153	85	437	26	39	41	82	120	21	63	14
Candidatus Karelsulcia muelleri	336810	S	32	0	110	0	0	69	5	155	195	72	65	36	47	14	29	53	24	44	0	17	511	119	0	64	76	19	91	37	20	0	69	15	0	54	10	311	7	26	26	58	132	18	5	0	14	12	40	0	14	23	78	0	34	125	0	32	68	2240	10	12	100	1136	226	199	77	56	39	36	5	106	64	16	21	7	70	79	84	97	32	15	70	74	143	30	232	6
Sphingobacterium multivorum	28454	S	14	15	0	0	0	0	0	32	0	59	0	0	0	50	0	0	40	0	72	0	118	0	0	0	0	0	0	0	0	0	0	39	362	0	48	276	0	0	0	0	0	0	0	0	0	0	80	0	0	29	53	0	0	0	34	0	0	0	31	0	0	0	0	0	0	0	0	0	13	0	236	0	0	7	0	45	0	386	0	0	0	230	48	0	0	0
Pedobacter sp. D749	2856523	S	20	192	57	97	26	0	46	54	54	0	0	0	0	488	0	0	0	0	0	0	0	0	0	0	0	0	0	0	0	0	0	303	1348	13	0	775	0	0	0	0	0	0	0	0	0	0	0	0	0	0	0	0	0	0	0	0	0	0	0	0	0	0	0	0	21	0	0	0	0	0	0	0	82	53	0	0	0	0	0	0	0	0	0	0	0	0
Gemmatirosa kalamazoonensis	861299	S	7	74	7	18	0	0	0	35	74	0	0	12	0	17	6	51	0	0	0	0	0	888	8	0	0	0	69	0	0	13	32	47	159	0	9	114	13	0	0	14	0	0	0	0	0	0	0	0	0	0	14	0	10	7	0	0	0	0	0	0	20	7	0	48	70	0	0	0	9	0	0	0	20	0	0	0	0	23	0	0	180	93	12	13	0	0
Fusobacterium animalis	76859	S	61	0	0	0	0	0	0	200	12	485	0	0	0	76	14	0	908	0	0	0	5	0	0	0	0	138	481	0	0	0	212	0	0	0	46	100	0	12	0	0	6	0	0	0	0	1284	2862	0	40	71	0	0	0	58	58	0	0	0	1182	0	0	95	6288	19	271	1600	6444	2189	0	7	8342	9751	333	0	0	17994	0	1031	1843	12185	64568	68	100	14	0	0
Fusobacterium hwasookii	1583098	S	26	0	10	25	0	26	0	57	34	14	0	0	0	16	0	13	0	0	0	0	12	0	0	0	0	0	155	0	54	0	16	0	0	14	6	0	0	17	0	0	21	5	0	0	0	132	1687	0	0	0	20	0	0	15	0	0	0	9	92	0	6	205	602	29	0	125	384	87	0	18	645	700	0	0	0	662	9	81	55	754	1455	10	90	14	31	0
Urbifossiella limnaea	2528023	S	49	0	0	0	0	0	0	0	0	0	0	0	0	66	0	9	0	0	11	0	0	1155	5	0	0	0	0	13	0	0	0	120	48	150	0	0	0	0	0	0	0	0	0	0	0	0	78	0	0	72	18	0	29	33	0	0	0	0	0	16	0	0	64	50	0	0	0	112	0	25	0	0	0	0	0	0	0	131	0	0	1378	376	0	0	0	0
Verrucomicrobium spinosum	2736	S	12	23	17	18	0	0	0	312	61	0	0	0	0	0	10	0	0	0	0	0	0	54	0	0	0	0	27	0	0	10	14	12	0	0	0	27	0	0	0	0	0	0	23	0	0	0	0	0	0	0	0	0	0	0	0	0	0	0	0	0	0	8	0	31	429	0	7	24	0	0	0	0	0	0	0	0	0	15	83	0	146	98	0	0	24	0
Campylobacter ureolyticus	827	S	24	21	22	0	0	29	10	1381	0	7	0	0	0	31	39	19	273	0	24	16	135	15	46	0	0	0	944	143	0	0	698	0	0	35	5	1740	8	76	0	74	0	5	0	341	0	150	45953	221	224	2527	980	0	15	154	1791	0	113	31043	5592	0	51	39496	20745	22	52	2424	2675	42	60	2077	4128	8446	69	260	23041	11880	29	95339	16810	1779	75998	54611	13066	297	121	4236
Bacteriovorax stolpii	960	S	20	18	15	17	0	0	0	22	161	0	0	0	0	89	0	60	0	14	0	0	57	344	0	0	0	0	29	0	11	8	0	517	0	0	0	0	7	225	16	0	0	0	0	0	0	0	7	0	0	0	55	9	0	0	0	0	0	0	0	0	8	0	0	0	138	0	0	0	0	18	0	0	0	0	0	0	0	41	0	0	0	293	0	205	0	0
Homo sapiens	9606	S	108517	75866	181742	103884	105855	41994	93002	126314	73159	611185	460528	586068	10630	148919	71193	552242	43712	147418	84049	66200	161125	201145	572920	383975	482001	57756	206165	222817	604254	318842	85238	193783	297696	129972	95036	210721	78730	92230	165984	344468	39224	31755	77454	134639	102675	67977	125344	281833	92047	368821	112056	3149489	3321184	163313	1185645	204703	168927	62819	73136	21673	1376043	227031	354780	966514	84446	394091	459532	245006	135750	460513	157716	50391	182554	135783	987796	311103	190511	277705	46339	252963	284518	283676	97760	118271	133339	104568
Fusarium graminearum	5518	S	1685	0	0	0	0	0	0	0	52	0	0	0	0	0	0	31	0	0	0	0	0	90	0	0	0	0	0	0	0	0	80	23	0	0	50	0	305	0	0	0	0	0	0	67	0	0	34	0	50	110	0	94	54	0	0	0	0	0	69	0	0	0	0	0	51	0	0	16	0	39	0	0	0	0	7	0	0	41	0	0	0	400	39	0	0	0
Fusarium poae	36050	S	518	0	0	0	0	0	0	9	376	0	11	0	0	0	0	122	0	27	0	0	174	586	0	0	119	0	0	44	16	0	12	76	0	0	22	0	0	0	0	0	47	0	8	0	0	0	23	0	0	24	75	59	18	0	40	0	0	0	309	0	17	31	0	33	27	0	0	0	0	0	0	0	0	0	52	0	0	164	0	19	265	159	87	0	30	0
Fusarium pseudograminearum	101028	S	107	0	0	0	0	26	0	38	254	0	0	154	0	0	50	53	127	0	52	0	40	17	0	0	0	0	14	13	0	0	43	7	0	0	101	0	0	8	12	0	19	0	169	6	0	0	55	0	0	0	198	47	0	11	0	18	0	0	126	10	0	17	0	46	18	0	62	0	53	0	33	0	0	0	0	0	0	523	0	0	0	73	1306	25	1578	0
Fusarium keratoplasticum	1328300	S	377	0	0	0	0	0	0	0	1934	0	9	0	0	0	0	57	0	0	94	0	0	94	0	0	0	0	19	61	0	0	57	93	0	0	110	0	0	0	0	0	121	0	0	0	14	0	184	9	0	0	0	92	29	0	38	0	0	0	771	0	35	63	31	66	24	0	0	18	28	117	163	0	0	0	0	0	19	216	0	0	110	72	170	0	12	0
Fusarium falciforme	195108	S	104	0	0	0	0	52	10	60	0	0	0	0	0	0	0	0	88	18	0	0	0	0	0	0	33	0	0	0	0	0	29	0	0	0	66	101	0	0	0	0	11	0	0	0	0	0	234	27	0	0	133	0	0	0	21	0	0	0	75	0	0	0	0	48	0	0	0	10	0	0	0	0	0	0	0	0	0	83	0	0	0	187	197	0	81	0
Fusarium oxysporum	5507	S	642	17	6	18	5	0	8	40	5256	0	5	0	0	0	61	139	0	0	14	0	0	604	0	17	0	7	31	0	0	0	14	49	459	15	41	0	0	0	284	12	28	0	7	0	0	0	355	22	0	26	0	23	0	0	0	0	0	0	359	0	38	22	0	0	41	0	19	0	40	185	198	0	0	0	0	0	0	62	0	0	444	170	70	0	0	0
Fusarium musae	1042133	S	1270	51	0	0	0	184	0	254	3519	38	2754	11	0	190	0	528	57	167	867	377	0	391	77	39	104	55	74	432	17	0	868	2273	0	25	2064	307	736	283	43	0	76	23	1873	22	62	0	477	484	48	2785	274	80	96	33	55	31	0	28	231	20	43	459	90	322	227	0	21	1064	70	407	0	0	60	0	13	24	20	3635	0	46	1652	804	18142	85	1037	70
Akanthomyces muscarius	2231603	S	91	16	0	0	0	55	18	181	14317	24	6	463	113	19	90	203	24	25	38	0	120	139	0	246	0	9	44	64	10	0	151	162	0	0	410	22	19	67	20	24	113	0	104	317	23	0	224	30	13	125	156	51	49	0	177	0	0	11	23	17	0	82	20	145	74	0	163	43	93	32	540	12	12	0	20	0	0	385	0	0	449	258	456	67	11	52
Ustilaginoidea virens	1159556	S	62	0	0	0	0	0	0	16	499	0	5	0	0	0	39	138	0	0	90	0	150	22	0	172	0	0	40	15	0	14	62	139	0	0	271	435	0	7	17	0	59	0	98	0	0	24	415	36	0	0	138	15	15	0	0	0	0	0	138	0	0	48	0	78	11	0	8	22	12	80	32	0	0	0	14	0	0	161	0	0	91	191	295	0	1930	15
Neurospora crassa	5141	S	104	0	0	0	73	0	0	49	32318	20	172	11	77	106	42	355	0	0	112	10	157	1398	12	1716	0	0	183	81	46	59	296	610	180	21	584	321	53	0	43	28	118	0	216	61	57	0	761	64	39	121	165	70	83	7	48	60	0	0	396	18	52	635	28	289	222	0	13	150	97	669	42	0	0	0	20	19	0	1816	9	0	539	870	2807	61	1117	23
Thermothielavioides terrestris	2587410	S	31	0	0	0	0	0	0	0	58	0	0	0	0	0	0	51	0	0	16	0	60	46	0	37	44	0	45	0	18	0	43	23	0	0	0	0	5	27	0	0	0	0	0	23	0	0	148	0	0	0	25	7	9	0	13	0	0	0	64	0	0	77	0	60	19	0	0	15	0	0	53	0	0	0	705	0	0	91	0	50	0	139	88	0	21	40
Botrytis cinerea	40559	S	6	0	17	38	0	15	22	71	614	5	27	126	72	299	16	872	249	81	158	212	115	3662	35	0	147	12	219	333	59	485	506	1849	1999	36	415	523	80	28	217	60	974	0	508	344	80	23	975	107	81	45	299	125	212	40	189	21	0	0	1309	84	13	624	358	647	708	17	166	123	509	313	116	10	19	0	53	11	6	1818	15	90	777	1136	3427	138	1613	86
Zymoseptoria tritici	1047171	S	40	0	21	0	0	26	169	344	1327	0	2258	15	457	516	52	1297	97	99	1919	297	73	8639	89	18	130	32	349	3150	162	79	1204	5778	933	69	2234	240	784	124	715	102	418	27	4255	171	57	55	17422	564	23	1083	413	179	221	70	202	182	0	0	514	38	36	3975	183	1152	688	12	167	2924	272	432	281	0	178	27	117	35	20	5762	0	518	1758	1478	48366	416	1160	150
Fulvia fulva	5499	S	24	0	8	0	13	11	22	233	812	0	629	0	39	101	34	497	10	9	1225	229	32	6606	13	0	0	0	145	1321	78	84	1012	2759	258	23	1258	621	255	78	202	56	50	0	1586	126	28	48	25582	590	70	717	208	61	87	41	164	0	0	0	438	0	17	1463	44	569	417	0	55	1307	96	379	323	19	89	0	76	49	17	5111	0	1909	2329	825	17699	45	279	61
Cercospora beticola	122368	S	15	8	0	0	105	0	44	347	892	0	893	0	48	203	49	459	47	46	1034	246	16	1569	10	0	30	21	124	490	86	34	447	2468	143	26	1134	0	299	34	24	82	49	0	1437	46	36	0	2735	327	62	511	178	28	98	41	55	73	0	12	770	30	38	1225	12	552	288	0	60	1049	94	180	1038	70	50	0	11	0	0	780	0	653	1332	423	9794	91	444	79
Ascochyta rabiei	5454	S	79	39	77	55	48	136	107	890	14584	106	511	4921	1195	1444	995	5629	2465	522	1958	621	228	25349	277	148	414	330	1179	5061	391	225	2341	28835	1765	2940	4399	529	841	1209	9320	510	73156	27	4828	7473	484	330	10340	1190	396	1878	4063	1825	463	119	2064	104	78	16	1851104	215	342	4121	504	2805	2900	45	2407	1139	1886	1305	1031	9	623	30	92	74	40	20159	82	129	9075	5502	46730	1356	82032	925
Aspergillus chevalieri	182096	S	16	0	26	0	41	0	0	171	3839	0	85	0	0	186	94	407	102	98	0	506	0	407	0	0	124	15	174	178	0	136	1351	12787	237	61	810	374	24	89	1910	52	56	18	246	1213	73	0	652	371	26	272	1217	94	81	21	1883	24	0	10	156	30	100	429	38	334	444	0	33	0	58	393	100	0	0	0	0	0	20	472	0	36	272	110	3561	0	93	155
Penicillium oxalicum	69781	S	18	0	29	0	34	25	123	231	803	0	0	0	487	37	111	373	172	127	105	7296	73	310	0	0	91	0	94	604	41	194	4704	94	271	84	169	0	95	0	85	0	0	0	0	0	0	0	1179	0	22	126	97	50	130	0	19	0	0	0	156	0	70	1186	86	369	201	0	72	147	128	96	412	0	48	0	0	0	36	340	0	79	276	1213	710	0	27	19
Pichia kudriavzevii	4909	S	563	0	0	0	85	4378	75	111	14184	22	2009	87	0	40	437	114	0	98	130	213	24	277	227	35	0	108	61	1893	70	194	39	262	0	23	149	841	135	47	10	0	310	0	82	16	0	111	1591	133	79133	0	174	229	87	9	44	23	0	20	163	0	137	404	134	556	8385	0	41	227	0	81	24	0	16	17	0	6	69	169	21	38	408	291	534	77	34	60
Brettanomyces nanus	13502	S	9	0	0	0	0	33	0	0	267	0	41	295	0	14	0	3828	56	12	0	59	0	75	0	0	16	17	13	30	0	8	165	48	323	9	54	72	0	36	0	0	27	0	6	0	79	0	946	0	33	76	61	39	10	0	0	21	0	0	585	0	0	171	32	23	133	0	57	0	84	59	0	11	0	0	0	0	0	251	24	0	0	173	376	25	27	16
Sugiyamaella lignohabitans	796027	S	35	0	0	0	22	71	33	0	455	0	72	0	0	57	0	58	21	0	0	41	6	1831	0	0	0	10	42	38	25	0	132	48	135	6	52	0	0	13	98	15	53	0	9	18	23	0	140	0	6	0	0	45	46	21	42	0	0	0	82	0	6	0	0	36	177	0	8	0	88	18	18	0	8	0	14	7	0	287	0	8	536	1402	102	0	13	8
Tetrapisispora blattae	1071379	S	27	0	0	0	0	71	0	28	460	0	17	37	0	24	0	26	0	0	0	0	0	885	0	0	0	0	19	58	0	29	63	18	0	0	0	0	0	0	0	0	36	0	8	0	0	0	49	0	8	0	27	0	0	0	31	19	0	0	93	0	38	16	66	17	316	0	0	0	0	52	0	0	0	0	0	0	0	345	0	0	0	0	7	0	0	0
[Candida] auris	498019	S	6	40	0	0	0	17	68	27	4481	24	15	625	18	226	216	158	17	0	12	1666	69	255	68	51	11	10	29	64	71	326	118	202	338	34	75	688	225	430	174	36	294	17	20	14	9	71	104	118	17	92	124	150	170	197	15	24	0	244	170	22	156	404	87	740	246	88	0	49	13	651	143	0	9	28	79	62	33	242	0	24	432	397	352	65	929	14
Malassezia restricta	76775	S	932	4910	1292	1887	2668	1389	3341	7367	7068	1231	1202	385	393	12539	27477	29386	9831	1639	26125	2459	2507	12202	1040	625	580	1163	10557	16669	2580	9507	16850	3945	14313	7186	23933	21097	14634	5092	2161	8386	1801	798	5012	7554	3489	11207	24339	25234	12150	17666	45583	1500	2135	360	5257	2468	338	536	6912	334	1255	13163	10476	17515	79203	513	3371	3671	1585	17181	51567	249	757	481	865	684	380	18302	758	6727	71420	24763	21103	5710	5944	3928
Malassezia vespertilionis	2020962	S	22	0	49	0	0	7	28	45	293	105	68	20	13	658	4845	1333	89	47	100	141	35	840	92	0	24	14	400	2080	92	103	670	225	294	527	586	488	153	154	49	52	61	177	113	152	125	235	765	581	80	306	547	120	112	6	92	71	0	34	32	18	813	142	2260	964	10202	14	108	124	124	1955	6381	7	9	23	43	21	9	1093	49	191	1073	4660	1014	117	68	218
Sporisorium graminicola	280036	S	30	0	9	8	0	0	19	0	6926	6	39	14	101	40	89	6187	0	67	129	0	0	344	20	0	51	994	47	61	40	25	299	373	176	35	230	210	29	38	95	0	156	0	175	115	14	0	776	81	58	183	85	213	63	8	71	0	0	109	217	31	135	305	90	169	297	0	23	174	18	148	101	0	9	0	32	13	0	500	16	0	276	8164	935	80	86	28
Psilocybe cubensis	181762	S	85	28	9	0	0	0	0	498	858	0	7	10	15	376	15	10021	20	15	134	13	13	179	73	15	0	27	314	130	23	106	2732	1563	128	18	502	463	91	205	129	29	86	25	40	752	1564	88	296	285	0	265	80	92	74	0	40	40	0	0	68	0	9	341	58	1270	708	35	56	55	76	18492	959	0	175	0	10	13	51	2534	29	102	745	264	1871	219	74	101
Marasmius oreades	181124	S	78	0	10	0	85	0	85	290	3939	45	35	11	161	359	53	3494	20	91	92	59	80	1267	50	29	115	22	366	132	133	69	2875	1342	985	90	1082	1690	45	227	282	41	110	19	54	488	2152	191	1499	109	37	478	230	239	63	15	74	76	0	19	213	0	56	297	120	1555	1269	19	127	56	116	8326	583	0	16	14	377	0	0	1812	71	0	0	7276	2628	199	81	93
Rhizoctonia solani	456999	S	57	0	27	0	0	58	89	42	3389	43	17	0	27	458	307	1581	36	47	29	45	0	421	53	0	11	86	256	186	35	28	3332	958	257	187	1161	463	65	210	105	66	198	12	36	427	2632	44	499	107	55	245	183	278	58	0	103	22	0	0	97	29	56	372	202	1967	1571	20	46	33	67	6334	615	0	9	0	108	32	54	1508	43	64	686	8933	1815	58	50	110
Cryptococcus neoformans	5207	S	26	18	0	0	0	0	67	0	416	0	0	0	0	0	0	128	6	0	0	0	0	15	0	0	0	0	0	76	0	0	165	107	0	0	9	340	0	9	0	0	16	0	0	0	0	191	0	0	0	0	16	6	0	0	0	0	0	0	0	0	0	0	0	57	40	19	0	0	0	0	0	0	0	0	0	6	0	53	0	0	52	0	1072	17	0	0
Babesia bigemina	5866	S	12	39	30	19	0	20	0	5	91	34	569	292	6	45	11	1549	0	0	70	0	0	166	10	25	0	0	0	14	6	38	185	0	0	7	152	211	16	25	33	28	0	0	0	16	26	0	44	23	19	185	33	0	9	0	72	40	0	119	32	0	0	0	0	40	70	0	0	54	6	14	16	0	0	10	0	0	0	89	5	0	13	97	26	18	167	24
Babesia microti	5868	S	9	0	6	0	0	0	0	0	750	0	0	0	0	18	0	75	0	0	0	0	8	149	0	0	0	0	11	0	0	13	33	12	0	0	0	0	0	0	17	0	11	0	10	0	0	0	12	0	0	0	0	80	21	0	0	0	0	0	11	0	12	0	0	7	139	0	0	16	0	24	0	7	0	0	56	0	0	165	0	0	0	663	0	14	6	8
Phaeodactylum tricornutum	2850	S	20	0	0	0	0	43	0	80	4556	323	16	11	62	89	35	114	68	0	0	18	14	5537	12	0	0	23	48	18	28	21	545	138	283	32	109	17	76	44	161	43	35	0	0	19	5	26	53	25	0	42	65	315	93	0	0	0	0	80	8	67	74	110	45	300	315	20	28	65	9	328	44	0	14	0	233	0	0	136	0	0	526	1472	185	52	225	17
Thalassiosira pseudonana	35128	S	6	0	16	0	0	7	0	7	1965	0	9	11	34	97	0	60	0	0	56	60	9	1384	11	0	0	0	140	16	0	0	514	28	16	11	51	164	0	13	52	20	12	0	58	0	12	0	10	0	44	24	60	28	29	0	49	11	0	0	72	549	18	36	16	254	261	5	69	64	106	140	102	12	0	0	38	0	0	207	0	0	91	390	124	15	0	23
Cryptomonas paramecium	2898	S	25	0	0	0	0	0	23	0	437	25	10	7	11	42	0	22206	0	18	0	0	12	1860	0	6	10	0	28	0	105	9	21	52	145	43	167	0	69	15	23	0	19	0	6	68	0	0	65	0	0	46	39	21	24	0	0	12	0	48	9	12	40	20	0	114	91	0	0	0	6	51	29	0	8	0	0	7	0	249	5	0	121	172	43	7	10	0
Leishmania mexicana	5665	S	13	158	0	54	0	0	0	29	0	10	15	9	0	39	7	3257	10	48	77	0	0	21	8	0	14	6	13	24	0	34	35	21	302	7	116	1213	0	18	42	74	24	0	9	9	19	8	17	56	0	89	81	0	0	5	29	48	0	0	46	13	0	0	7	34	18	0	0	10	74	0	34	14	0	13	0	19	0	68	0	48	308	601	44	14	0	18
Murine leukemia virus	11786	S	387	6610	453	4297	1445	91	824	260	178	0	0	0	0	9	0	0	0	10	0	0	0	0	0	0	0	0	0	0	0	0	567	0	0	0	1569	0	49	38	100	7	89	15	1799	4421	227	0	0	0	1722	70	1510	34	38	0	55	14	0	0	0	0	0	0	0	0	0	0	0	0	0	0	0	0	0	0	0	0	0	2974	0	8	0	0	2519	10	0	233
Enterobacter hormaechei	158836	S	0	133	196	0	282	171	305	0	61	220	0	0	0	205	191	73	159	35	0	123	0	283	0	0	0	0	23	278	0	0	147	186	0	0	146	0	0	0	0	473	0	0	0	0	0	0	113	0	93	834	261	190	817	0	326	103	0	0	0	0	0	28	80	81	114	28	0	0	61	89	0	0	0	0	110	0	0	241	0	0	738	241	314	120	0	138
Shigella dysenteriae	622	S	0	347	37	238	183	0	124	0	37	29	0	0	0	31	0	0	0	38	0	24	0	0	0	0	0	0	0	0	0	0	54	0	38	0	296	806	0	0	0	0	0	0	155	0	0	0	0	0	0	0	317	438	208	0	105	0	0	45	0	0	0	0	0	28	0	0	0	0	0	0	0	0	0	0	0	0	0	39	0	0	0	0	64	0	0	0
Klebsiella michiganensis	1134687	S	0	86	0	25	47	0	0	0	11	11	0	0	0	131	19	101	0	0	0	26	0	0	59	0	0	0	28	0	0	67	118	78	4157	12	67	9801	0	0	21	53	0	0	0	11	0	0	0	0	0	82	137	0	0	0	15	0	0	0	0	0	0	0	0	10	231	0	0	29	167	25	0	28	33	17	0	8	11	64	27	46	0	468	46	0	14	14
Acinetobacter sp. LUNF3	2925837	S	0	960	32	36	0	0	106	0	360	0	0	0	0	92	0	169	0	0	0	0	0	2069	130	0	0	0	0	27	0	0	286	0	914	0	186	0	0	0	22	145	0	0	51	0	0	0	0	0	0	0	0	92	0	0	0	0	0	0	0	0	0	79	349	0	0	0	0	0	0	0	507	0	0	0	0	0	0	0	0	0	757	129	261	135	0	93
Acinetobacter sp. SWBY1	2079596	S	0	142	0	0	0	0	0	19	1097	0	0	0	0	80	0	0	0	0	0	0	87	209	0	0	0	51	0	0	0	64	127	0	113	12	0	0	0	0	0	0	0	0	0	20	0	0	0	0	0	118	0	0	14	17	0	0	71	0	0	0	0	10	2242	20	0	0	0	0	9	0	212	0	0	0	0	0	0	0	0	0	0	145	0	0	0	0
Acinetobacter sp. MYb10	1827285	S	0	65	0	64	0	0	0	0	18	185	0	0	0	14	0	0	0	0	0	186	0	201	0	0	0	0	0	0	0	40	22	22	0	0	12	458	0	0	0	0	0	0	20	0	0	0	0	0	16	0	0	0	0	0	0	0	0	0	0	0	0	0	0	0	43	0	0	0	0	0	73	0	0	0	0	0	0	0	0	0	84	0	0	0	0	0
Acinetobacter sp. Colony158	2810070	S	0	45	0	64	451	14	260	104	100	0	0	0	0	0	0	0	0	0	0	2812	0	162	0	0	0	0	0	0	0	247	0	0	0	0	0	0	0	0	0	0	0	0	0	0	0	0	0	0	0	183	0	0	14	0	34	0	0	0	0	0	0	0	0	32	83	0	0	0	0	0	0	0	0	0	0	0	0	0	0	0	0	16	0	0	0	0
Pseudomonas sp. phDV1	253237	S	0	442	0	171	229	34	119	55	74	66	0	0	0	0	12	50	0	0	0	0	0	0	0	0	0	0	16	0	0	0	206	18	21	0	46	0	0	54	0	0	0	0	0	33	0	0	0	0	32	0	29	0	0	8	230	0	0	14	0	0	0	14	102	17	0	0	0	0	0	0	0	0	0	0	0	0	0	0	0	0	0	120	0	0	0	0
Pseudomonas siliginis	2842346	S	0	59	26	42	118	0	0	58	0	65	57	0	0	57	81	22	33	0	221	0	0	76	0	0	0	0	0	0	0	0	0	67	931	0	0	0	83	162	0	99	0	0	0	0	0	0	74	73	0	184	0	0	0	6	0	47	0	0	148	0	0	0	0	12	19	0	0	0	0	0	65	0	17	33	0	0	0	0	0	0	603	0	0	59	34	0
Stenotrophomonas rhizophila	216778	S	0	79	6	67	86	5	46	54	32	0	28	0	0	0	39	45	0	0	152	0	0	934	0	0	0	0	0	0	0	0	0	5	0	0	5	0	24	26	0	55	0	0	17	13	0	0	6	35	0	101	0	0	0	0	14	0	0	0	94	31	0	0	0	7	10	0	0	0	0	0	40	0	0	7	0	0	0	492	0	0	0	0	0	7	0	0
Haemophilus haemolyticus	726	S	0	27	12	28	0	0	31	0	48	28	16	0	0	53	31	35	0	69	72	0	0	0	0	0	0	0	31	17	0	0	56	0	30	0	67	82	0	16	0	81	0	0	19	0	17	24	0	0	0	144	250	61	0	0	34	28	0	14	0	0	0	0	0	165	54	0	194	0	0	177	0	0	0	0	0	9	0	61	0	0	215	226	37	0	0	15
Cardiobacterium hominis	2718	S	0	56	0	39	0	6	0	70	13	0	0	0	0	42	0	71	21	0	45	0	0	14	6	6	0	0	40	5	0	21	25	0	66	8	0	0	12	0	7	6	0	0	9	17	0	48	0	154	0	60	35	0	15	0	39	14	0	0	0	0	14	0	41	111	366	0	14	0	73	82	0	0	0	0	10	11	0	44	0	0	139	27	32	113	0	11
Paracoccus sp. TOH	1263728	S	0	97	0	24	132	0	86	49	41	0	0	0	0	70	0	61	0	0	73	105	0	0	0	0	0	0	38	121	0	43	0	99	109	228	59	139	31	0	0	14	54	0	0	0	15	0	166	83	0	0	324	30	129	0	35	19	0	0	0	0	0	0	85	245	34	111	14	64	36	203	24	0	0	0	18	20	0	261	20	0	167	145	160	0	0	0
Paracoccus stylophorae	659350	S	0	103	21	70	7	10	145	101	146	0	0	0	0	0	0	0	52	15	22	0	0	62	0	0	0	0	0	0	0	0	13	8	0	0	0	0	41	0	46	0	0	0	16	0	0	0	0	0	0	0	21	32	59	0	27	0	0	0	0	0	0	0	0	0	107	0	0	0	0	152	0	0	0	0	0	20	0	38	0	41	0	0	37	0	0	0
Paracoccus denitrificans	266	S	0	78	17	22	179	0	64	63	196	0	0	0	0	90	0	58	0	0	58	0	0	119	0	0	12	0	0	52	0	24	0	7	76	38	0	140	29	0	0	0	0	0	0	0	0	0	62	0	0	24	0	0	56	0	32	0	0	26	71	0	0	84	150	248	122	0	18	30	0	272	0	0	0	0	0	0	0	0	0	0	370	50	32	0	0	0
Paracoccus zhejiangensis	1077935	S	0	56	30	23	102	6	68	39	141	0	0	0	0	32	25	0	0	0	0	101	0	282	0	0	0	0	0	0	0	0	0	13	85	21	54	26	0	0	0	51	0	0	10	0	0	0	0	0	0	91	17	0	27	0	23	0	0	0	0	0	0	0	0	30	87	0	25	0	14	79	0	0	0	0	0	0	0	0	0	0	0	0	59	0	0	0
Paracoccus versutus	34007	S	0	60	33	11	92	10	132	73	263	0	0	0	0	74	10	0	0	0	15	0	0	0	0	0	0	0	33	0	0	0	0	41	45	0	0	160	45	0	0	0	0	0	0	0	0	0	0	0	0	0	46	0	0	0	0	0	0	0	0	0	0	0	0	0	94	0	0	0	0	0	0	0	0	0	0	0	14	0	0	0	0	194	0	0	0	0
Paracoccus mutanolyticus	1499308	S	0	83	51	27	0	15	0	86	348	42	0	0	0	0	58	0	0	0	0	0	0	0	0	0	0	0	0	0	0	107	0	411	55	0	0	0	0	0	0	32	0	0	0	0	0	0	0	0	0	574	152	147	0	171	54	0	0	0	0	0	0	0	0	0	0	0	0	0	67	0	0	0	0	0	0	0	0	0	0	0	0	0	0	0	0	0
Aliiroseovarius crassostreae	154981	S	0	35	0	0	0	0	0	17	0	26	0	0	0	0	0	22	0	0	0	0	10	131	0	0	0	0	0	0	0	0	0	0	0	0	0	0	0	0	0	0	0	0	0	0	0	0	166	0	0	23	205	0	11	0	0	0	0	582	0	0	13	201	296	16	557	39	101	0	0	72	0	0	0	0	188	137	0	20	10	0	166	293	0	0	0	0
Falsirhodobacter algicola	2692330	S	0	28	0	0	0	0	0	7	70	0	0	0	0	689	0	122	25	0	8	0	0	115	0	0	0	0	207	0	16	37	0	9	0	40	42	91	23	0	0	0	0	0	0	0	0	35	149	0	0	27	0	20	20	0	20	0	0	48	16	0	36	0	74	43	264	0	0	23	0	274	0	0	0	0	0	0	0	209	8	0	0	0	62	18	0	0
Abyssibius alkaniclasticus	2881234	S	0	5	0	19	0	0	0	0	106	0	38	0	0	463	0	59	89	0	0	57	24	114	0	0	0	0	194	19	0	0	0	19	0	0	0	0	0	0	0	0	0	0	0	0	0	0	0	0	0	13	12	136	62	33	5	19	0	0	0	0	0	33	104	361	225	0	0	0	0	198	0	0	0	0	0	0	0	34	9	0	501	0	33	0	0	0
Rhizobium oryzihabitans	2267833	S	0	120	0	109	40	0	267	81	0	16	0	0	0	488	37	2203	0	0	0	486	0	493	12	0	0	0	29	0	0	206	30	0	0	0	0	0	0	0	0	0	0	0	0	0	0	0	0	0	21	0	34	0	0	0	17	0	0	0	7	0	0	0	95	0	0	0	45	0	22	0	0	0	0	0	0	0	0	0	13	0	0	157	0	0	0	0
Rhizobium leguminosarum	384	S	0	40	15	0	0	0	0	183	27	0	30	0	0	0	57	471	0	0	0	0	61	117	0	0	0	0	23	0	0	0	0	0	0	0	0	0	0	0	0	0	0	0	0	0	0	0	0	41	0	0	0	0	0	0	34	0	0	0	0	0	0	38	0	0	0	0	0	0	0	0	52	0	0	0	0	0	0	127	0	0	48	62	0	0	0	0
Methylobacterium sp. WL1	2603276	S	0	38	0	0	18	0	0	0	71	0	0	0	0	36	7	25	0	6	0	0	0	17	0	0	0	0	0	0	0	0	12	0	0	0	0	0	23	0	0	131	0	0	0	0	0	0	102	0	93	0	30	0	0	0	14	0	0	0	0	0	0	0	0	138	0	0	0	146	0	0	223	0	0	0	0	0	0	81	0	0	319	353	23	0	0	27
Methylobacterium sp. FF17	2984843	S	0	14	0	0	14	0	0	44	140	0	0	0	8	143	88	226	30	0	77	22	28	246	24	0	0	0	42	51	74	0	81	61	130	0	63	5	483	25	39	1329	0	28	25	16	19	79	1485	10	0	33	51	135	80	6	259	7	0	0	111	14	46	18	11	237	196	0	0	386	0	85	450	0	0	0	0	0	0	618	0	19	602	1580	173	163	19	24
Aureimonas sp. AU12	1638161	S	0	56	0	0	0	0	0	0	0	0	0	0	0	2460	0	98	0	0	0	0	0	554	0	0	0	0	0	0	0	0	32	0	0	0	0	0	0	0	0	0	0	0	0	0	0	0	73	60	58	0	358	0	0	0	0	0	0	0	0	0	0	24	0	0	106	0	0	0	0	0	16918	0	0	0	0	0	0	0	0	0	0	120	0	0	0	0
Sphingomonas sp. HMP9	1517554	S	0	149	11	28	45	0	171	54	64	0	10	0	0	961	45	621	0	0	0	0	0	47	0	0	0	0	273	0	0	78	22	0	207	0	51	0	53	35	0	0	0	0	0	14	0	0	20	0	0	24	0	0	55	0	22	0	0	0	0	0	0	0	0	0	0	0	0	0	0	0	14	0	0	0	0	0	0	0	0	0	0	0	0	28	0	0
Sphingomonas sp. AAP5	1523415	S	0	144	12	87	27	10	42	16	19	0	0	0	0	0	114	64	0	0	80	0	39	262	25	0	0	0	140	0	0	33	16	24	57	0	12	0	50	0	0	29	0	0	0	19	0	0	73	0	0	127	0	25	184	0	27	0	0	0	76	0	0	0	0	38	41	0	0	0	0	41	0	0	0	0	0	0	0	37	0	0	0	0	0	17	12	0
Sphingomonas sp. LHG3406-1	2804617	S	0	36	0	0	0	0	0	0	18	0	0	0	0	160	0	35	0	0	0	0	0	358	11	0	0	10	47	56	0	0	17	79	0	0	47	149	0	0	0	23	0	0	0	0	0	0	30	35	0	0	0	0	0	0	15	0	0	9	0	0	0	0	0	130	0	0	0	0	0	0	54	0	0	0	0	0	0	62	0	0	0	183	0	21	0	0
Sphingomonas sp. FARSPH	2219696	S	0	28	0	0	98	0	0	0	52	0	0	0	0	0	6	0	36	0	42	0	0	3695	0	0	0	0	44	0	0	37	0	44	0	0	88	0	27	78	45	0	0	0	0	0	58	0	0	0	0	0	0	0	0	0	0	0	0	0	0	0	0	0	0	219	70	0	0	134	0	0	215	0	0	0	0	0	0	53	0	0	346	102	381	0	0	0
Sphingomonas cannabina	2899123	S	0	122	0	22	0	0	0	32	46	0	0	0	0	174	12	88	0	0	38	0	0	947	39	0	0	0	0	0	0	0	0	0	0	0	0	0	9	0	0	0	0	0	0	0	0	0	276	0	0	0	0	0	0	0	13	0	0	0	68	0	0	0	0	0	48	0	0	0	0	0	0	0	0	0	0	0	0	87	9	0	272	94	0	0	9	0
Sphingomonas insulae	424800	S	0	27	15	0	14	0	18	47	24	0	0	0	0	62	0	127	0	0	0	0	0	889	0	0	0	0	32	0	0	0	0	67	0	0	0	159	0	29	0	0	0	0	0	0	80	0	164	0	0	6	0	0	0	0	0	0	0	0	0	0	0	0	0	296	154	0	0	15	86	40	0	0	0	0	0	44	0	115	0	10	445	0	393	71	0	17
Sphingomonas melonis	152682	S	0	38	0	54	0	24	136	74	548	0	0	0	0	0	240	0	0	0	455	0	0	0	122	0	0	0	606	105	0	0	272	0	0	0	197	0	150	92	50	532	61	0	0	39	0	0	179	0	0	260	0	0	567	0	0	0	0	0	0	0	0	0	92	0	0	0	0	0	0	232	0	0	0	0	0	0	0	0	0	88	0	293	0	0	0	0
Rhizorhabdus dicambivorans	1850238	S	0	68	0	0	27	0	0	0	104	0	0	0	0	0	87	129	0	0	0	0	199	2624	0	0	0	0	0	0	0	0	0	61	0	0	0	0	22	45	0	16	0	0	0	0	0	0	0	0	0	0	0	0	0	0	0	0	0	0	0	0	0	0	0	194	350	0	0	0	0	0	35	0	0	0	0	0	0	147	0	0	0	153	0	0	0	0
Tardibacter chloracetimidivorans	1921510	S	0	29	27	0	0	0	0	42	35	0	0	0	60	97	43	322	0	0	57	0	0	314	0	0	0	0	0	0	0	117	0	50	0	0	33	0	21	76	0	0	0	0	0	0	102	0	336	0	0	10	0	0	28	0	34	45	0	0	20	0	0	0	0	218	0	0	0	0	0	0	74	45	0	0	0	0	0	0	37	0	881	930	169	37	54	0
Brevundimonas sp. GW460-12-10-14-LB2	1827469	S	0	115	0	0	33	0	97	0	122	0	0	0	0	83	0	155	0	66	124	0	0	1434	0	0	0	0	0	0	0	0	60	40	135	0	21	224	0	41	0	45	0	0	0	0	0	0	0	0	0	0	25	0	0	0	59	0	0	0	0	0	0	0	0	0	0	0	0	0	0	0	0	0	13	0	0	0	0	2607	0	0	0	224	0	116	0	0
Brevundimonas sp. BT-123	2986928	S	0	57	0	0	112	0	184	0	117	0	0	0	0	0	0	0	0	0	61	0	0	0	0	0	0	0	0	0	0	0	0	38	199	0	17	231	0	0	0	71	0	0	0	0	0	0	0	0	0	110	0	0	0	0	100	0	0	0	63	24	0	0	0	0	0	0	0	0	0	0	0	0	11	17	0	0	0	0	0	0	418	92	0	58	0	30
Brevundimonas pondensis	2774189	S	0	61	13	0	22	9	64	77	30	0	0	0	0	186	7	0	0	0	63	0	0	0	38	0	0	0	0	0	0	0	38	29	142	14	274	0	23	11	0	0	90	0	19	0	8	0	0	0	25	185	68	0	0	0	18	0	0	0	0	13	0	93	0	0	0	0	0	41	0	0	0	0	0	0	0	0	0	110	0	0	71	46	16	19	0	10
Brevundimonas mediterranea	74329	S	0	42	0	0	41	0	61	56	55	0	0	0	0	20	0	95	0	0	11	0	0	293	0	0	0	0	0	0	0	28	0	125	553	0	8	415	13	17	0	33	0	0	0	16	0	0	0	28	0	138	0	0	0	0	38	0	0	0	0	19	0	0	0	0	31	0	74	57	0	0	0	0	12	28	0	0	0	0	0	0	0	25	0	0	0	0
Brevundimonas naejangsanensis	588932	S	0	50	41	0	51	0	74	125	134	0	0	0	0	253	10	149	0	0	80	1060	0	408	0	0	0	0	0	0	0	0	74	235	782	0	70	1039	27	0	0	0	0	0	0	14	0	0	0	0	0	147	0	154	0	0	17	47	0	0	32	0	0	0	0	0	90	0	0	0	0	0	0	0	45	69	0	0	0	248	0	0	0	0	41	0	0	13
Brevundimonas vancanneytii	1325724	S	0	67	0	56	0	0	0	0	0	0	0	0	0	1041	0	0	0	0	84	0	0	1109	0	0	0	0	0	0	0	0	0	35	38	0	0	221	55	0	0	0	0	0	0	0	38	0	0	0	0	0	57	0	0	0	76	0	0	0	0	0	0	0	0	0	116	0	0	0	0	0	0	0	11	0	0	0	0	803	0	0	173	337	77	0	0	0
Roseomonas haemaphysalidis	2768162	S	0	95	0	0	0	0	31	16	0	0	0	0	0	0	26	24	0	0	0	0	199	755	0	0	0	0	0	0	0	0	7	0	0	0	12	62	0	0	15	20	0	0	0	7	11	0	0	0	0	0	13	0	8	0	13	0	0	0	0	0	18	0	0	0	59	0	170	0	0	44	9349	0	0	0	0	0	0	0	0	0	0	138	0	0	0	7
Roseococcus microcysteis	2771361	S	0	7	0	0	9	0	0	0	14	0	10	0	0	0	0	352	0	0	0	0	73	1552	0	0	0	0	27	20	0	0	24	46	0	0	0	0	0	61	0	11	20	0	0	17	0	0	0	0	0	0	0	25	0	0	0	0	0	0	0	0	0	0	0	95	160	0	389	0	0	0	5509	0	0	0	0	0	0	36	0	11	0	50	16	16	21	10
Delftia sp. HK171	1920191	S	0	420	0	0	0	0	0	258	0	0	0	0	0	0	0	124	0	0	0	0	0	0	107	0	0	0	67	0	0	0	65	0	57	0	207	1042	0	0	0	0	0	0	0	87	0	0	0	0	100	0	81	0	0	0	0	0	0	0	0	0	0	0	0	96	570	0	65	0	0	0	0	0	60	0	0	67	0	93	0	0	0	0	84	0	0	0
Variovorax paradoxus	34073	S	0	197	9	69	0	11	66	26	33	35	0	0	0	50	39	243	0	8	0	0	0	112	8	0	7	0	0	0	14	0	21	628	11	0	0	58	117	0	0	6	0	0	0	11	0	177	0	65	0	131	43	0	64	0	78	0	0	9	32	0	0	0	0	0	241	0	0	0	0	0	0	8	0	0	0	0	0	1973	14	0	0	421	21	0	0	0
Ramlibacter tataouinensis	94132	S	0	215	0	28	0	0	0	89	46	0	0	0	0	16	25	105	13	0	0	82	0	589	22	0	0	0	19	12	6	0	15	2325	79	0	45	156	603	7	0	35	0	0	36	0	14	0	42	0	13	8	12	15	9	0	46	0	28	0	0	0	0	0	12	24	274	0	0	7	0	52	0	0	24	0	0	43	0	355	0	0	97	171	67	35	25	13
Comamonas aquatica	225991	S	0	45	0	114	107	36	115	161	361	0	31	0	0	54	79	305	0	0	118	0	99	491	23	0	0	0	53	176	21	0	56	504	137	0	42	148	30	41	20	72	32	0	21	31	40	203	16	0	45	171	158	43	41	0	71	0	0	0	12	12	0	63	23	115	397	0	35	52	27	20	93	0	0	0	0	31	0	86	0	108	0	648	47	27	0	11
Ottowia testudinis	2816950	S	0	28	17	19	48	9	6	56	636	22	9	0	0	353	11	26	0	15	0	0	94	0	0	0	20	0	50	0	0	0	0	1596	0	0	35	0	0	0	0	14	6	0	0	0	0	0	0	0	0	0	0	43	25	0	8	0	0	10	0	0	0	0	17	23	24	0	0	158	0	47	0	0	0	0	0	0	0	0	0	0	0	51	15	0	0	15
Ottowia sp. oral taxon 894	1658672	S	0	22	0	0	0	0	26	103	59	11	0	0	0	48	0	40	45	10	0	14	9	30	0	7	14	0	9	0	15	30	12	16	21	0	15	111	0	0	0	0	0	0	0	40	0	0	59	0	0	0	146	31	7	9	10	0	0	122	11	0	39	76	0	32	99	0	99	0	18	354	0	15	0	0	24	32	0	47	0	62	0	285	58	13	18	9
Massilia sp. REN29	3068633	S	0	92	0	26	0	10	0	100	502	9	0	0	0	150	22	43	0	19	45	0	0	1652	0	0	0	0	0	25	23	0	322	0	0	0	37	496	0	14	12	22	0	0	99	0	12	0	0	36	31	214	37	0	52	0	323	53	0	0	0	0	0	19	0	65	54	0	0	0	0	11	35	0	0	0	0	0	0	36	0	0	250	21	62	51	52	19
Massilia forsythiae	2728020	S	0	24	0	0	0	0	16	419	62	0	0	0	0	799	71	71	114	0	139	0	0	1386	14	0	0	0	20	30	0	56	134	73	103	0	19	26	17	20	0	36	0	0	9	0	10	0	272	84	0	27	16	0	38	0	172	0	0	0	88	0	0	0	0	154	507	0	25	0	15	47	85	0	0	0	0	0	0	1865	0	0	773	129	929	299	37	11
Massilia varians	457921	S	0	22	0	29	68	0	13	1099	99	0	0	0	0	2556	77	19	123	0	382	0	0	2239	20	0	0	0	0	83	0	0	116	0	0	0	0	135	30	28	18	100	0	0	0	0	0	374	311	45	0	850	0	36	70	0	882	72	0	0	31	16	0	0	0	109	0	0	0	0	15	20	57	0	0	0	0	0	0	2617	0	0	639	122	195	396	21	0
Pseudoduganella lutea	321985	S	0	63	0	0	0	0	0	37	15	0	0	0	0	174	0	17	0	0	105	0	0	1547	0	0	0	0	0	16	0	0	31	0	794	0	7	0	0	0	0	0	0	0	0	0	0	0	0	0	0	0	6	0	27	0	67	0	0	0	0	0	0	0	0	0	92	0	0	0	0	0	76	0	0	0	0	0	0	96	0	0	0	43	0	0	125	0
Duganella dendranthematis	2728021	S	0	56	0	12	0	0	0	24	39	0	58	0	0	177	0	25	0	0	30	0	54	3820	0	0	0	0	20	21	0	0	38	0	325	0	10	0	17	0	0	15	0	0	0	0	0	0	37	0	0	0	43	37	0	0	108	43	22	0	0	0	0	0	0	121	140	0	0	25	0	0	0	0	0	0	0	0	0	191	0	0	0	29	24	27	15	10
Herbaspirillum huttiense	863372	S	0	79	0	0	54	0	0	81	0	7	0	0	0	1625	0	1689	18	0	0	22	436	3298	858	0	10	0	314	0	158	1130	779	2325	12754	197	1107	13423	26	0	373	66	492	141	496	177	325	139	30	205	1670	15	3529	0	14	0	1056	0	628	336	0	0	0	350	397	1067	1817	33	774	1120	820	1257	38	261	774	646	757	579	215	1416	290	961	438	6113	655	72	52	491
Sphaerotilus sulfidivorans	639200	S	0	85	0	0	28	0	0	321	18	0	0	0	0	0	0	0	0	0	0	0	0	59	0	0	0	8	0	0	0	0	6	33	41	0	0	0	330	0	0	6	0	0	0	0	0	101	0	0	24	0	28	0	0	0	0	0	0	0	30	0	0	0	0	23	742	0	20	0	0	14	84	0	0	0	0	0	0	97	0	0	65	198	35	0	18	0
Burkholderia cenocepacia	95486	S	0	129	16	0	0	14	0	47	36	0	56	0	0	159	0	16	0	0	0	35	14	274	0	0	0	0	20	18	16	0	19	0	53	0	0	0	0	0	0	0	12	5	0	0	0	0	47	0	0	0	0	0	0	0	0	0	0	0	0	0	28	61	29	29	34	16	41	0	0	15	118	10	0	0	19	0	23	78	0	0	40	60	72	77	33	0
Cupriavidus metallidurans	119219	S	0	6	10	84	71	0	94	53	37	0	0	13	0	0	177	0	0	0	224	0	0	28	0	0	0	0	0	35	0	0	94	0	0	0	146	0	170	44	32	22	19	26	129	40	24	0	0	55	47	452	178	7	13	0	52	0	0	0	87	12	0	20	0	0	0	0	0	0	0	0	68	0	0	0	0	0	0	114	0	0	95	82	41	35	17	19
Duodenibacillus massiliensis	1852381	S	0	28	0	0	0	0	0	56	0	16	0	0	0	0	0	0	0	11	0	0	8	0	0	0	13	0	16	0	0	0	120	14	0	0	0	111	83	0	0	0	0	0	0	0	0	0	373	0	0	38	1785	0	0	56	0	0	0	0	0	0	0	251	25	0	9	139	580	23	9	2531	0	297	15	9	1604	870	0	115	0	38	0	0	0	0	0	0
Neisseria macacae	496	S	0	232	60	0	21	0	87	0	0	66	27	0	0	64	0	149	0	0	0	0	0	0	0	0	0	0	72	0	0	0	185	0	743	0	151	232	0	0	26	37	80	0	15	0	0	200	0	0	34	316	269	0	106	0	35	0	0	0	0	0	0	19	0	134	382	0	70	35	29	160	0	0	0	0	0	0	0	0	0	0	0	233	58	443	0	313
Neisseria subflava	28449	S	0	157	26	35	71	28	7	324	18	21	12	19	0	61	59	99	25	0	57	38	0	52	0	45	0	17	0	0	8	0	66	6	19	0	103	0	45	14	25	69	0	0	40	0	58	148	79	146	52	663	21	77	60	0	81	48	0	152	0	80	42	67	0	50	179	0	0	14	9	0	0	0	38	0	0	0	0	16	13	25	1415	134	25	0	0	110
Neisseria mucosa	488	S	0	53	0	0	19	197	0	558	0	34	0	30	0	20	54	308	102	0	29	318	0	0	42	0	24	0	0	45	7	0	141	9	230	79	203	538	30	44	40	0	0	0	57	62	67	0	0	0	74	183	94	0	0	0	121	145	0	0	460	0	0	0	0	0	0	0	185	0	37	0	0	0	0	0	60	0	0	23	0	212	165	79	0	0	0	93
Azospira sp. I09	1765049	S	0	16	0	0	73	0	175	564	27	0	0	0	0	0	0	113	0	0	133	0	0	0	0	0	0	0	0	0	0	17	0	0	43	0	0	0	34	0	0	0	0	0	0	0	0	0	0	0	0	0	0	0	16	0	0	0	0	0	0	0	32	0	0	0	0	0	0	0	0	0	174	35	0	0	0	0	0	0	0	0	0	64	0	0	0	0
Microlunatus sagamiharensis	546874	S	0	219	13	46	0	0	38	125	54	0	0	0	55	68	30	153	15	71	28	0	239	8425	0	0	0	26	72	9	0	9	93	147	114	0	335	91	13	38	0	0	9	0	15	26	0	0	66	0	6	124	132	15	49	0	102	134	0	0	0	47	309	45	0	93	195	449	78	0	0	67	36	0	502	0	0	84	0	212	0	0	34	1270	73	8	0	15
Microlunatus phosphovorus	29405	S	0	133	12	51	11	0	0	65	58	0	14	0	0	113	14	63	20	56	81	64	316	1593	0	0	0	19	77	0	0	16	8	113	0	0	16	72	0	0	16	27	0	0	5	0	19	30	28	9	8	39	0	17	26	0	32	0	0	0	8	15	85	54	21	97	150	0	8	0	0	92	0	0	7	0	0	6	0	218	0	17	100	176	15	9	40	19
Tessaracoccus defluvii	1285901	S	0	58	0	0	0	0	0	16	0	0	10	0	0	0	9	18	0	11	29	0	0	0	0	0	0	0	198	12	0	0	9	0	0	0	10	0	23	0	0	7	0	0	0	0	0	21	1679	49	0	0	10	0	0	0	55	0	8	895	15	0	0	6384	16	0	0	15	0	0	0	91	143	92	0	0	102	98	13	0	0	0	599	35	0	17	22	0
Nocardioides sp. CF8	110319	S	0	239	81	69	19	0	105	0	0	0	0	0	0	0	0	0	0	0	34	22	0	392	0	0	0	0	0	0	18	0	22	40	0	0	0	0	0	0	0	0	0	0	0	0	0	0	38	9	0	0	30	24	36	0	0	0	0	0	0	0	0	0	0	79	44	0	0	9	0	0	0	0	0	0	0	0	0	282	0	0	0	99	0	0	12	0
Nocardioides sp. S-1144	2582905	S	0	190	39	17	52	16	31	40	35	0	0	0	0	0	0	105	27	10	30	0	53	110	0	0	0	17	63	0	0	0	0	136	103	0	0	95	14	0	0	50	0	0	0	0	0	0	0	21	0	201	0	0	21	0	23	0	0	0	0	0	23	47	0	62	54	0	0	11	17	0	0	0	0	0	0	0	0	199	8	0	128	97	0	0	24	0
Nocardioides sp. JS614	196162	S	0	193	0	26	100	0	0	54	32	0	0	0	0	0	0	0	0	0	51	0	66	44	28	0	0	0	20	0	0	0	0	56	0	0	0	0	0	0	0	0	0	0	0	0	0	0	36	0	0	0	0	0	39	35	15	15	0	0	0	0	0	0	0	0	21	0	0	7	0	0	0	0	0	0	0	0	0	587	0	0	0	256	0	0	0	0
Nocardioides aquaticus	160826	S	0	119	0	34	0	0	0	41	90	0	0	0	0	90	0	9	42	0	49	17	0	252	0	0	0	0	19	0	12	0	69	112	80	0	32	97	0	0	0	0	0	0	0	0	0	0	0	0	0	204	0	18	0	0	36	0	0	0	0	0	0	0	0	44	475	0	0	12	0	0	90	0	0	0	0	10	0	422	0	0	172	75	19	13	12	0
Nocardioides piscis	2714938	S	0	119	0	20	15	0	61	0	46	0	0	0	0	0	0	11	57	0	50	0	0	248	0	0	0	0	0	0	0	0	0	40	85	0	15	0	0	0	0	0	0	0	0	0	0	0	60	0	0	0	0	23	17	0	16	0	0	0	0	0	0	0	0	0	0	0	0	0	0	0	0	0	0	0	23	0	0	99	0	0	0	303	0	0	0	0
Nocardioides coralli	2872154	S	0	59	20	0	0	0	0	0	0	0	0	0	39	41	0	170	0	0	0	0	0	16	0	0	0	0	56	0	0	0	36	61	59	15	0	0	21	18	71	0	0	0	96	0	21	0	13	0	0	0	0	0	0	53	38	542	0	0	0	109	0	29	10	321	124	0	29	242	0	40	39	0	0	0	0	0	0	55	0	0	81	176	79	16	0	48
Nocardioides seonyuensis	2518371	S	0	53	18	0	39	0	0	41	9	0	0	0	0	13	158	0	0	0	19	0	0	76	0	0	0	0	0	0	0	0	0	187	57	0	77	177	74	18	0	171	0	0	0	0	0	82	0	39	0	129	29	0	52	0	0	0	0	0	16	0	10	0	0	84	76	0	0	7	0	0	60	0	0	0	0	0	0	81	0	0	181	153	34	25	81	18
Marmoricola scoriae	642780	S	0	106	0	62	30	0	17	103	133	0	0	0	0	111	318	55	0	0	16	26	0	346	0	0	0	22	58	0	0	18	198	3398	231	0	46	0	31	0	0	15	0	0	0	0	0	0	49	47	0	0	58	0	18	0	68	0	0	0	26	0	0	0	0	211	192	0	9	38	0	48	98	11	0	0	0	0	0	76	0	0	0	62	56	44	0	0
Friedmanniella luteola	546871	S	0	98	0	60	93	12	56	824	72	7	26	0	18	64	0	143	15	135	188	0	50	2177	0	0	8	0	30	9	18	0	116	168	114	14	39	157	0	16	61	0	29	0	19	0	0	0	0	0	0	55	67	9	12	0	561	0	0	27	0	14	66	11	0	54	117	14	70	17	0	15	43	11	38	0	8	7	17	92	32	12	8	147	68	48	18	8
Micropruina glycogenica	75385	S	0	13	33	0	0	0	0	107	16	85	14	0	0	40	11	0	0	50	10	125	30	14059	0	0	13	0	31	0	0	10	24	73	128	0	16	6	0	0	7	6	0	0	8	0	0	0	181	0	11	0	0	0	25	7	19	0	0	226	0	9	0	198	49	65	207	29	22	0	0	156	0	77	0	0	0	45	0	75	0	71	0	93	67	0	0	0
Micrococcus sp. KBS0714	1179670	S	0	262	102	120	404	54	0	238	754	0	0	0	0	134	106	1237	389	0	739	263	0	0	0	0	0	0	249	0	0	0	119	0	0	0	0	140	0	0	0	134	0	0	0	0	0	0	0	0	146	0	0	0	0	0	141	0	63	0	0	343	0	0	0	0	1868	0	0	0	0	0	0	0	0	0	0	0	0	271	0	0	580	0	0	0	165	142
Kocuria rosea	1275	S	0	93	133	17	36	9	71	47	60	11	53	0	0	378	21	8	10	0	65	0	16	234	355	0	0	24	26	16	0	31	44	107	17	0	20	322	21	6	0	0	0	0	16	0	0	12	203	47	0	67	212	23	19	14	845	8	36	0	71	32	28	170	27	149	74	0	15	16	11	0	162	42	0	201	129	150	13	309	0	46	224	173	61	0	95	10
Microbacterium hominis	162426	S	0	132	0	77	0	0	82	57	0	0	0	0	0	350	0	0	0	0	0	0	0	0	0	0	0	0	0	0	0	62	0	193	0	0	0	0	0	0	0	12	0	0	14	0	0	0	33	0	0	25	0	0	0	0	163	0	0	0	0	0	0	0	0	0	55	0	0	0	0	0	0	0	0	0	0	0	0	0	0	0	0	0	0	0	0	0
Microbacterium aurum	36805	S	0	6	15	23	51	0	87	57	19	0	0	0	0	265	119	24	50	0	47	0	0	36	0	0	0	45	70	0	16	25	35	0	9	0	12	216	16	0	11	70	0	0	5	0	0	0	27	0	19	331	0	12	0	13	24	0	0	0	190	0	0	0	0	20	87	0	0	0	28	0	34	0	0	0	0	0	0	316	99	0	0	283	19	59	0	0
Agrococcus sp. REN33	3068634	S	0	13	0	0	0	0	20	84	942	0	0	0	0	45	0	73	0	0	0	0	0	104	0	0	0	21	0	10	0	29	0	108	0	0	21	0	0	0	0	0	0	0	13	0	0	0	46	0	0	0	0	0	0	0	14	0	0	0	0	0	0	0	0	70	28	11	25	0	0	0	0	0	0	0	0	0	0	0	0	0	0	239	77	0	0	0
Frigoribacterium sp. SL97	2994664	S	0	97	0	57	12	0	51	12	0	0	0	0	0	22	0	0	0	0	24	0	0	632	0	0	0	0	3229	9	0	0	14	19	0	0	0	27	0	0	0	9	0	0	0	0	14	0	142	0	0	0	20	0	0	0	32	0	0	0	85	0	0	39	0	0	51	0	0	0	0	0	100	0	0	0	0	0	0	29	0	0	0	56	0	0	0	0
Corynebacterium sp. SCR221107	3017361	S	0	102	0	60	20	17	26	1867	9	11	0	0	0	0	0	13	12	18	139	9	0	20	0	0	11	10	0	0	0	0	9	9	0	0	12	25	0	0	0	0	0	0	9	0	0	0	0	0	0	61	48	0	0	0	7	5	0	7	0	0	0	0	0	7	26	0	16	0	0	0	0	0	20	0	167	33	0	0	6	0	88	120	90	25	90	14
Corynebacterium ureicelerivorans	401472	S	0	152	0	80	18	7	60	14	34	10	0	0	0	7	35	31	8	0	200	0	0	114	0	0	0	0	16	18	8	13	58	7	86	82	26	0	0	30	8	52	0	0	0	10	31	0	32	80	9	0	806	0	13	0	0	7	0	53	73	0	0	0	14	486	75	0	9	24	0	7	8	0	0	7	0	0	7	113	21	9	0	17	44	21	0	8
Corynebacterium amycolatum	43765	S	0	256	15	39	69	18	102	844	62	0	0	38	13	350	113	160	10	0	0	0	0	28	20	0	0	31	305	0	80	149	0	19	485	21	272	2009	51	30	0	15	12	0	79	0	0	29	243	25	51	0	454	0	0	0	2577	15	0	717	541	0	0	4148	47	215	647	49	628	170	0	119	175	2119	0	0	130	145	0	16	5842	0	3511	0	940	1295	0	8
Corynebacterium aurimucosum	169292	S	0	43	24	33	50	9	41	479	40	32	10	5	0	555	121	311	50	18	108	35	0	69	61	0	20	96	306	34	119	161	24	20	71	0	49	215	20	0	0	7	15	0	11	6	17	25	23	0	24	35	48	8	29	0	188	71	0	4311	246	6	12	976	28	132	696	18	44	84	0	96	46	45	0	0	992	16	0	0	2145	16	231	13	1473	1834	0	16
Corynebacterium bovis	36808	S	0	29	49	61	32	15	79	127	61	0	0	0	5	93	38	123	29	12	10	14	0	33	66	0	0	9	63	9	12	27	183	39	6790	17	162	1200	43	18	32	25	18	5	61	20	46	0	153	0	23	72	674	15	23	0	100	9	0	51	96	0	58	4648	1277	126	132	46	42	0	108	78	34	11	15	11	187	99	19	119	168	128	1077	588	89	49	20	220
Corynebacterium striatum	43770	S	0	17	24	5	26	6	8	64	15	28	8	0	0	68	0	42	12	42	0	22	0	21	0	0	10	24	31	16	5	11	8	9	119	0	14	0	0	0	0	0	9	0	0	0	0	0	215	33	0	48	171	0	0	0	36	18	0	31	50	13	17	87	368	87	48	250	683	38	0	76	0	0	0	0	300	0	0	0	673	0	80	44	215	324	12	0
Corynebacterium maris	575200	S	0	10	0	0	0	10	0	5	0	0	0	0	13	0	0	7	19	5	0	0	7	8	0	0	5	21	10	0	0	0	9	0	0	0	0	0	0	0	0	7	14	0	0	0	0	0	122	0	19	0	2397	0	0	0	510	14	0	45	0	6	0	192	1565	59	8	87	85	72	0	41	72	32	0	0	266	464	38	129	233	0	1842	66	14	498	26	0
Corynebacterium humireducens	1223514	S	0	7	0	0	0	0	28	20	0	0	0	0	0	0	0	14	12	17	0	0	0	8	13	0	0	61	39	23	0	0	10	7	0	0	21	59	0	0	0	0	0	0	0	0	0	0	0	0	0	0	114	8	12	0	24	0	0	0	0	0	0	69	44	70	20	8	0	17	0	0	68	31	0	0	581	12	0	0	1183	0	0	0	497	646	0	0
Rhodococcus erythropolis	1833	S	0	301	0	0	99	0	0	0	0	18	0	0	35	53	0	0	0	0	162	0	0	0	0	16	0	28	0	0	0	0	0	0	0	17	0	0	0	0	0	0	20	8	0	0	0	0	0	0	0	210	38	0	0	35	0	0	0	19	0	0	0	33	16	490	87	31	0	26	0	39	0	0	22	0	0	0	0	0	0	66	0	0	0	0	72	0
Rhodococcus pyridinivorans	103816	S	0	139	0	0	0	0	0	79	0	0	0	0	0	0	34	0	0	0	0	0	0	0	0	0	0	0	0	0	0	0	0	0	0	0	0	408	0	0	0	0	16	0	0	0	0	0	183	0	0	180	174	0	0	0	0	0	129	46	0	0	0	0	27	541	119	0	0	0	0	28	0	0	0	0	158	199	0	0	0	0	0	0	229	0	0	0
Tsukamurella tyrosinosolvens	57704	S	0	41	14	0	0	0	146	31	13	12	0	0	0	589	25	516	0	0	0	12	0	80	19	0	0	0	359	0	184	385	32	0	0	0	37	116	0	8	0	0	0	0	10	0	12	0	0	15	44	33	30	16	0	0	255	0	0	0	132	0	10	0	30	403	938	16	65	140	0	99	0	15	0	0	0	0	6	28	0	0	215	135	0	0	10	0
Mobiluncus sp. Marseille-Q7826	3036302	S	0	73	0	94	259	0	119	213	18	66	0	0	0	0	21	0	0	0	0	0	0	0	29	0	0	0	25	0	0	7	76	39	0	0	22	144	0	0	0	0	0	0	0	10	0	30	182597	421	0	13	296	0	0	468	13	0	0	5202	69	0	0	29464	34464	0	27	229	0	0	15	1562	5	63	36	41	4551	236	0	39	0	328	7866	0	544	0	15	0
Varibaculum prostatecancerukia	2811781	S	0	38	539	0	124	0	8	76	14	654	0	0	27	0	19	68	17	23	0	127	5	36	28	0	0	0	124	22	9	0	156	27	20	8	8	516	0	0	0	22	0	19	6	80	5	221	9774	152	15	13	2771	12	0	384	123	0	38	17126	6692	9	0	20383	8976	13	30	313	528	22	88	3353	1589	312	114	27	19902	19506	6	5601	968	27	25585	228	6674	125	0	24
Pseudonocardia dioxanivorans	240495	S	0	6	0	57	0	0	0	0	45	0	17	0	0	107	0	50	0	0	0	0	0	81	0	0	0	0	0	0	0	0	13	43	40	0	0	15	0	0	0	0	0	0	0	0	15	0	0	0	0	0	0	0	96	0	16	0	0	0	0	0	38	55	0	86	62	0	0	0	0	0	0	12	0	0	33	0	15	77	9	0	242	47	10	8	12	26
Bifidobacterium breve	1685	S	0	83	254	0	163	5	56	27	36	0	0	0	104	0	0	7	8	0	0	0	0	0	19	0	8	0	5	0	81	0	22	0	0	0	10	0	0	0	0	0	0	153	0	60	0	13	9256	33	89	0	0	0	0	0	29	0	0	1569	0	0	0	18025	0	7	0	286	0	0	23	525	19	103	0	0	166065	0	0	16	0	0	0	0	0	32	0	0
Bifidobacterium bifidum	1681	S	0	94	237	0	0	0	0	0	0	0	0	0	2141	0	70	0	0	0	0	0	0	51	0	0	0	28	0	0	6594	0	0	0	0	0	0	0	9	0	0	0	0	3336	0	21	0	0	5256	32	0	0	0	41	0	0	0	0	0	0	0	0	0	43901	0	0	0	31607	0	0	0	0	0	11692	0	0	17292	0	0	0	0	0	0	0	0	9	0	0
Modestobacter sp. L9-4	2851567	S	0	83	0	20	0	0	7	0	20	0	0	0	0	114	0	216	0	0	0	0	0	284	0	0	0	0	150	0	0	0	69	262	154	0	73	7	0	0	0	0	0	0	0	0	0	0	48	57	0	0	34	54	0	0	280	0	0	0	198	0	20	55	0	413	73	0	0	16	0	48	67	0	0	0	0	0	68	299	0	0	119	170	31	0	37	0
Modestobacter marinus	477641	S	0	30	13	6	0	0	20	0	103	0	0	0	0	0	41	571	22	12	276	0	0	81	0	0	0	0	1778	0	0	39	48	385	175	0	0	28	0	0	0	0	0	0	0	0	0	0	0	0	0	42	15	17	0	0	270	0	5	15	0	0	0	55	21	269	193	0	32	36	42	21	0	0	0	0	0	0	251	555	0	0	138	173	37	0	0	25
Geodermatophilus obscurus	1861	S	0	25	0	7	0	0	50	44	132	0	0	0	0	0	21	85	11	94	71	0	0	25	0	0	11	0	207	0	23	17	97	382	78	0	0	17	0	15	0	0	0	0	0	0	0	0	0	0	0	10	40	34	0	0	67	0	0	0	64	0	0	26	15	475	78	0	18	0	0	20	0	0	0	0	0	0	760	381	0	0	0	344	0	0	0	8
Capillimicrobium parvum	2884022	S	0	114	0	9	6	0	0	53	16	0	0	0	0	15	9	26	0	0	0	0	0	57	0	0	0	0	12	0	51	5	13	51	0	12	9	21	0	0	0	31	0	0	0	0	0	0	22	0	0	31	46	0	0	0	6	0	0	0	0	16	0	0	0	10	59	0	16	35	0	0	9	0	104	0	0	0	0	25	0	0	117	43	0	0	20	0
Iamia sp. SCSIO 61187	2722752	S	0	70	82	23	0	0	29	115	124	0	0	0	0	30	0	7	0	45	37	0	6	44	5	0	0	15	9	0	0	0	0	22	0	0	15	188	0	7	0	0	0	0	0	0	0	0	6	0	0	0	11	0	18	0	0	0	0	0	0	0	0	19	0	0	34	24	0	0	0	0	0	0	0	0	0	10	0	58	0	0	87	328	0	12	24	7
Ilumatobacter coccineus	467094	S	0	31	26	12	0	0	19	69	12	13	6	0	0	134	0	17	85	0	0	13	0	120	0	0	0	0	12	0	15	20	9	40	64	0	5	143	0	0	6	0	0	0	6	0	12	0	60	0	15	17	0	20	94	0	7	50	0	30	0	21	0	0	7	61	86	0	103	0	10	14	0	0	0	0	22	200	0	22	0	0	151	83	28	0	28	0
Gordonibacter pamelaeae	471189	S	0	8	59	0	0	0	0	127	0	0	0	0	0	0	0	0	0	0	0	0	0	0	0	0	0	0	54	0	0	0	0	0	0	0	22	0	0	0	0	0	0	0	0	0	0	0	474	16	0	0	0	0	0	59	0	0	0	84	0	0	0	0	58	0	0	1110	0	0	0	118	0	1363	0	0	78	169	0	0	0	0	0	0	178	0	0	0
Staphylococcus lugdunensis	28035	S	0	57	754	0	0	269	66	16	760	59	72	70	44	10	22	251	180	95	22	6	264	0	0	27	97	153	214	384	54	22	260	32	0	206	83	238	67	221	33	33	1127	249	7	0	23	526	1490	0	0	41	584	8	277	237	131	18	50	8	738	81	196	1455	520	245	15	0	124	0	0	97	0	26	0	37	68	160	374	37	1464	138	611	215	618	616	56	27
Lactococcus raffinolactis	1366	S	0	21	5	0	59	0	73	11	197	0	0	0	0	126	0	109	0	118	0	0	10	31	20	0	187	0	70	18	0	0	6	0	0	0	17	0	0	0	0	0	6	0	0	0	7	0	0	0	0	0	50	18	12	0	13	27	0	0	0	0	0	50	23	656	1785	0	34	45	6	252	0	0	0	0	12	0	10	16	17	0	86	25	14	11	0	0
Aerococcus urinaeequi	51665	S	0	7	0	0	0	0	94	0	33	118	0	0	0	336	0	69	104	25	0	58	0	0	0	0	0	27	57	0	70	0	32	90	285	56	14	608	0	0	0	75	284	0	0	0	17	189	0	0	74	72	405	40	84	0	29	0	127	0	0	0	42	120	0	0	53	0	0	0	75	0	0	0	17	0	0	0	0	0	0	0	0	106	0	0	58	25
Blautia obeum	40520	S	0	138	0	48	0	0	0	18	12	0	0	0	0	0	0	0	0	0	0	55	0	121	0	0	8	302	213	0	0	0	16	0	140	0	93	225	0	0	0	31	7	0	0	30	0	0	0	0	0	0	0	10	0	0	0	0	0	42	0	0	0	29	17	6	25	0	0	0	0	0	0	0	8	0	17	0	0	34	0	0	240	68	0	53	0	8
Anaerobutyricum hallii	39488	S	0	129	5	0	0	0	0	14	27	260	0	0	0	0	48	0	7	13	0	42	11	24	0	0	15	97	51	32	18	0	26	0	0	5	0	0	0	5	0	5	5	0	0	12	0	0	998	8	0	17	35	5	9	25	22	0	0	1591	6	0	0	40	60	16	98	0	37	0	139	380	120	54	11	0	119	164	0	202	0	428	208	25	7	8	5	7
Agathobacter rectalis	39491	S	0	48	8	13	94	0	89	30	8	24	0	0	0	29	38	12	0	15	0	0	0	9	0	0	0	30	28	0	0	13	99	7	39	0	68	118	0	0	0	0	6	0	19	13	5	0	16	30	17	0	23	24	8	13	32	0	0	0	0	13	0	0	9	26	210	0	0	0	8	20	68	13	15	16	51	220	0	1546	0	0	0	80	25	7	0	8
Anaerostipes hadrus	649756	S	0	28	19	0	9	0	35	17	11	368	14	0	0	0	89	70	0	0	0	20	0	13	0	0	0	112	42	0	18	0	41	1601	0	0	11	71	0	239	0	0	0	0	0	10	0	0	944	0	0	22	266	11	0	6	30	0	22	936	0	0	0	657	153	25	228	0	95	0	19	588	0	81	68	0	90	209	0	183	0	335	427	0	121	0	5	11
Clostridium tetani	1513	S	0	11	0	0	0	5	64	0	287	0	0	5	67	44	0	291	0	0	0	34	11	21	13	0	0	0	138	6	22	46	51	43	287	0	19	0	0	33	22	0	44	0	9	5	27	13	98	8	47	0	85	14	68	0	26	258	0	31	0	106	14	145	21	390	321	0	96	27	405	239	6	0	8	0	16	0	0	101	11	0	69	55	22	14	37	16
Peptacetobacter hiranonis	89152	S	0	42	16	70	0	0	44	8	494	58	0	0	11	0	0	28	0	9	12	0	10	0	5	0	6	0	20	0	0	0	0	20	38	0	0	0	41	27	0	0	0	0	0	0	0	0	98	0	0	0	34	7	10	0	255	7	15	0	0	18	6	18	20	39	88	7	13	0	0	12	0	316	0	0	29	70	0	28	9	14	0	0	105	0	5	0
Anaerococcus sp. Marseille-Q7828	3036300	S	0	43	325	0	93	341	41	846	34	943	7	7	18	111	158	12137	111	133	0	419	57	120	33	0	165	135	1229	128	48	42	236	75	37	146	208	2686	34	7	18	185	26	9	19	91	15	53	3177	0	73	116	11513	34	1264	254	113	52	12	74703	808	9	15	63509	6156	414	318	2809	918	366	142	2273	61	18601	16	56	19791	9587	54	285	1584	115	14598	647	1402	1238	25	179
Anaerococcus obesiensis	1287640	S	0	92	0	0	345	502	0	6783	185	11737	41	0	0	0	253	1311	244	1072	0	0	350	0	95	0	1406	334	2398	0	348	34	992	132	0	0	0	1811	86	0	0	0	0	0	0	1851	19	659	47451	0	0	65	116222	72	210	3506	1346	0	118	158552	9574	0	0	169747	435	215	226	5476	9618	154	2111	17180	0	300702	0	0	187823	125626	0	731	2856	117	37086	1648	11603	4927	0	0
Megamonas funiformis	437897	S	0	67	0	36	355	0	0	287	77	2024	24	16	15	38	32	61	40	25	0	0	13	20	20	64	32	0	116	8	318	0	124	73	0	0	8	173	0	109	0	0	19	0	8	48	0	219	836	0	0	69	66	22	0	84	40	0	0	16497	0	9	18	1072	1590	46	304	1150	907	0	18	1246	820	411	0	0	1276	1953	22	1781	0	252	1645	35	650	55	0	9
Deinococcus sp. NW-56	2080419	S	0	22	0	18	0	0	0	0	89	0	0	0	0	19	0	78	0	0	0	0	19	576	0	0	0	0	0	21	0	0	11	231	185	42	0	142	0	0	32	7	0	0	0	0	109	0	17	0	0	0	41	0	0	0	5	0	0	0	0	0	0	0	0	306	39	0	0	0	0	0	0	0	0	0	16	0	519	67	0	15	126	129	127	0	29	30
Deinococcus radiopugnans	57497	S	0	42	0	0	0	11	0	10	45	0	0	12	6	113	0	301	0	0	52	0	0	90	29	0	0	0	0	0	0	44	30	37	85	82	9	176	0	20	0	0	46	0	7	0	17	0	0	0	0	0	0	0	0	0	128	0	0	0	0	0	0	20	0	214	27	0	0	34	10	23	0	0	0	0	0	0	54	51	0	29	373	129	19	17	0	0
Ureaplasma parvum	134821	S	0	6	2167	12	0	644	110	3173	371591	0	0	0	5353	0	0	0	25715	8182	0	7440	0	0	0	0	12304	1908	0	0	27021	0	0	0	0	0	15893	4289	0	0	0	0	24647	0	370	0	1099	0	0	0	0	0	0	0	296	15171	8	37978	1167	0	0	458	0	0	0	0	0	280	7042	28950	0	0	0	126115	36521	41389	44005	33441	0	2489	2042	1484	0	76	0	0	0	0
Empedobacter falsenii	343874	S	0	80	30	11	90	12	0	172	96	14	0	0	0	69	0	75	0	78	0	1679	0	126	10	0	19	179	17	701	0	0	30	9	44	0	35	136	0	0	0	10	0	0	0	0	0	0	30	27	0	118	40	9	0	0	24	37	0	0	12	0	0	0	0	0	74	0	0	0	0	0	0	0	0	0	0	0	0	127	0	0	0	57	78	0	0	0
Capnocytophaga gingivalis	1017	S	0	34	24	13	0	0	31	38	19	16	6	0	27	56	20	59	34	17	69	24	0	39	0	6	0	0	47	6	10	11	17	0	154	0	49	240	18	5	18	16	9	0	11	26	0	0	29	22	22	137	139	14	13	0	24	0	0	0	0	0	0	0	0	125	117	0	0	13	0	32	47	0	0	0	18	0	0	35	13	0	397	31	58	14	17	72
Pedobacter roseus	336820	S	0	27	0	0	0	0	0	0	0	0	0	0	0	1157	6	0	0	0	9	0	0	76	0	0	0	0	62	0	0	18	36	6896	32251	45	18	27338	31	0	0	0	0	0	0	0	0	0	0	0	0	49	57	0	0	0	0	0	0	0	0	0	0	0	0	33	53	0	0	0	0	0	0	0	1271	1244	0	0	0	62	0	0	231	131	0	0	0	0
Prevotella denticola	28129	S	0	75	109	12	0	0	0	668	22	127	0	6	0	21	16	0	0	33	17	0	57	0	0	0	45	0	162	32	2032	31	27	29	112	0	31	0	19	0	0	0	0	0	14	19	0	66	14440	0	0	163	89	0	0	31	128	13	0	28700	0	11	0	3637	261	9	38	473	50	0	18	856	170	813	0	0	153	2066	0	14410	0	78	4627	0	1019	17	13	20
Prevotella sp. oral taxon 299	652716	S	0	39	65	0	0	0	0	1195	48	1082	0	14	0	18	18	34	111	34	23	72	7	0	68	62	42	0	211	50	23	0	46	11	0	0	0	103	20	0	0	26	0	0	0	73	0	377	2196	12	0	15	148	0	17	302	245	0	14	61506	55	0	0	2268	1485	11	30	272	308	19	22	2526	14	2202	8	0	217	8111	0	128	0	254	5712	36	4687	0	0	25
Prevotella histicola	470565	S	0	28	23	10	0	0	0	150	0	84	0	0	0	0	0	0	16	0	0	0	0	22	0	0	0	0	60	9	21	0	13	12	74	11	13	254	0	0	0	0	0	0	11	39	0	249	158	0	0	0	128	0	0	42	32	0	0	13551	55	0	0	1379	1670	14	0	146	508	0	10	895	89	567	0	0	515	2042	0	1014	10	48	1478	96	168	0	0	12
Prevotella nigrescens	28133	S	0	15	97	46	21	6	8	855	0	292	11	17	0	514	159	119	62	0	43	39	0	0	26	20	0	0	152	178	15	0	104	42	108	10	83	474	9	0	13	17	0	0	17	96	28	59	414	0	19	189	199	23	0	145	218	0	82	59025	0	0	0	1814	474	342	172	141	181	23	46	2281	631	1648	0	11	131	4639	16	299	42	160	7080	205	2210	0	0	23
Hymenobacter sp. APR13	1356852	S	0	88	0	7	0	0	0	0	0	0	0	0	0	0	51	0	0	0	0	0	119	1904	0	0	0	0	0	62	0	0	0	0	0	0	0	0	92	0	0	143	0	0	0	0	0	0	91	0	0	146	0	0	0	0	838	0	0	0	62	0	0	0	0	51	0	0	0	0	0	0	0	0	0	0	103	0	0	180	0	0	0	256	0	197	0	0
Humisphaera borealis	2807512	S	0	19	0	0	0	0	0	117	380	0	0	0	0	162	0	23	0	0	31	0	0	1159	0	0	0	0	40	0	0	0	0	25	0	40	0	0	0	0	14	0	13	0	0	0	0	0	22	0	41	0	29	12	0	0	0	0	0	0	0	0	0	14	0	28	0	0	311	28	26	66	9	0	188	0	18	0	0	6	0	0	308	191	12	146	29	0
Campylobacter hominis	76517	S	0	44	143	0	0	0	29	5139	19	200	28	0	0	0	183	0	0	0	26	0	88	0	12	0	6	0	191	0	0	0	129	0	0	0	8	0	0	0	0	8	0	0	0	0	0	0	26	11	71	0	0	0	0	742	25	0	0	12	706	0	0	37	73302	7	0	63	0	68	0	5104	81	785	0	79	0	11488	0	102	0	22	3513	38	2476	56	5	83
Leptotrichia wadei	157687	S	0	15	0	18	0	19	0	0	68	15	32	0	17	32	0	62	20	18	0	155	0	37	0	0	0	9	26	9	0	16	33	0	117	24	48	0	8	0	23	0	0	0	0	11	22	0	101	37	0	21	0	10	31	23	26	16	16	0	0	0	0	17	0	110	67	0	9	0	27	68	0	25	0	0	32	0	0	38	0	16	50	0	68	0	0	40
Thermothelomyces thermophilus	78579	S	0	24	0	0	0	0	0	0	8244	20	13	11	0	22	92	150	0	0	0	0	143	395	0	1368	0	0	41	21	0	0	0	63	119	0	205	98	6	27	37	0	118	0	6	0	0	0	231	129	9	36	122	21	12	0	0	0	0	0	43	0	0	14	0	33	61	0	73	0	71	0	46	7	0	0	6	0	0	440	0	14	200	93	117	0	587	0
Aspergillus oryzae	5062	S	0	39	0	0	16	0	0	0	116	0	257	0	0	0	0	0	0	0	0	312	0	782	0	0	0	0	138	222	0	0	0	1356	400	0	0	0	0	0	200	0	0	0	0	49	0	0	0	327	0	139	0	0	0	0	31	0	0	0	236	0	0	0	0	235	257	0	71	0	0	0	0	0	0	0	0	0	0	582	0	0	0	0	1233	0	861	0
Aspergillus luchuensis	1069201	S	0	28	0	9	0	0	0	204	350	0	0	0	159	47	11	249	13	0	726	49	0	390	0	0	0	0	184	52	0	13	69	194	0	16	106	208	0	25	22	51	26	0	186	0	0	60	77	0	0	146	259	43	47	0	23	0	0	0	129	0	14	204	32	88	83	0	12	0	0	0	0	0	0	15	0	0	0	232	0	29	0	148	222	75	203	0
Saccharomyces cerevisiae	4932	S	0	25	0	0	59	0	0	0	0	0	0	0	0	71	97	75	120	0	0	43	0	0	161	0	20	19	149	0	0	0	56	0	17	0	165	0	37	43	31	9	18851	0	94	318	102	16	0	12	38976	67	91	273	125	0	30	18	0	0	17	0	0	0	0	750	55	0	0	37	0	297	145	0	9	0	0	0	17	83	0	22	0	114	60	9	0	38
Cryptosporidium parvum	5807	S	0	22	18	0	0	0	0	0	78	55	0	0	0	69	11	41363	13	45	0	0	17	586	0	0	21	0	46	23	0	0	109	196	1613	7	187	247	335	12	47	0	188	0	0	13	31	9	12	32	0	33	54	0	20	0	0	21	0	19	26	12	5	36	64	342	297	0	13	1347	629	4023	0	0	17	9	31	6	10	241	5	14	50	2164	342	38	34	17
Dictyostelium discoideum	44689	S	0	17	9	0	0	0	0	0	177	0	0	5	0	38	0	316	0	13	0	0	12	180	7	0	17	0	24	15	23	0	43	73	76	5	39	0	0	10	22	0	13	0	0	0	15	5	27	0	0	0	18	104	19	0	0	16	0	32	117	0	21	19	0	50	15	9	21	20	0	21	0	0	0	0	936	0	7	156	0	7	172	76	91	14	0	18
Gardnerella piotii	2792977	S	0	0	21664	0	0	0	0	0	90	16368	0	0	4850	0	0	365	38938	0	0	0	0	0	98	0	0	0	0	0	16868	0	0	0	142	0	0	0	0	0	0	0	10	4285	0	443	0	13850	19738	0	0	0	0	354	0	390	0	0	0	2601	706	0	0	47118	0	0	0	6392	60	0	1570	1337	29	871303	0	34	161	272	0	0	0	512	0	61	0	0	9	0
Bifidobacterium sp. ESL0775	2983230	S	0	0	166	0	0	0	0	0	0	0	0	0	213	0	0	0	81	0	0	0	0	0	0	0	0	0	0	0	196	0	0	0	0	0	0	0	0	0	0	0	0	184	0	53	0	0	2533	0	0	0	0	46	0	0	0	0	0	0	0	0	0	2543	0	0	0	607	0	0	64	154	59	342	0	0	35	0	0	0	0	0	0	0	0	0	0	0
Bifidobacterium pseudocatenulatum	28026	S	0	0	287	0	0	0	21	0	58	72	0	0	312	0	56	0	80	0	0	0	0	0	20	0	0	0	43	0	45	0	0	0	0	0	0	0	0	29	0	0	0	160	0	68	0	0	10670	0	0	0	0	16	0	16	0	0	0	948	0	0	0	27188	0	0	0	121	0	0	43	915	49	161	18	0	118	0	0	24	0	0	6	188	0	0	0	0
Bifidobacterium animalis	28025	S	0	0	6568	0	0	228	0	168	3311	1282	179	0	4467	0	312	0	5418	0	0	0	741	0	0	36	344	377	0	293	5406	0	300	167	0	180	0	0	0	0	0	0	192	5141	105	7418	0	225	27657	83	0	0	473	1167	246	1887	0	400	0	11462	0	0	0	118249	310	266	0	16176	258	0	4316	5420	985	5869	0	0	5695	280	273	490	0	0	481	203	0	489	67	187
Bifidobacterium pseudolongum	1694	S	0	0	173	0	0	0	38	0	26	0	0	0	82	0	33	19	24	0	0	0	0	12	8	0	0	0	6	0	145	0	12	11	0	0	0	0	0	0	12	0	0	71	0	31	0	0	11800	0	0	0	0	6	0	0	27	0	0	1819	0	0	0	32047	0	5	29	329	13	0	29	576	13	190	0	0	76	6	0	11	0	0	8	0	0	0	6	0
Bifidobacterium dentium	1689	S	0	0	40	0	33	0	28	0	20	0	0	0	12760	0	0	21	18	0	0	10	0	0	6	0	0	0	2282	0	16366	0	7	0	0	0	0	0	0	0	0	0	0	7333	0	7	0	0	28807	0	0	0	0	49	0	7	0	0	0	0	0	7	0	96984	0	0	0	85404	0	0	0	8	0	17228	804	0	6042	0	0	0	0	0	3970	0	0	0	0	0
Scardovia inopinata	78259	S	0	0	71	0	0	0	0	0	0	0	0	0	42	0	79	20	15	0	0	0	0	0	65	0	0	0	0	0	63	0	0	0	0	0	0	0	0	0	0	0	0	44	0	48	0	10	48934	72	0	164	0	17	0	0	24	0	0	6338	0	0	0	149633	0	0	0	192	0	0	17	2815	32	114	12	0	0	30	0	49	0	0	21	0	0	12	0	0
Parascardovia denticolens	78258	S	0	0	75	0	0	0	0	0	10	16	0	0	50	0	56	0	28	0	0	0	0	0	20	0	0	0	0	0	29	0	8	0	0	0	0	0	0	0	0	0	0	31	0	38	0	0	43957	22	0	122	0	14	0	0	19	0	0	4110	0	0	0	58324	0	0	17	95	0	0	0	1438	10	71	12	0	0	0	0	72	0	0	9	0	0	0	0	0
Nocardioides ochotonae	2685869	S	0	0	89	12	19	22	0	30	0	0	0	0	0	0	68	41	0	0	0	0	0	61	0	0	0	0	111	106	0	0	29	0	0	46	0	0	0	0	0	0	15	0	0	0	0	0	0	0	0	0	0	0	49	0	24	0	0	0	147	0	40	0	0	0	51	0	0	0	0	0	0	0	0	0	0	0	26	80	46	0	572	58	67	102	0	0
Glutamicibacter nicotianae	37929	S	0	0	15	0	0	0	0	0	0	0	0	0	0	0	0	0	0	0	0	0	0	95	0	0	0	0	0	0	0	12	0	0	0	0	0	184	0	0	0	0	0	0	0	0	0	49	40	0	0	0	0	0	0	0	28	58	0	0	0	0	0	599	105	93	0	57	0	14	0	115	0	30	0	0	60	0	0	59	0	0	454	0	0	0	0	0
Microbacterium oxydans	82380	S	0	0	8	44	126	12	31	93	59	0	0	0	7	238	109	127	0	0	82	0	0	231	0	0	0	0	127	0	104	38	97	892	912	31	54	403	61	0	34	0	26	0	17	0	71	0	0	0	58	0	0	0	0	12	94	0	0	0	80	0	0	287	0	144	238	9	0	110	41	130	0	17	42	35	0	0	0	107	0	0	0	887	73	0	50	84
Brevibacterium aurantiacum	273384	S	0	0	26	18	0	15	147	0	91	0	0	0	0	52	0	168	66	32	26	0	0	0	0	0	27	14	137	48	0	0	77	0	0	56	86	1836	34	0	85	0	33	14	0	0	0	14	0	0	30	0	0	0	0	0	4282	0	45	0	209	0	19	150	17	180	101	24	0	0	0	0	0	74	27	0	0	0	18	161	260	414	558	160	53	123	0	0
Brachybacterium sp. P6-10-X1	1903186	S	0	0	14	0	0	0	0	0	18	0	0	0	0	10	0	48	0	0	0	0	0	0	0	0	0	0	46	0	0	0	0	66	0	0	0	388	0	11	0	0	0	0	0	12	0	0	555	0	0	75	7	19	18	0	118	0	0	130	0	0	0	2099	32	9	0	0	32	0	0	112	47	24	0	0	36	13	0	20	0	118	283	0	114	38	0	0
Corynebacterium rouxii	2719119	S	0	0	170	0	0	0	0	0	0	0	13	0	112	0	9	0	17	0	0	0	0	0	0	0	0	0	11	0	57	0	0	5	0	0	0	0	0	0	0	0	0	75	0	26	0	0	34	0	0	0	86	0	11	0	0	0	0	11	0	0	0	63	46	122	8	389	0	0	20	11	0	246	0	0	35	0	0	5	73	0	9	0	7	0	0	0
Corynebacterium glutamicum	1718	S	0	0	1169	0	0	0	0	6101	5722	0	0	0	475	4498	0	4266	707	600	0	0	614	4157	0	4745	621	0	10062	0	901	0	0	3257	239	0	0	0	0	0	0	0	2059	22	0	18	63	0	11562	0	1930	6423	54702	1508	161	0	0	0	0	9476	311	48	0	97831	149609	105336	4482	4935	0	550	0	5385	0	7564	0	0	20225	16021	19	9649	52265	0	26380	3712	5154	33716	3415	0
Mycolicibacterium goodii	134601	S	0	0	10	20	16	0	0	0	0	9	0	0	0	0	0	0	0	0	0	0	0	0	0	0	0	0	0	0	0	0	0	0	0	0	0	94	0	0	0	0	0	0	0	0	0	0	134	0	0	0	84	0	0	0	0	0	0	0	51	0	0	0	1140	0	75	11	128	0	0	0	0	66	0	0	345	19	0	116	0	0	410	0	69	0	0	0
Streptomyces rimosus	1927	S	0	0	29548	0	0	0	0	0	12	0	0	0	6494	0	0	0	0	0	0	0	0	2516	0	0	0	0	0	0	17789	0	0	0	0	0	0	0	0	0	0	0	0	3440	0	0	0	0	15288	0	0	0	0	0	0	0	0	0	0	5885	0	0	0	102671	5637	3648	1782	25049	1444	0	2833	0	0	9014	0	0	5069	0	0	2808	6456	0	0	2272	0	0	0	0
Streptomyces albidoflavus	1886	S	0	0	56	0	0	0	0	121	0	0	0	0	30	0	0	40	20	0	0	0	57	0	0	0	0	0	73	171	23	0	71	76	0	35	0	0	0	0	25	24	19	25	0	0	0	44	0	0	0	0	34	0	0	27	0	100	0	675	0	0	0	151	42	34	30	99	0	0	0	44	0	57	32	0	18	0	36	0	40	0	0	27	26	29	0	0
Pseudonocardia broussonetiae	2736640	S	0	0	26	0	0	0	0	0	28	0	0	0	0	65	0	0	0	0	0	0	0	0	0	0	0	0	59	0	0	0	0	76	20	0	0	0	0	0	0	8	0	0	14	0	0	86	0	0	10	0	7	20	0	0	26	0	0	0	0	0	0	0	0	154	733	0	0	30	0	0	0	0	0	0	0	0	83	60	0	7	0	85	0	0	14	0
Berryella intestinalis	1531429	S	0	0	491	0	0	0	0	0	0	0	0	0	0	0	0	0	0	0	6	0	0	0	0	0	0	0	898	0	802	0	0	69	0	0	0	0	0	0	0	0	0	0	0	0	0	83	0	0	0	0	0	0	0	0	0	0	0	0	0	0	0	0	0	0	0	28933	0	0	0	1200	1455	11558	0	0	0	0	0	15	0	0	0	0	0	0	0	0
Berryella wangjianweii	2734634	S	0	0	172	0	0	0	0	0	0	0	0	0	0	0	0	0	0	0	0	0	0	0	0	0	0	0	297	0	539	0	0	33	0	0	0	0	0	0	0	0	0	0	0	0	0	98	0	0	0	0	0	0	0	0	0	0	0	0	0	0	0	0	0	0	0	20188	0	0	0	408	276	5624	0	0	0	0	0	0	0	7	0	0	0	0	0	0
Lancefieldella sp. Marseille-Q7238	3022127	S	0	0	17	0	0	17	0	104	8	2474	46	0	12	6	48	92	0	19	0	0	0	0	12	0	29	0	233	35	0	0	32	11	0	11	0	0	15	91	5	51	8	64	0	5	0	25	6310	0	0	69	273	0	44	342	0	21	0	2816	47	0	7	393	1288	0	0	357	136	0	11	383	0	264	27	0	143	1395	20	2561	0	76	58	11	218	40	0	0
Olsenella timonensis	1805478	S	0	0	10	0	0	0	0	548	0	123	0	0	0	0	0	0	0	0	0	0	0	0	0	0	0	0	22	0	46	0	12	0	0	0	0	0	0	6	0	0	9	0	0	1351	0	0	877	0	0	0	13	0	0	99	0	0	0	852	0	0	18	95	215	0	11	8028	0	0	0	344	0	32	0	0	270	1583	17	0	17	0	22	7	474	0	0	0
Lactobacillus sp. 3B(2020)	2695882	S	0	0	10300	0	0	28	0	43	40	138	39	79	0	0	7	0	10	8	0	0	0	0	11	7407	0	509	1188	31	12	0	204	7	68	34	0	0	0	259	0	104	7751	10	0	132	55	0	27	109	0	0	4227	8	9	12	0	25	8	0	32	0	7	140	13	0	21	0	0	24	0	35	0	0	0	226	35	7	632	11	90	399	143	23	26	41	864	25
Lactobacillus sp. JM1	2690380	S	0	0	4053	0	0	1979	0	1356	18394	624	1271	0	0	0	3967	2135	1906	557	0	0	86337	0	0	0	572	0	2369	3689	980	0	0	0	0	2231	618	0	0	510	0	1859	2702	0	0	0	0	0	0	0	0	0	1560	1644	0	12435	0	1291	1071	0	1447	4107	0	51630	2006	14210	0	0	3968	4526	0	6906	0	0	0	0	3650	3981	673	943	2728	0	2094	2571	579	1139	23422	0
Lactobacillus sp. ESL0680	2983210	S	0	0	15	0	0	17	0	17	50	22	27	0	15	0	19	73	13	67	0	0	78	0	23	0	67	20	100	41	26	0	22	8	61	268	7	0	0	0	0	15	74	6	0	0	0	0	0	0	0	0	85	10	17	52	0	20	67	0	0	17	16	176	64	82	0	0	18	0	0	111	0	3110	40	43	38	262	93	0	34	15	32	32	12	36	29	0
Lactobacillus sp. ESL0677	2983208	S	0	0	23	0	0	44	0	0	32	35	37	0	0	0	0	22	0	60	37	0	23	0	39	39	114	0	61	38	0	0	11	0	0	453	11	0	0	0	0	0	50	0	0	0	0	0	24	0	0	44	31	0	29	59	0	0	0	251	0	0	17	1361	12	66	0	0	0	0	0	242	0	0	0	0	15	179	17	10	48	12	12	0	0	0	55	0
Lactobacillus ultunensis	227945	S	0	0	63	0	0	77	0	28	39	12	64	8	10	0	10	30	12	61	0	0	15	10	14	16	73	16	46	114	0	0	89	15	8	545	22	10	0	30	19	67	100	40	0	0	7	80	0	0	0	31	124	0	88	10	0	46	17	0	120	0	21	96	59	28	65	0	0	0	0	126	0	0	0	0	0	0	99	62	81	20	88	125	43	98	0	8
Lactobacillus paragasseri	2107999	S	0	0	315	0	0	175	0	1289	1682	391	0	0	467	0	687	98	681	80	0	0	3783	0	0	0	165	99	727	274	686311	0	161	0	674	1334	0	0	205	0	0	393	1134	0	0	0	0	0	388	0	140	1670	911	1258	54	2719	4699	0	0	5468	805	0	0	133809	0	5026	0	0	2370	608	0	4372	0	7353	0	0	2135	3888	0	0	125	100	13553	0	71	410	3181	0
Limosilactobacillus pontis	35787	S	0	0	10883	0	0	71	0	0	164	151	0	63	0	0	35	19	0	70	15	0	0	0	15	5139	43	478	888	10	0	0	360	14	0	184	44	0	0	58	20	100	12924	0	0	167	31	0	0	74	0	0	3612	0	0	0	0	0	0	0	11	0	0	72	0	110	213	0	0	6	0	285	0	12	0	235	19	0	667	39	174	648	0	0	46	150	298	12
Limosilactobacillus gastricus	227942	S	0	0	7111	0	0	0	0	40	0	141	0	62	0	0	0	0	0	0	0	0	0	0	0	4428	0	385	717	0	0	0	35	0	55	77	0	0	0	29	0	83	6617	0	0	59	43	0	0	73	0	0	1927	0	0	0	0	0	0	0	0	0	0	9	0	0	0	0	0	0	0	0	0	0	0	138	0	0	420	0	0	362	0	0	22	0	414	0
Limosilactobacillus mucosae	97478	S	0	0	3722	0	50	86	23	52	227	21	44	34	7	11	0	17	23	18	0	0	58	0	0	1774	0	243	850	89	7	0	111	21	29	125	20	11	0	50	27	161	5092	21	0	105	49	37	0	51	0	0	2600	23	0	42	0	46	26	25	75	7	52	87	59	60	0	0	63	0	0	66	0	0	0	75	9	17	481	65	220	401	58	141	61	60	137	23
Limosilactobacillus oris	1632	S	0	0	4408	0	0	0	0	0	15	73	0	15	0	0	0	61	0	0	0	0	6	0	0	482	0	53	326	0	0	0	116	0	0	10	0	0	0	0	0	16	1431	0	0	47	0	0	0	0	0	0	585	43	8	0	16	0	0	0	14	0	0	0	0	0	0	0	0	0	0	39	0	0	0	68	0	0	144	0	0	193	0	51	0	11	71	0
Lacticaseibacillus pantheris	171523	S	0	0	1511	0	0	18	0	19	41	27	40	8	0	0	10	0	0	24	0	18	17	0	0	546	26	79	195	25	0	0	9	0	9	25	16	0	0	23	9	36	1406	11	0	29	13	8	0	12	0	0	514	0	0	18	0	24	7	0	13	0	21	16	16	26	0	0	0	0	0	28	0	0	5	24	14	14	142	6	53	66	18	14	18	33	97	14
Levilactobacillus suantsaii	2292255	S	0	0	101	0	0	13	0	20	50	15	28	0	0	0	0	31	0	21	0	0	0	0	0	19	16	7	28	73	23	0	10	0	0	53	0	0	16	12	10	47	60	16	0	0	0	26	0	0	0	0	122	0	0	0	0	41	0	0	0	0	23	86	87	0	0	0	0	0	0	0	0	34	0	0	16	45	77	31	215	0	19	132	17	133	23	0
Ligilactobacillus murinus	1622	S	0	0	16	0	0	15	0	43	114	35	142	0	0	0	13	0	5	13	0	0	23	0	161	70	55	97	24	31	0	0	24	6	0	114	10	0	0	109	9	15	134	9	0	0	0	56	7	0	0	0	44	0	13	36	0	0	0	9	19	7	24	99	24	59	9	0	0	0	0	23	0	23	6	0	14	18	56	35	23	6	12	62	12	15	91	0
Pediococcus pentosaceus	1255	S	0	0	25	0	0	84	0	0	78	0	0	0	0	0	0	18	0	0	0	0	64	0	15	0	0	114	416	620	137	0	0	0	32	8	0	0	0	0	0	0	15	0	0	0	0	0	0	101	0	0	0	0	0	0	0	0	0	0	0	0	0	90	0	338	100	0	420	132	0	788	112	80	39	0	0	0	0	0	0	0	0	0	0	150	0	0
Latilactobacillus curvatus	28038	S	0	0	47	0	0	45	0	84	64	42	45	7	7	0	23	58	19	41	0	0	173	0	16	10	16	16	86	90	34	0	60	7	0	89	59	98	0	13	14	46	57	9	0	0	0	20	21	6	0	0	82	0	49	51	0	76	13	0	24	0	50	310	58	67	40	0	0	0	0	79	51	20	0	0	40	44	87	42	84	17	64	110	27	69	53	0
Loigolactobacillus bifermentans	1607	S	0	0	23	0	0	37	16	136	176	81	45	0	0	7	85	0	0	0	0	0	146	0	0	0	40	0	30	95	0	0	30	0	0	43	0	0	0	19	0	44	52	11	0	0	0	49	0	0	0	0	58	12	28	142	0	32	20	0	52	0	0	164	21	65	17	0	0	0	0	53	0	0	0	0	0	38	48	31	31	14	65	32	20	89	63	0
Streptococcus ferus	1345	S	0	0	479	0	0	55	0	95	38	25	30	6	0	0	35	22	16	25	0	0	5	9	0	379	0	61	116	248	0	0	54	22	0	76	32	61	0	13	15	21	396	28	0	19	0	51	12	0	0	0	141	0	118	0	0	27	56	0	118	0	35	26	79	11	5	0	21	0	0	93	0	0	0	10	0	12	175	24	45	110	172	91	71	174	103	16
Streptococcus sp. 116-D4	2598453	S	0	0	7	102	18	10	24	53	10	11	0	0	0	28	30	111	60	0	24	10	0	62	0	11	0	0	40	17	16	16	39	0	68	0	119	10	18	0	30	64	0	0	10	0	18	14	189	19	23	411	0	25	0	7	64	15	0	0	0	0	6	29	0	113	89	0	89	22	0	16	0	0	0	0	0	0	8	181	214	18	0	119	45	0	22	61
Streptococcus anginosus	1328	S	0	0	52	142	0	36	144	21	231	261	40	0	9	0	489	34	18	42	0	0	59	0	0	12	38	0	2364	55	565	0	1020	54	32	52	35	841	0	12	22	18	205	8	0	1697	0	245	419	0	0	1624	138	22	90	39	86	39	0	70813	4535	0	13	481	5132	333	146	356	16122	28	501	35728	43188	11389	17	1328	159	42936	43	44672	35	2878	8391	30	76	83	21	27
Streptococcus pasteurianus	197614	S	0	0	52	0	0	34	0	24	111	0	0	0	0	0	38	47	0	0	0	0	28	0	0	0	0	0	106	62	0	0	105	0	0	58	0	0	0	0	0	54	81	0	0	0	0	63	0	0	0	0	39	0	0	31	0	0	0	0	29	0	0	139	163	102	0	0	0	0	0	93	0	0	0	0	0	89	28	0	0	0	52	26	36	61	26	0
Lactococcus garvieae	1363	S	0	0	181	0	0	176	0	239	1089	0	248	0	0	71	0	0	0	148	0	0	0	0	0	0	0	0	268	387	0	0	368	0	0	242	0	0	0	0	0	0	574	0	0	0	0	0	0	0	0	0	301	0	0	154	0	868	0	0	0	0	287	1700	0	1144	0	0	0	0	0	0	0	0	0	0	0	144	498	300	294	0	493	278	259	219	137	0
Carnobacterium maltaromaticum	2751	S	0	0	355	0	0	0	0	0	20	17	29	0	0	27	0	21	8	0	0	0	83	0	49	126	0	0	25	50	0	0	0	0	0	15	10	51	0	0	0	29	14	0	0	0	0	16	0	0	0	21	39	0	85	22	0	58	0	0	0	0	14	81	41	40	102	0	0	0	0	69	94	0	0	17	0	0	43	35	36	13	25	12	14	0	51	7
Desemzia incerta	82801	S	0	0	20	0	17	44	0	0	52	57	96	0	0	941	0	30	0	30	38	0	0	0	0	0	43	46	21	67	0	0	0	23	0	126	0	0	0	60	0	0	25	0	0	0	8	0	0	0	0	0	0	0	28	0	0	0	0	0	74	0	23	265	0	19	0	0	0	0	13	63	0	0	0	0	24	0	48	0	0	0	15	21	0	76	15	0
Bacillus paranthracis	2026186	S	0	0	81	0	0	64	0	43	179	29	47	0	31	18	43	16	30	13	0	0	84	31	0	17	16	40	93	316	30	0	68	19	0	40	29	21	17	28	16	39	115	43	0	0	0	87	57	14	0	31	54	0	15	47	0	87	0	58	111	0	78	417	68	93	0	0	10	0	0	86	32	52	14	14	84	38	193	44	181	74	80	81	74	149	53	0
Bacillus spizizenii	96241	S	0	0	191	0	0	22	0	61	75	0	9	0	0	0	60	0	0	0	0	0	21	0	0	0	0	0	55	337	0	0	15	0	0	21	0	108	0	0	0	0	72	9	0	0	0	47	14	0	0	0	22	0	0	19	0	0	0	7	43	0	0	69	733	42	0	0	0	0	0	27	36	28	0	0	15	14	18	6	25	0	48	9	121	202	8	0
Bacillus atrophaeus	1452	S	0	0	1496	6	0	1679	0	2755	734	607	13	0	0	0	0	234	150	189	0	0	696	0	0	0	0	5	159	302	647	0	1126	262	0	407	238	0	0	0	0	10	547	209	0	0	0	21	0	0	0	0	262	0	249	208	0	348	0	16	0	0	21	2046	15	0	0	439	0	7	0	359	0	541	0	0	769	449	808	287	792	0	235	13	233	266	202	0
Bacillus sp. 7D3	2851015	S	0	0	330	0	0	368	0	201	355	0	152	0	0	0	0	0	0	0	0	0	110	0	0	0	0	169	284	605	172	0	393	150	0	218	0	132	0	0	0	586	385	125	0	0	0	638	1020	0	0	0	270	0	0	0	0	296	0	0	171	0	155	351	497	167	131	0	71	0	0	389	0	82	0	0	431	0	710	308	946	0	2764	924	209	389	116	0
Bacillus sp. ZHX3	2841656	S	0	0	1571	0	0	1409	0	2402	2676	2778	2544	0	0	0	532	1315	0	642	0	0	733	0	0	0	468	0	2393	2447	1709	0	2430	0	0	2783	891	725	656	1052	607	3193	5128	862	0	0	0	2021	1938	0	0	2030	1676	0	0	1222	0	4459	0	0	1255	0	0	6485	6045	1312	437	0	347	0	0	2533	0	1087	300	0	971	817	4309	3517	2423	734	3032	2680	2218	2247	2565	502
Geobacillus sp. GHH01	1233873	S	0	0	3357	0	0	0	0	30	30	0	0	0	32	0	88	16	0	0	0	0	67	0	0	0	0	58	38	572	0	0	225	0	0	25	0	71	19	0	0	26	15	20	0	0	0	124	117	23	0	0	18	0	0	0	0	0	0	0	178	0	23	368	75	45	13	0	0	0	0	38	39	0	0	0	55	14	83	19	138	0	229	99	0	287	44	0
Paenibacillus mucilaginosus	61624	S	0	0	37	0	0	110	0	59	122	30	73	0	5	7	43	36	15	9	0	8	34	56	7	6	11	47	101	270	38	0	56	26	0	108	12	7	13	77	10	80	61	52	0	0	5	108	413	0	0	42	105	0	42	38	0	438	75	8	45	0	41	331	62	96	21	0	52	0	22	46	6	36	13	9	111	45	141	106	116	27	176	92	58	308	38	0
Paenibacillus physcomitrellae	1619311	S	0	0	24	0	0	22	0	56	37	17	16	0	0	0	63	13	5	8	0	0	33	7	0	0	0	5	51	163	12	0	9	19	0	44	6	7	13	86	0	101	22	11	0	0	0	61	37	23	0	16	24	0	12	0	0	15	6	14	72	0	19	85	50	36	10	11	9	0	0	53	36	21	0	0	19	31	82	8	29	18	76	55	30	114	57	0
Alicyclobacillus acidocaldarius	405212	S	0	0	20	0	16	0	0	23	0	431	0	0	0	0	0	135	0	0	0	0	0	0	7	0	0	0	30	0	0	0	15	7	0	0	0	0	0	0	0	0	0	0	0	0	0	0	268	0	0	0	16	0	0	7	23	0	0	1835	38	0	0	121	155	13	12	87	0	0	5	161	104	78	0	0	271	323	0	342	7	6	346	0	40	0	0	0
Anaerococcus prevotii	33034	S	0	0	14273	13	82	154	99	14401	47	1167	44	33	19	261	107	6452	166	997	29	5054	715	140	62	10	1431	145	8779	213	8053	165	1146	2032	183	176	193	2696	0	79	19	1049	31	0	0	140	0	65	33880	90	29	102	12612	20	508	12692	147	263	87	270142	8548	21	25	177353	2511	369	221	14980	3937	58	5836	112587	111	661117	48	140	19437	153776	80	165	757	491	11782	541	4160	6923	19	114
Anaerococcus mediterraneensis	1870984	S	0	0	2866	0	25	99	72	3410	7	184	0	13	14	115	34	2139	81	77	28	146	220	29	19	0	86	43	3874	316	1576	41	487	300	97	87	143	14034	8	0	0	65	27	0	0	55	0	328	6094	0	0	31	6132	14	195	2242	125	0	19	80962	1874	0	29	632040	1130	132	86	1511	843	184	976	24419	0	136802	26	21	10576	35147	21	119	379	459	9504	323	1621	448	217	31
Peptoniphilus ivorii	54006	S	0	0	78	0	78	0	0	668	6	771	0	0	0	17	0	205	12	35	19	18	0	0	0	0	44	0	35	10	5	0	9	15	0	26	0	402	10	0	0	0	16	0	0	27	0	0	8207	0	0	0	654	0	18	327	36	0	0	9119	549	0	8	4111	5119	41	24	96	670	10	13	857	125	1630	6	0	11685	4589	22	27	83	0	1190	175	1304	171	0	33
Murdochiella vaginalis	1852373	S	0	0	8	0	0	0	0	695	10	105	0	0	0	0	0	0	0	0	0	0	143	8	0	0	0	0	0	0	0	0	0	26	0	8	0	210	0	0	0	0	0	0	0	6	0	0	35946	0	0	0	529	6	0	212	0	0	0	4046	0	0	0	198	12641	0	13	18	0	15	0	123	11	225	0	0	697	218	0	0	0	0	251	6	1287	33	0	0
Gottschalkia acidurici	1556	S	0	0	28	0	0	84	0	63	117	17	6	0	10	0	190	23	6	0	0	7	96	0	19	5	0	5	204	225	56	0	57	25	0	78	23	0	0	9	5	0	46	16	0	6	0	100	73	0	0	31	13	14	21	33	0	20	0	9	239	0	13	125	53	187	70	11	59	16	0	146	23	19	6	0	44	31	90	40	41	21	107	35	51	109	18	0
Dialister succinatiphilus	487173	S	0	0	3004	0	1976	0	0	4492	0	67550	0	0	0	0	1131	0	977	414	0	0	140	155	108	0	626	0	3917	57	2892	0	1970	301	95	148	0	2352	107	0	0	125	0	0	0	959	0	469	37857	0	0	271	5579	0	0	2446	977	0	69	266813	4956	29	0	25487	28780	0	60	17912	7792	54	314	24358	15642	21966	274	25	54793	37917	26	79207	214	2276	29715	974	12138	94	0	0
Dialister pneumosintes	39950	S	0	0	1225	0	4821	61	0	2553	155	52643	0	0	0	22	848	34	457	345	0	0	53	28	35	0	502	0	1776	0	3634	0	1555	268	0	93	85	1237	82	0	0	86	0	0	0	947	0	555	18018	21	55	377	2190	0	0	2009	270	0	71	157504	2189	67	15	13753	21920	0	24	15419	9508	22	397	16017	9439	7160	217	0	27617	25697	26	48550	69	2085	18216	250	10679	69	0	0
Megasphaera hexanoica	1675036	S	0	0	69	0	12	84	0	627	15	2651	0	0	0	0	90	66	52	17	0	0	0	18	0	0	24	0	1318	11	1091	0	117	32	0	0	0	302	62	0	0	10	14	0	0	101	0	593	2444	0	0	0	1742	0	0	189	0	8	0	21852	385	0	24	2243	8722	28	46	11858	3693	0	30	2220	3959	8490	179	15	12660	5724	12	6072	21	459	3460	3064	4143	216	0	194
uncultured Sporomusa sp.	307249	S	0	0	75	0	94	0	0	143	0	169	0	0	0	0	26	0	12	0	0	0	0	7	12	0	0	0	81	0	171	0	53	19	0	0	0	119	23	0	0	0	0	0	0	20	0	8	1219	0	0	0	254	0	13	35	0	0	0	8147	273	0	0	893	1121	0	0	695	1098	8	23	712	405	347	32	0	2609	1086	0	2427	30	141	1017	315	372	0	0	0
Methylomusa anaerophila	1930071	S	0	0	86	0	56	0	0	123	0	60	0	0	0	0	20	27	15	0	0	0	7	26	14	0	0	0	56	0	10	0	26	0	0	0	0	62	8	0	0	0	0	0	0	0	0	8	835	0	0	0	374	0	0	11	0	0	0	8562	396	0	0	640	502	0	0	81	278	0	0	441	251	142	0	0	1913	551	0	2433	0	15	667	93	174	23	0	0
Selenobaculum gbiensis	3054208	S	0	0	126	0	0	52	22	250	6	147	29	0	0	0	0	38	0	0	0	0	0	0	6	0	17	10	70	32	0	0	38	0	0	24	14	0	39	14	0	73	34	15	22	0	0	41	717	0	0	0	751	0	0	31	0	51	0	7167	557	0	16	1790	411	0	0	71	840	0	0	218	62	198	60	0	3325	499	44	1659	36	33	2111	1084	197	36	0	143
Selenomonas sputigena	69823	S	0	0	15	0	0	19	20	129	12	666	62	0	0	6	61	66	10	21	14	26	21	89	0	0	30	8	99	0	449	0	75	22	33	27	0	0	7	0	0	0	24	0	0	50	6	115	1055	12	0	45	53	0	31	113	0	0	53	12954	22	0	24	940	1555	39	43	1605	1630	0	23	1657	943	344	30	0	1287	2537	24	1077	23	247	1009	91	469	35	0	16
Peptostreptococcus sp. CBA3647	3003601	S	0	0	115	0	0	0	0	7	32	2489	0	0	0	0	17	0	5	100	0	13	5	9	0	0	139	0	104	0	81	0	45	0	0	0	5	0	0	0	0	0	10	0	0	12	0	179	3765	0	0	10	950	0	10	115	0	0	0	368	31	0	0	32	97	18	24	274	1050	24	628	307	0	13858	14	0	420	2946	0	966	65	55	0	274	7032	0	0	0
Mageeibacillus indolicus	884684	S	0	0	101	0	0	30	0	458	15	19	14	7	0	0	0	7	0	0	0	0	27	0	0	8	0	9	37	18	21	0	12	0	0	7	0	0	21	23	0	0	0	7	0	6	0	0	23	72	0	114	25	0	0	6	5	84	0	16	188	12	7	48	104	20	19	182	10	12	0	67	0	25	6	0	74	85	19	34	18	0	33	12	19	444	62	0
Subdoligranulum variabile	214851	S	0	0	16	0	18	0	0	42	9	0	0	0	0	0	0	280	0	0	0	60	16	30	0	0	0	126	20	22	0	0	8	0	0	12	83	0	0	0	0	0	36	0	0	0	0	0	55	0	0	0	55	14	73	0	6	0	0	161	0	0	0	111	52	35	35	23	0	0	0	14	0	0	16	0	0	7	19	295	22	0	260	7	19	62	0	16
Blautia sp. SC05B48	2479767	S	0	0	17	0	0	17	34	72	101	53	36	0	13	0	0	0	0	0	0	0	44	219	0	0	0	72	58	0	0	0	45	0	0	15	77	0	0	0	0	0	29	0	0	0	0	0	0	0	0	0	92	0	0	0	0	0	0	0	0	0	0	64	26	0	0	0	0	0	0	66	0	0	39	0	0	0	13	89	26	62	0	225	29	0	0	0
Butyrivibrio proteoclasticus	43305	S	0	0	13	0	0	0	0	0	0	134	0	0	0	0	0	11	0	9	0	0	0	0	0	0	10	0	36	0	8	0	14	0	0	0	0	0	0	0	0	0	0	0	0	0	0	0	451	0	0	0	114	0	0	0	6	0	0	325	0	0	0	384	25	0	0	6	17	0	7	327	0	58	0	0	33	73	0	46	0	76	199	0	94	0	0	0
Epulopiscium sp. 'N.t. morphotype B'	420336	S	0	0	12	0	41	15	5	41	56	291	22	0	0	10	9	9	9	20	0	0	14	0	0	0	26	68	19	23	0	0	30	8	0	23	16	6	17	0	0	11	21	7	0	29	5	9	569	0	0	0	7163	0	6	17	0	0	6	575	239	0	15	92	17	21	0	40	133	0	13	32	26	622	0	0	3659	826	12	32	94	0	647	16	227	109	9	0
Zhaonella formicivorans	2528593	S	0	0	32	0	0	0	0	48	0	407	0	0	0	0	32	0	18	0	0	0	0	0	0	0	5	0	81	0	150	0	72	0	0	5	0	0	0	0	0	0	0	0	0	26	0	41	527	0	0	0	75	0	16	34	0	0	0	4811	0	0	0	462	791	6	14	798	501	0	33	757	349	495	0	0	926	1134	0	968	0	59	460	0	333	7	0	0
Mycoplasma feriruminatoris	1179777	S	0	0	26	0	0	87	0	19	64	24	92	0	0	0	18	6	0	46	0	0	9	0	0	0	0	29	73	87	12	0	39	16	0	98	0	0	0	64	0	113	32	16	0	0	0	32	13	0	0	0	94	0	0	19	0	16	0	0	12	0	57	44	59	16	0	0	0	0	0	26	0	13	8	8	19	7	134	10	73	14	104	82	18	74	31	0
Oscillatoria nigro-viridis	482564	S	0	0	5	0	0	0	13	15	77	0	5	0	0	2630	135	566	11	9	325	6	72	290	20	0	0	0	17	7	28	15	102	75	81	9	0	0	0	10	15	5	8	0	0	0	0	0	32	106	31	56	33	34	7	0	48	0	0	11	47	0	21	89	6	274	160	0	7	49	21	28	0	0	33	9	0	0	11	51	0	6	2817	786	39	0	16	40
Limnospira indica	147322	S	0	0	16	0	0	17	61	0	300	0	15	0	14	0	0	281	0	0	0	0	151	192	0	0	0	0	53	28	74	17	0	137	248	10	51	0	93	233	168	0	0	0	0	0	0	0	197	0	0	0	57	0	0	0	0	0	0	142	0	0	0	1043	33	203	176	0	0	286	181	249	0	0	0	0	27	0	9	168	11	0	1159	898	59	22	85	56
Klebsiella variicola	244366	S	0	0	23	0	0	15	85	100	47	11	16	0	0	35	0	12	20	0	0	18	44	38	0	8	0	0	27	15	0	15	32	20	23	21	18	0	0	0	0	10	28	0	0	0	0	0	0	0	0	30	139	44	0	18	0	0	0	0	0	0	15	88	24	11	55	0	64	0	0	170	0	0	0	0	51	9	19	106	24	0	33	145	59	16	40	32
Pseudomonas sp. CIP-10	2892442	S	0	0	54	0	0	29	0	49	1762	0	0	0	133	502	0	1864	88	46	223	132	38	594	0	0	0	92	237	318	268	0	1905	486	1341	143	4381	492	57	261	271	0	2034	0	107	808	515	434	1101	269	48	597	554	463	421	0	355	121	0	68	222	38	759	193	715	998	1097	512	320	111	765	2796	80	0	80	128	35	27	0	1249	178	64	2219	5015	5627	185	187	243
Haemophilus influenzae	727	S	0	0	10	0	0	0	0	126	10	24	0	0	0	50	0	58	34	0	0	18	10	0	0	0	29	16	43	6	0	0	0	0	0	0	0	0	0	0	77	46	0	0	0	43	0	23	0	0	0	0	111	0	30	0	11	0	254	0	0	0	34	24	0	0	149	0	184	0	0	0	42	0	0	0	0	0	0	0	0	0	125	47	42	0	34	59
Aggregatibacter actinomycetemcomitans	714	S	0	0	51	0	0	26	0	56	35	0	0	0	0	9	7	40	0	0	0	57	33	37	0	0	0	0	22	18	20	0	25	0	0	19	0	0	0	0	0	0	122	0	0	0	0	27	24	0	12	0	0	0	0	16	0	21	0	0	25	15	48	116	27	85	19	92	0	0	0	20	0	0	0	0	19	0	15	49	0	0	25	69	193	0	7	0
Candidatus Methylospira mobilis	1808979	S	0	0	9	0	0	17	0	794	0	0	0	0	0	0	0	7	7	0	0	0	0	24	0	0	0	0	20	0	0	0	8	0	0	0	9	0	0	0	0	0	0	0	0	0	0	65	6	0	0	305	0	0	0	0	0	27	0	0	58	11	0	0	383	5	107	0	7	0	0	6	0	111	6	0	167	203	14	11	0	379	0	30	28	521	11	0
Enhydrobacter sp.	1894999	S	0	0	2388	0	0	0	0	29	469	0	0	0	0	0	57	34	0	0	18	0	0	1434	0	0	6	0	0	0	0	57	35	13	0	0	0	94	12	0	0	0	0	0	0	0	0	0	0	0	0	0	18	7	19	0	5	0	0	0	0	0	0	0	0	108	0	0	0	50	0	32	65	0	0	0	0	0	0	50	0	0	0	47	0	0	0	0
Candidatus Hodgkinia cicadicola	573658	S	0	0	17	0	0	20	0	33	92	17	32	7	15	10	5	49	18	11	0	13	81	38	0	7	15	8	56	12	5	0	70	19	0	29	16	7	9	11	14	34	58	10	0	6	5	9	9	0	0	10	30	0	0	59	0	146	8	661	11	56	16	109	28	84	26	8	22	15	0	60	28	13	5	6	21	13	38	33	18	10	24	31	9	11	71	0
Azospirillum baldaniorum	1064539	S	0	0	94	0	0	0	0	89	62	197	31	0	0	38	0	103	0	0	0	0	47	0	0	16	15	0	70	15	67	0	0	0	0	0	0	0	0	0	0	0	12	0	0	0	0	0	73	0	0	0	13	0	0	35	0	0	0	0	0	0	26	178	237	118	45	0	98	0	0	156	0	131	0	0	220	253	0	0	0	0	0	80	117	0	13	0
Sphingomonas sp. LK11	1390395	S	0	0	12	0	0	0	0	32	0	0	0	0	0	0	0	510	88	0	72	0	0	1621	0	0	0	0	0	0	0	0	50	0	54	0	89	368	0	0	0	39	0	0	14	0	85	0	0	0	0	0	0	0	17	0	25	0	0	0	0	0	0	0	0	391	242	0	0	30	0	0	0	0	0	0	16	0	0	65	14	0	750	323	0	0	50	0
Sphingomonas paucimobilis	13689	S	0	0	14	0	0	0	0	0	0	0	0	0	0	0	62	118	0	0	184	0	0	768	0	0	0	11	0	0	45	0	63	77	0	0	34	0	83	0	0	25	0	0	25	8	0	109	0	0	0	0	89	0	0	0	106	0	0	0	38	0	0	176	0	0	99	0	53	21	0	38	214	36	0	0	15	43	32	103	33	0	37	58	818	33	0	24
Brevundimonas sp. M20	2591463	S	0	0	12	49	18	0	39	0	172	0	0	0	0	102	0	10	0	22	0	136	0	1333	0	0	0	0	22	11	0	0	109	13	27	0	13	42	15	0	0	12	0	0	13	5	0	0	0	0	15	120	0	0	0	0	7	0	0	0	0	0	0	0	0	32	0	0	0	0	0	0	0	0	0	0	0	0	0	76	0	13	316	54	35	0	0	0
Taylorella equigenitalis	29575	S	0	0	9	0	0	47	0	527	257	59	253	0	0	810	65	0	6	50	0	0	112	762	0	0	0	0	244	0	0	0	131	0	0	8	0	91	0	0	0	36	88	0	0	0	0	0	113	0	0	0	19	0	49	31	0	241	0	0	0	0	147	302	378	464	288	0	0	0	0	6	0	55	0	0	315	326	75	614	82	0	204	211	327	0	63	0
Aquincola tertiaricarbonis	391953	S	0	0	9	40	22	0	57	13	0	0	0	0	0	36	47	45	19	0	116	31	0	28566	55	0	6	15	19	0	15	0	25	38	0	25	53	114	225	0	7	18	12	0	30	0	0	112	53	79	23	309	94	0	8	0	40	0	53	44	43	0	10	38	0	42	1643	0	35	0	25	17	0	0	11	0	0	0	0	24	0	0	0	393	29	34	16	25
Burkholderia thailandensis	57975	S	0	0	1831	0	0	1721	0	6847	5353	790	0	0	0	2992	0	6247	1078	1114	0	0	2243	28763	0	0	713	1445	3678	1209	1427	0	0	0	0	1115	0	0	0	0	0	0	1012	907	0	0	0	0	2895	0	0	0	1561	0	1661	845	0	0	0	821	4153	0	479	5661	6946	3474	0	3648	0	0	0	4044	0	697	0	0	0	4063	1676	4855	0	0	3406	3673	3584	14693	0	0
Candidatus Ichthyocystis hellenicum	1561003	S	0	0	18	0	0	35	0	829	7	0	0	0	0	0	0	24	0	0	0	0	0	22	0	0	0	5	95	0	7	0	20	0	0	6	10	88	7	0	8	5	5	0	0	0	0	28	0	7	0	51	51	0	12	0	0	50	0	654	198	27	0	0	383	20	56	0	57	0	0	97	0	35	5	0	188	189	14	35	0	44	46	69	0	1062	0	0
Tepidimonas taiwanensis	307486	S	0	0	8	0	37	10	102	769	508	25	39	56	189	62	18	901	1165	746	0	513	22	147	31	339	842	65	32	0	0	38	53	115	120	0	316	111	77	113	19	0	88	0	10	23	0	0	112	37	80	393	20	152	105	13	66	0	0	0	20	132	1834	26	50	40	303	7	281	0	0	130	304	0	0	0	67	96	0	211	18	0	1422	6160	783	489	1000	134
Neisseria meningitidis	487	S	0	0	45	21	0	31	0	2215	60	69	76	14	268	96	20	134	0	0	30	0	39	386	21	0	0	44	1424	20	258	0	38	581	0	58	48	0	90	0	25	123	499	29	0	188	32	0	0	0	42	381	183	0	70	0	135	75	0	0	198	0	24	29	452	625	158	0	27	187	19	362	0	0	0	0	6718	82	90	2075	23	124	85	974	126	3082	0	100
Kingella oralis	505	S	0	0	13	0	39	0	0	29	0	0	5	0	19	40	7	117	0	10	10	0	6	44	18	0	9	0	29	0	0	7	23	0	152	0	51	0	0	8	17	7	12	0	30	20	14	0	0	10	14	186	36	0	9	0	41	26	0	0	0	102	0	7	0	94	68	0	0	9	0	67	0	11	16	0	173	20	0	34	0	0	32	48	26	56	7	58
Prevotella sp. Rep29	2691580	S	0	0	34	0	0	0	0	170	6	26	0	0	0	0	0	0	0	0	0	0	28	0	0	0	0	0	33	11	14	0	6	0	0	5	0	70	10	0	0	0	0	0	0	0	0	29	2323	0	0	0	38	0	0	29	33	0	0	8547	9	0	0	384	72	0	0	114	37	0	0	522	0	308	0	0	44	1207	0	21	0	27	759	0	256	7	0	0
Prevotella sp. oral taxon 475	712471	S	0	0	32	0	0	0	0	633	11	165	0	0	0	5	14	34	23	5	0	28	12	16	16	0	7	0	110	52	11	5	37	20	0	0	0	64	6	0	0	0	0	0	15	22	0	48	1967	0	23	0	146	0	0	60	101	14	7	29719	7	0	0	1550	994	21	29	204	204	8	33	2075	37	1162	0	0	142	4785	10	118	0	179	4459	23	1793	13	0	8
Prevotella sp. E13-17	2913616	S	0	0	21	0	0	0	21	56	0	0	0	0	0	0	0	0	0	0	0	0	6	0	0	0	0	0	13	0	0	0	0	0	0	0	0	0	0	0	0	0	0	0	0	0	0	24	2179	0	0	0	0	0	0	0	22	0	0	2527	0	0	0	103	232	0	6	223	23	0	0	62	25	71	0	0	84	109	0	33	0	0	170	0	44	0	0	0
Prevotella corporis	28128	S	0	0	193	0	0	0	15	3096	0	520	0	0	0	14	25	14	49	95	0	0	127	0	23	0	146	0	101	14	25	0	27	45	63	0	10	622	6	0	0	0	0	0	0	63	0	428	126933	149	0	69	40	42	0	378	225	0	129	184859	115	0	0	1583	49178	61	58	1671	269	22	7	4900	413	6118	23	0	7949	4908	0	1588	11	32	3205	50	4614	16	10	0
Prevotella herbatica	2801997	S	0	0	29	0	0	0	0	622	0	248	0	0	0	0	38	30	6	11	0	36	11	12	10	0	18	0	219	68	5	0	20	12	0	0	0	101	0	0	0	0	0	0	0	20	0	83	745	0	0	0	189	18	0	104	60	0	6	34294	67	0	0	1661	637	0	0	167	226	9	21	2078	151	1915	0	0	124	5453	0	52	0	130	5526	0	1316	24	0	0
Hoylesella enoeca	76123	S	0	0	99	0	0	0	0	248	13	193	0	0	0	0	0	34	25	0	0	83	24	23	9	0	0	0	92	0	8	0	56	0	0	0	19	0	0	0	14	0	0	0	0	23	13	154	1533	0	0	30	123	10	12	76	41	0	0	15730	0	0	0	480	1146	17	25	157	139	0	0	1233	132	1217	13	0	83	2202	0	1073	28	22	1642	0	416	0	0	52
Pseudoprevotella muciniphila	2133944	S	0	0	20	0	0	0	0	97	47	35	0	0	0	0	0	64	31	0	0	63	9	29	20	0	0	0	82	14	0	0	21	0	0	10	18	0	0	0	9	0	0	0	0	0	0	20	148	0	17	0	103	10	11	22	21	0	0	5923	0	0	17	437	207	36	23	32	184	0	25	404	0	201	0	0	20	915	0	31	0	59	1477	16	371	0	0	24
Paraprevotella xylaniphila	454155	S	0	0	14	0	0	0	0	69	28	44	0	0	0	0	0	19	0	0	0	0	18	24	0	0	0	0	34	30	0	0	0	0	0	0	0	0	0	0	0	0	0	0	0	0	0	26	795	0	0	0	28	0	0	6	22	0	0	7693	0	0	0	439	124	10	0	74	29	0	0	374	0	326	0	0	36	746	0	6	0	62	1230	0	531	0	0	0
Salinivirga cyanobacteriivorans	1307839	S	0	0	10	9	0	0	0	83	0	532	0	0	0	0	16	0	14	0	0	0	0	0	0	0	0	0	11	0	55	0	18	14	34	0	0	45	0	0	0	0	0	0	0	15	0	0	358	0	0	34	8	0	0	14	20	0	0	3745	0	0	0	186	392	0	0	213	207	0	17	352	236	94	0	0	391	420	0	641	0	35	515	0	160	0	0	0
Pseudocnuella soli	2502779	S	0	0	32	0	0	0	0	459	429	0	0	0	0	0	0	63	23	16	0	17	0	2485	0	0	18	9	0	0	0	0	0	24	0	0	0	150	0	166	0	0	0	0	0	0	0	0	0	0	38	0	0	0	0	0	17	11	0	10	0	0	0	36	16	80	15	0	20	0	0	0	125	0	0	0	0	0	0	131	0	0	45	4214	0	0	0	19
Flavisolibacter ginsenosidimutans	661481	S	0	0	7	0	0	0	0	1028	512	0	0	0	0	32	0	26	75	0	0	0	0	5641	0	0	0	7	0	19	0	27	19	13	0	0	0	0	0	0	0	0	0	0	0	0	11	0	0	0	0	78	21	0	0	0	0	15	0	0	0	0	0	0	208	12	15	0	0	0	0	14	0	0	20	0	62	0	0	30	64	0	323	329	0	0	0	0
Leptospira kobayashii	1917830	S	0	0	86	0	0	38	7	21	21	0	12	5	0	0	16	40	6	0	0	0	0	6	8	0	0	6	16	112	45	10	85	280	79	108	27	55	0	16	13	34	91	15	0	14	5	21	18	0	0	0	53	0	16	0	0	11	0	0	34	0	53	20	118	0	7	0	0	0	14	27	0	0	0	0	113	0	251	46	949	36	53	142	18	70	0	0
Helicobacter pylori	210	S	0	0	17	0	0	0	0	0	5634	2589	0	0	5	23	0	3044	0	0	0	0	82	46	0	0	0	11	1670	1312	0	0	0	114	0	259	0	0	0	1009	0	0	1649	0	0	0	0	0	42	0	0	0	333	6	9	16	0	0	11	406	0	5	15	2089	652	2528	19	130	29	2445	0	77	6798	334	22	0	28	22	22	1872	13	0	0	97	1024	9	84	0
Fusobacterium polymorphum	76857	S	0	0	52	0	0	89	63	2466	286	2321	114	0	0	26	74	0	0	0	0	178	82	0	0	135	47	0	1040	0	0	27	899	0	258	48	155	208	0	0	43	70	88	0	0	133	0	0	3033	0	0	234	215	0	0	416	0	0	0	172	1206	0	175	4667	4928	260	111	0	2210	170	0	193	1546	1931	0	0	43	2635	57	2085	0	5633	9376	264	0	204	0	0
Fusobacterium canifelinum	285729	S	0	0	6	0	19	0	0	98	0	69	6	0	0	0	0	0	43	0	0	0	0	0	0	0	0	0	24	0	0	0	0	0	44	0	0	0	0	0	0	0	0	0	0	0	0	256	161	0	0	14	0	0	0	5	0	0	357	0	0	0	0	0	32	0	67	215	653	162	0	0	1044	831	0	0	0	976	0	21	111	967	4500	0	0	0	0	0
Fusobacterium vincentii	155615	S	0	0	8	0	0	13	0	66	25	84	12	23	54	61	22	197	321	0	0	0	37	0	0	16	0	0	719	95	226	0	0	0	0	18	0	0	0	0	0	0	29	0	0	0	0	0	25048	0	0	0	8	0	194	17	0	0	0	23	248	0	12	477	1410	165	298	671	864	839	0	119	2086	751	0	0	0	982	7	210	0	1086	6326	8	0	21	0	0
Granulicella sp. WH15	2602070	S	0	0	26	0	0	0	0	0	14	25	0	0	0	0	0	0	0	10	0	0	0	67	5	0	0	0	115	0	33	0	0	13	0	0	0	0	0	0	0	0	0	0	0	0	0	0	121	0	0	0	0	0	0	0	0	0	0	3158	0	0	0	369	104	8	0	114	108	0	0	212	141	24	0	0	248	154	0	224	8	15	221	39	68	0	0	0
Luteitalea pratensis	1855912	S	0	0	10	0	0	10	33	232	62	0	20	7	0	8	0	13	0	6	0	69	37	1011	0	0	0	0	703	9	0	0	24	56	0	0	10	0	0	0	0	0	21	0	0	0	0	19	116	0	0	0	40	0	29	8	6	5	8	1431	7	0	38	256	105	46	27	0	124	0	0	112	0	0	0	0	72	126	12	0	10	0	243	59	107	46	13	0
Aspergillus puulaauensis	1220207	S	0	0	17	8	0	0	21	181	312	0	0	0	98	0	0	326	47	0	0	410	66	0	0	0	0	18	76	79	44	82	996	197	173	35	237	174	113	68	82	64	71	0	0	40	35	114	52	0	48	47	275	21	55	0	229	10	0	11	266	0	44	107	28	105	38	19	23	127	83	59	26	0	42	0	0	0	15	3846	0	20	595	1333	536	58	101	13
Debaryomyces hansenii	4959	S	0	0	21	29	27	0	74	73	257	107	15	23	0	45	38	185	53	19	116	13	0	0	14	0	0	5	23	0	0	13	67	13	0	25	37	247	10	13	11	0	0	0	22	8	27	0	27	7	0	40	0	12	27	0	72737	27	0	0	145	0	18	23	0	58	53	0	30	0	39	41	0	0	6	0	0	15	0	16	16	34	0	0	41	0	56	43
Plasmodium relictum	85471	S	0	0	14	0	0	13	21	87	67	274	0	0	0	52	0	7982	5	0	16	11	0	146	0	0	0	0	88	0	49	9	175	604	248	35	270	130	89	0	18	0	54	0	0	0	57	0	34	0	25	0	108	203	47	0	12	0	0	65	33	0	69	32	0	152	335	0	5	154	0	100	42	5	17	0	1700	22	0	605	10	0	198	623	79	46	0	22
Toxoplasma gondii	5811	S	0	0	20	0	0	0	0	23	1457	0	6	21	0	73	42	1639	0	0	0	0	8	695	14	0	0	0	134	28	28	7	134	201	95	30	56	49	79	0	30	9	169	0	35	0	0	0	58	24	0	0	0	142	138	0	0	9	0	135	965	19	91	168	17	184	199	0	0	34	0	152	54	0	0	0	391	18	0	491	15	8	412	220	125	23	22	0
Methylobacterium brachiatum	269660	S	0	0	0	11	0	0	78	53	0	0	0	0	0	29	9	0	0	40	16	0	0	36	0	0	0	0	0	0	0	0	34	0	0	0	38	0	0	0	0	0	45	0	0	32	27	0	0	0	0	0	0	36	0	0	15	0	0	0	0	0	0	0	0	57	21	0	16	55	0	0	234	0	0	0	0	0	0	61	0	18	8	134	0	0	165	0
Sphingomonas sp. CL5.1	2653203	S	0	0	0	6	0	0	0	0	16	0	0	0	0	0	65	50	0	0	0	0	47	1983	0	0	0	0	0	18	42	49	19	87	0	0	19	0	0	0	0	0	0	0	0	10	70	97	64	0	0	0	0	0	0	0	35	0	0	0	0	0	73	0	0	248	103	0	0	18	0	0	0	0	0	0	0	0	0	69	0	0	1029	183	317	0	29	0
Comamonas terrigena	32013	S	0	0	0	6	66	0	0	70	105	0	0	0	14	173	34	83	97	73	41	25	0	53	0	20	70	0	0	0	0	13	93	529	746	17	82	694	0	23	13	10	0	0	0	0	0	0	34	0	25	0	17	21	29	7	0	15	0	0	0	0	52	17	0	58	537	0	0	23	57	15	0	76	0	0	0	0	0	84	57	64	0	488	96	0	150	8
Pseudoduganella armeniaca	2072590	S	0	0	0	19	0	0	0	67	95	0	0	0	0	284	0	150	0	0	77	0	0	3235	0	0	0	0	30	0	0	0	62	0	258	0	16	0	45	0	0	36	0	0	0	0	0	0	64	0	0	92	0	0	0	0	40	0	0	0	0	0	0	0	0	127	205	0	0	0	0	0	0	0	0	0	0	0	0	0	0	0	0	588	36	0	0	0
Pseudoduganella albidiflava	321983	S	0	0	0	19	0	0	0	0	0	0	0	0	0	57	0	0	0	0	21	0	0	812	0	0	0	0	0	0	0	0	65	0	901	0	32	0	0	0	0	0	0	0	0	0	0	0	0	0	0	0	0	0	0	0	65	0	0	0	0	0	0	0	0	123	0	0	0	0	0	0	0	0	0	0	0	0	0	108	0	0	0	201	76	53	0	0
Telluria mixta	34071	S	0	0	0	14	0	0	0	514	63	0	0	0	0	730	21	0	57	0	37	0	0	152	0	0	0	0	0	0	0	0	67	0	0	0	0	0	0	22	0	14	0	0	0	0	0	0	0	0	0	35	28	0	0	0	151	0	0	0	17	0	0	0	0	0	30	0	0	0	0	0	0	0	0	0	0	0	0	2656	0	0	229	206	310	0	0	0
Piscinibacter sp. XHJ-5	3037797	S	0	0	0	30	0	0	67	0	28	0	0	0	12	24	32	61	61	25	0	0	0	242	0	0	30	0	6	0	0	22	7	0	0	0	9	0	121	15	0	0	6	0	22	0	0	0	0	0	0	6	0	0	0	0	17	0	0	0	0	0	37	45	7	0	163	0	0	0	0	0	0	0	0	0	0	0	0	95	0	0	0	251	27	0	0	9
Nocardioides sambongensis	2589074	S	0	0	0	96	0	0	0	35	20	0	0	0	0	18	0	9	0	0	0	0	0	0	0	0	0	0	118	0	0	0	0	261	56	0	54	0	0	0	0	0	0	0	0	0	0	0	897	8	17	25	53	0	0	0	8	0	0	348	0	0	0	2474	0	0	12	0	0	0	0	38	0	71	0	0	111	81	0	67	0	0	425	0	0	0	0	0
Micrococcus sp. SL257	2995171	S	0	0	0	353	0	0	231	0	0	0	0	0	0	0	276	0	0	0	472	0	0	0	0	0	0	0	0	0	0	0	0	0	0	0	0	0	0	0	0	0	0	0	0	0	0	0	0	0	0	0	0	0	0	0	0	0	0	0	0	0	0	0	0	0	1386	0	0	0	0	0	0	0	0	0	0	0	0	0	0	0	0	1157	0	235	0	0
Corynebacterium jeddahense	1414719	S	0	0	0	18	7	9	52	37	14	0	17	9	0	33	82	177	10	62	74	29	0	42	0	0	5	27	169	37	25	18	1555	41	17	0	127	0	146	33	16	0	6	0	60	29	32	20	20	14	18	20	118	0	9	0	144	7	0	208	129	0	19	114	36	427	156	0	20	0	7	103	56	62	8	0	155	20	7	49	975	0	125	50	340	803	5	91
Corynebacterium atypicum	191610	S	0	0	0	7	0	0	0	0	0	0	0	0	0	0	0	13	7	0	18	0	0	67	0	0	0	13	52	0	11	0	0	24	0	0	0	0	0	0	0	0	0	0	0	0	0	0	231	0	0	0	2279	0	0	0	28	6	0	0	109	0	0	1160	4683	19	12	164	261	85	0	47	129	8	16	0	349	455	22	222	27	0	2377	46	0	29	10	7
Rhodococcus qingshengii	334542	S	0	0	0	43	0	0	204	0	38	0	0	0	0	0	0	0	0	0	0	0	0	0	0	0	0	0	0	0	0	0	0	51	0	0	0	0	85	109	0	0	0	9	24	27	0	0	92	0	0	0	83	0	0	0	49	0	0	19	35	0	0	129	254	3728	76	154	58	0	0	76	92	37	0	0	50	0	0	76	72	0	451	331	56	125	0	0
Staphylococcus pettenkoferi	170573	S	0	0	0	116	26	0	47	13	27	90	48	17	10	48	20	36	52	140	584	87	11	31	20	21	122	43	27	11	11	41	14	6	50	5	13	158	0	15	7	23	15	0	27	16	11	17	56	0	79	0	107	9	5	71	120	112	0	11	84	8	28	114	24	34	50	0	39	0	0	12	0	0	5	5	27	10	5	66	17	0	41	381	17	12	26	20
Caproicibacterium amylolyticum	2766537	S	0	0	0	6	32	0	0	0	5	14	0	0	0	0	0	19	0	0	0	0	0	0	0	0	0	0	13	0	41	0	9	0	0	0	0	0	0	0	0	0	0	0	0	0	0	0	73	0	0	0	0	0	0	10	0	0	0	521	0	0	0	56	152	14	0	121	85	0	0	250	69	477	0	0	140	654	0	135	0	39	0	26	51	0	0	0
Veillonella dispar	39778	S	0	0	0	8	0	0	0	0	0	0	0	0	0	0	182	61	0	0	0	0	0	0	0	0	0	0	280	0	0	0	0	0	0	0	15	0	0	0	0	0	0	0	0	0	0	0	0	0	0	77	94	0	0	0	21	0	0	27	0	0	0	939	0	0	0	0	66	0	0	125	0	354	0	0	0	0	119	0	0	139	1228	84	0	0	0	0
Selenomonas ruminantium	971	S	0	0	0	5	0	14	0	10	0	73	0	0	0	0	32	58	0	0	0	0	0	0	6	0	0	0	41	0	0	0	0	0	0	0	6	0	0	0	0	0	0	0	0	7	0	0	58	0	0	0	402	0	0	8	0	0	0	411	0	0	0	127	588	0	0	565	207	0	0	17	0	193	0	0	435	146	0	16	23	0	82	9	134	9	0	0
Phascolarctobacterium faecium	33025	S	0	0	0	20	0	0	0	237	0	306	0	0	0	0	0	13	0	13	0	14	0	0	0	0	0	0	53	0	276	0	15	14	0	0	0	0	0	0	0	0	0	0	0	30	0	32	270	0	0	0	72	0	0	37	0	0	0	9477	27	0	0	1158	1337	0	31	1842	1039	0	33	846	820	700	19	0	577	1013	0	826	0	101	1576	67	279	0	0	0
Leptolyngbya sp. BL0902	1115757	S	0	0	0	23	0	0	0	0	29	0	0	0	5	57	0	199	815	0	0	5	23	80	0	0	0	0	23	5	0	0	13	27	212	9	0	112	47	32	94	0	0	0	0	0	0	0	30	0	0	0	9	20	0	0	29	11	0	0	0	16	11	10	0	250	31	0	0	0	14	0	0	0	0	0	0	0	0	19	5	0	5019	444	14	0	0	0
Chryseobacterium taklimakanense	536441	S	0	0	0	57	0	31	0	200	0	0	0	0	0	15	9	37	16	0	0	1775	0	61	0	34	9	0	0	64	0	31	0	19	28	0	40	0	0	24	0	6	0	0	0	0	0	0	0	0	54	24	82	24	473	0	0	21	0	57	62	0	0	100	159	68	0	0	27	0	0	19	380	0	0	0	0	43	28	40	0	0	0	332	23	0	0	50
Phocaeicola coprophilus	387090	S	0	0	0	19	0	0	0	26	76	0	0	0	0	0	0	0	0	0	21	17	23	31	0	0	0	0	53	0	0	0	0	13	0	10	25	0	0	15	137	0	0	0	0	0	0	0	40	43	0	36	62	0	0	0	0	0	0	56	0	0	0	374	0	54	36	0	14	0	0	121	0	0	0	0	0	0	0	9	0	51	67	0	178	0	48	16
Hymenobacter sublimis	2933777	S	0	0	0	5	0	0	0	0	182	0	0	0	0	0	0	0	121	0	0	0	0	4392	0	0	0	0	0	0	0	241	0	0	0	0	0	0	0	0	0	14	0	0	0	0	100	0	0	0	0	0	149	0	0	0	439	0	0	0	0	0	0	0	0	100	199	0	0	0	0	0	0	0	0	0	0	0	0	0	0	0	0	606	0	0	0	0
Fusobacterium pseudoperiodonticum	2663009	S	0	0	0	44	57	0	26	13	19	45	0	0	0	28	0	65	47	0	0	0	10	58	0	0	0	36	42	6	12	12	18	33	45	0	15	115	0	0	0	0	0	0	0	0	0	23	47	0	16	0	38	58	41	12	0	0	0	25	0	0	0	47	95	10	13	0	52	34	0	7	63	59	0	0	0	130	6	10	0	92	736	333	22	0	12	10
Leptotrichia sp. oral taxon 212	712357	S	0	0	0	25	0	0	0	59	24	13	0	0	11	97	43	53	0	0	0	28	0	31	0	0	0	0	10	0	0	0	42	0	0	0	29	73	15	42	17	13	0	28	23	11	20	0	120	0	7	91	67	16	33	55	16	11	58	0	0	0	15	0	0	115	927	0	14	12	6	138	0	6	0	0	10	0	0	38	0	0	120	36	51	0	72	26
Gemmata obscuriglobus	114	S	0	0	0	7	72	0	0	0	2207	0	0	0	0	43	0	0	0	0	0	0	0	742	0	0	0	0	14	98	0	0	0	31	0	14	0	0	0	0	0	0	0	0	0	0	0	0	0	9	0	0	40	0	22	0	0	9	0	0	0	0	0	0	0	0	0	0	65	192	0	45	0	0	0	0	0	0	0	66	0	0	661	94	37	0	16	0
Luteitalea sp. TBR-22	2802971	S	0	0	0	13	28	0	0	0	0	0	0	0	0	0	0	0	49	0	0	61	0	1076	0	0	0	0	210	0	0	0	0	0	0	0	7	81	0	17	0	17	0	0	0	0	0	0	0	20	0	0	0	0	0	0	0	0	0	0	24	0	0	0	0	0	0	0	0	0	0	0	0	0	61	0	71	0	0	153	0	0	0	356	212	0	0	0
Schaalia radingae	131110	S	0	0	0	0	114	248	13	74	7	68	0	0	0	0	0	18	0	0	0	10	0	9	104	0	0	0	56	0	0	0	11	0	0	0	0	147	0	0	0	0	0	0	0	0	0	0	4641	26	0	0	125	0	0	0	6	86	0	1265	98	0	0	23065	1270	22	25	42	41	9	0	20	71	347	0	0	625	1130	0	8	364	0	1677	13	0	16	7	0
Fannyhessea vaginae	82135	S	0	0	0	0	53	0	0	159	32	24366	0	0	0	0	11	61	6	490	0	0	319	9	0	0	688	0	326	0	62031	0	21	0	141	0	0	362	0	0	0	0	685	0	0	92941	8	8143	4182	0	0	0	93	0	0	14033	23	0	0	3324	395	0	0	9451	708	38	0	1295025	103	0	0	86322	0	213	21	0	360452	1656	8	2704	0	140	281	88	367	0	10	0
Thermophilibacter immobilis	2779519	S	0	0	0	0	106	0	0	201	0	54	0	0	0	14	0	0	0	0	0	0	0	0	0	0	0	0	81	0	0	0	0	0	0	0	0	0	0	0	0	0	0	0	0	0	0	0	348	0	0	0	27	0	0	19	0	0	0	1069	0	0	0	41	190	0	0	78	80	0	0	215	0	95	0	0	92	602	0	497	0	0	0	0	185	0	0	0
Aerococcus viridans	1377	S	0	0	0	0	53	0	0	0	59	0	0	16	0	251	19	21	0	12	18	842	0	0	0	0	19	0	164	0	0	13	52	0	356	0	56	0	0	0	27	0	0	0	0	0	0	195	0	139	0	0	0	57	157	0	25	14	0	0	0	0	0	789	0	0	39	0	0	0	120	0	0	0	0	0	0	0	0	0	0	53	0	87	0	0	0	0
Veillonella atypica	39777	S	0	0	0	0	1029	402	32	1388	18	24	0	0	0	8	23	89	0	70	20	22	0	0	0	0	20	0	33	0	909	9	30	7	117	0	23	1189	305	42	20	0	12	0	0	0	0	1205	0	0	58	4753	3444	83	0	0	23	5	0	6366	2322	275	0	31	0	55	165	279	5621	0	1203	7065	31035	37083	418	29	14746	2656	2774	1277	62	22393	1588	64246	55	463	0	835
Megasphaera stantonii	2144175	S	0	0	0	0	38	60	0	142	0	780	0	0	0	0	0	0	0	12	0	0	0	0	0	0	21	0	599	0	140	0	16	0	0	0	0	0	127	0	0	0	0	0	0	10	0	37	210	0	0	0	1953	0	0	123	0	0	0	1657	270	0	0	849	2299	0	19	14712	1088	15	8	293	183	790	147	0	6207	882	0	3721	97	114	532	2039	1564	66	0	200
Acutalibacter muris	1796620	S	0	0	0	0	70	0	0	328	0	3288	0	0	0	0	34	21	27	21	0	0	16	0	0	0	29	0	97	0	328	0	105	12	0	0	0	141	0	0	0	0	0	0	0	73	0	34	566	0	0	33	0	0	0	132	22	0	0	6167	27	0	0	471	1371	6	54	1418	786	0	20	682	531	742	9	0	934	2556	5	1332	0	186	939	0	760	0	0	0
Pseudoclostridium thermosuccinogenes	84032	S	0	0	0	0	36	0	0	1104	0	2095	0	0	0	0	0	0	0	16	0	0	0	0	0	0	22	0	25	0	14	0	21	8	0	0	0	24	0	0	0	0	0	0	0	0	0	0	0	0	0	0	68	0	0	35	27	0	0	7	0	0	0	2639	0	0	0	189	0	0	0	888	0	265	0	0	5	651	0	0	0	0	0	52	104	0	0	0
Lachnospira eligens	39485	S	0	0	0	0	48	828	0	8	14	0	0	0	112	6	55	147	13	2008	0	0	0	26	779	0	3019	0	0	347	0	0	0	0	0	2515	17	0	0	0	0	0	660	0	0	0	0	0	14	0	0	0	5	0	0	0	0	0	0	13	0	0	0	35	6	189	10	9	5	0	0	812	0	0	11	0	34	0	0	84	0	0	169	310	51	5	0	6
Butyrivibrio crossotus	45851	S	0	0	0	0	39	0	13	0	0	146	0	0	0	0	109	8	0	15	0	0	0	5	0	0	16	0	28	0	0	0	31	10	0	0	0	0	0	0	0	0	0	0	0	14	0	0	692	0	0	0	0	0	0	10	13	0	0	1551	0	0	0	617	107	0	0	0	9	0	39	528	0	97	0	0	138	211	0	77	0	228	91	0	76	0	0	0
Filifactor alocis	143361	S	0	0	0	0	33	10	0	20	0	19	13	0	0	54	0	398	0	0	0	26	0	0	0	0	0	0	20	0	0	0	60	0	0	0	0	0	0	0	0	0	0	0	0	12	0	28	475	0	0	76	244	7	109	0	24	0	0	438	0	0	24	396	322	12	11	114	0	0	11	15	0	780	0	0	33	229	0	18	90	14	999	36	38	12	15	23
Oscillatoria acuminata	118323	S	0	0	0	0	14	5	9	0	0	0	0	0	0	0	152	123	0	0	61	0	11	62	0	0	0	0	0	17	0	0	0	12	0	0	0	128	0	112	0	14	0	0	0	0	0	0	8	0	0	0	49	0	0	0	16	0	0	44	0	0	0	90	210	29	15	26	57	0	0	11	116	13	0	0	7	113	0	9	26	0	54	53	12	0	0	0
Pseudomonas sp. FP215	2738126	S	0	0	0	0	64	0	0	107	26	0	0	0	0	0	354	0	125	36	334	0	0	0	0	0	0	0	0	0	0	0	0	599	14121	0	0	0	94	0	0	184	0	0	0	0	0	0	67	0	0	124	0	0	38	0	0	292	0	0	35	45	0	0	0	0	0	0	0	0	0	0	113	0	0	0	0	0	0	0	0	0	262	0	0	0	46	0
Paroceanicella profunda	2579971	S	0	0	0	0	18	0	18	30	339	0	0	0	0	700	0	0	64	0	0	122	30	288	0	0	0	0	170	0	0	9	0	35	0	0	34	0	12	16	0	0	42	0	0	0	24	0	0	0	0	0	0	82	0	84	0	0	0	0	0	0	0	0	210	687	923	0	0	0	0	0	0	60	0	0	0	0	0	0	0	0	0	0	216	0	0	28
Sphingomonas profundi	2681549	S	0	0	0	0	7	0	0	0	16	0	11	0	0	0	19	82	0	0	19	0	0	91	0	0	0	0	0	0	0	0	10	24	73	0	16	0	0	56	0	0	0	0	0	0	34	0	75	0	0	0	0	0	21	0	8	0	0	0	0	0	0	0	0	85	78	0	0	0	0	0	491	0	0	0	0	0	0	1055	0	0	184	76	0	21	0	10
Brevundimonas sp. Bb-A	2560058	S	0	0	0	0	98	0	0	74	86	0	0	0	0	0	123	87	0	17	0	0	117	1319	0	0	0	0	0	0	0	0	44	46	214	0	41	0	0	34	127	52	69	0	27	20	0	0	191	53	0	0	0	0	60	0	29	0	0	0	0	0	0	0	0	373	153	0	90	0	25	689	0	0	0	0	0	32	0	373	0	0	721	98	0	36	10	0
Hydrogenophaga sp. PBC	795665	S	0	0	0	0	29	0	0	34	115	0	0	0	0	0	0	82	37	14	0	63	0	0	0	41	21	0	10	0	0	0	6	189	76	0	53	0	0	0	0	0	8	0	0	0	0	0	29	0	0	0	14	49	10	0	0	0	0	0	0	0	113	0	0	53	57	0	0	0	0	0	0	0	0	0	0	0	0	0	0	0	0	366	44	0	94	15
uncultured Hydrogenophaga sp.	199683	S	0	0	0	0	59	0	0	0	65	0	0	0	0	0	0	51	35	13	41	57	0	0	23	13	22	0	0	0	0	0	0	0	0	0	0	0	0	6	0	0	0	0	0	0	0	0	24	39	0	0	12	12	0	0	0	0	0	0	0	16	18	0	0	37	380	0	0	0	0	0	0	0	0	0	0	0	0	0	0	0	0	139	26	0	65	9
Rugamonas sp. DEMB1	3039386	S	0	0	0	0	6	10	0	83	46	0	0	0	0	0	0	181	0	0	0	74	0	5874	0	0	0	0	15	24	0	0	9	23	288	0	16	431	15	0	0	0	0	0	0	0	0	0	0	0	0	38	29	0	30	0	159	0	0	24	0	0	0	0	66	0	205	0	0	0	0	21	0	44	0	0	56	59	0	179	0	49	14	0	24	212	0	0
Cupriavidus taiwanensis	164546	S	0	0	0	0	6	9	0	72	0	0	0	0	0	20	0	147	0	0	0	0	10	69	0	0	0	0	17	0	13	0	29	0	0	0	38	0	0	0	0	0	0	0	0	0	0	0	0	0	0	12	72	24	26	0	57	0	0	0	0	0	0	20	33	60	42	16	0	0	10	333	0	0	13	0	700	190	0	0	0	0	145	137	17	37	0	0
Sutterella wadsworthensis	40545	S	0	0	0	0	181	25	0	751	0	0	0	0	0	0	0	0	0	0	0	0	0	0	0	0	0	0	113	0	0	0	48	0	0	0	0	0	0	0	0	0	0	0	0	0	0	67	84	0	10	23	352	0	0	0	0	33	0	19	68	8	0	51	336	10	43	15	190	19	16	656	16	118	15	0	1256	622	18	68	0	108	0	0	10	1360	0	0
Sutterella megalosphaeroides	2494234	S	0	0	0	0	55	0	0	305	29	176	0	0	0	26	0	11	0	0	0	0	53	31	0	18	0	0	79	0	0	0	0	0	0	0	0	0	0	0	0	0	0	0	0	22	0	27	1382	0	0	0	49	0	0	40	0	0	0	0	53	0	0	1012	197	18	35	115	30	0	53	28	0	1025	123	0	11246	5425	0	1226	0	190	0	0	0	576	0	0
Bacteroides xylanisolvens	371601	S	0	0	0	0	69	0	0	97	0	118	0	0	0	0	0	0	0	0	0	24	85	0	0	0	0	0	89	0	0	0	58	0	0	0	0	0	0	0	0	0	0	0	0	0	0	0	0	0	0	0	45	0	0	62	29	0	0	282	0	0	0	366	524	0	46	0	234	0	0	141	0	240	0	0	52	121	0	95	0	0	0	0	92	0	0	0
Empedobacter brevis	247	S	0	0	0	0	10	0	10	0	0	0	0	0	0	87	0	59	0	0	0	0	0	0	0	0	0	40	6	15	0	0	0	27	1341	0	30	1687	0	8	8	0	0	0	0	0	0	0	0	0	0	0	0	0	0	0	0	0	0	0	0	0	0	0	0	46	66	0	7	0	70	60	0	0	22	0	0	18	18	0	0	23	73	192	15	0	0	0
Aspergillus fumigatus	746128	S	0	0	0	0	78	0	0	115	560	0	0	0	0	20	25	40	0	0	0	0	0	104	27	0	0	0	58	44	0	15	60	57	0	0	95	0	0	14	81	0	33	0	373	135	17	0	52	64	0	33	90	0	11	0	9	0	0	0	284	20	18	0	37	0	22	0	10	333	0	42	96	0	0	0	0	0	0	429	0	86	143	0	284	0	169	0
Scheffersomyces stipitis	4924	S	0	0	0	0	16	40	0	45	608	0	27	0	0	50	0	246	0	16	0	18	0	158	0	0	0	6	11	21	7	33	65	83	109	120	34	0	0	20	0	0	105	0	18	20	11	0	128	5	11	0	0	10	23	0	1225	20	0	26	0	0	0	88	11	166	111	0	0	0	39	93	0	0	0	0	0	0	5	91	0	0	20	151	261	0	0	14
Lactobacillus sp. ESL0684	2983213	S	0	0	0	0	0	89	0	30	187	0	94	0	0	0	68	92	54	0	0	28	132	0	0	0	0	52	184	146	147	0	132	49	0	227	43	0	0	0	0	0	241	53	0	0	52	58	98	0	0	0	77	886	1738	263	0	115	85	0	221	0	112	1549	107	198	0	0	0	0	0	207	0	0	0	0	275	0	227	101	104	39	445	141	124	31	173	0
Lactobacillus sp. ESL0681	2983211	S	0	0	0	0	0	54	0	17	439	0	61	0	0	0	59	0	0	167	0	0	694	0	26	0	194	0	268	0	161	0	0	0	0	96	0	0	0	0	0	0	199	0	0	0	0	0	189	0	0	0	67	0	0	0	0	0	0	0	150	0	36	4576	0	473	0	0	125	0	0	7696	0	0	0	0	231	1335	0	0	0	21	0	0	0	0	0	0
Exiguobacterium sp. U13-1	1849031	S	0	0	0	0	0	97	0	1700	0	0	0	0	0	0	0	0	0	0	0	0	0	0	0	0	0	0	116	0	0	0	0	0	0	0	0	0	0	0	0	0	0	0	0	0	0	132	0	0	0	439	0	0	0	0	0	122	0	0	346	0	0	0	1374	0	65	0	48	0	0	0	0	0	0	0	1033	296	49	553	0	0	0	0	0	2028	0	0
Veillonella rodentium	248315	S	0	0	0	0	0	173	0	585	0	179	0	0	0	8	0	112	0	0	0	39	0	0	0	0	0	0	275	0	988	0	0	0	0	0	9	9	0	0	0	22	0	0	0	0	0	1393	109	0	0	14	2660	0	0	17	0	0	0	2598	1425	0	0	46	1236	0	24	159	3094	0	0	42	34177	63336	218	24	12195	2118	9	1372	0	333	618	6552	640	225	0	617
Megasphaera elsdenii	907	S	0	0	0	0	0	35	0	151	16	710	0	0	0	0	0	35	0	0	0	0	0	0	0	0	0	0	651	0	19	0	16	0	13	0	0	0	346	11	18	0	0	0	18	0	0	0	222	0	0	0	409	0	0	120	77	0	0	452	415	0	0	614	2839	0	44	5500	1371	0	39	53	376	901	69	0	5437	591	0	1338	34	0	219	843	1833	101	0	103
Pelosinus sp. UFO1	484770	S	0	0	0	0	0	50	0	166	0	0	0	0	0	0	0	8	0	0	0	0	0	0	0	0	0	0	17	0	49	0	0	0	0	0	0	0	0	0	0	0	0	0	0	0	0	136	0	0	0	0	726	0	0	0	0	0	0	999	329	0	0	201	674	0	0	233	923	0	0	0	1578	6506	88	0	3357	504	0	280	0	31	476	1881	11	0	0	241
Corynebacterium segmentosum	43990	S	0	0	0	0	0	35	167	83	19	0	0	0	0	27	0	24	0	0	497	0	0	0	0	0	0	0	0	0	0	0	0	24	854	0	0	0	0	23	0	25	0	0	0	0	0	0	0	0	0	75	0	0	0	0	0	0	0	0	0	0	0	0	0	424	0	0	0	695	0	0	0	118	0	0	0	0	0	0	0	0	0	0	0	104	0	0
Rhodococcus aetherivorans	191292	S	0	0	0	0	0	30	0	76	83	0	0	0	0	176	0	0	0	0	0	0	100	0	0	0	0	0	0	0	0	0	0	0	0	0	0	163	0	0	0	0	47	0	0	0	0	0	0	0	0	0	0	0	0	0	0	0	0	66	0	0	0	377	0	584	0	0	0	0	0	96	0	0	0	0	0	25	26	86	0	0	0	0	0	0	0	0
Pseudonocardia sp. EC080619-01	1096856	S	0	0	0	0	0	91	0	0	0	0	0	0	0	0	0	0	0	0	0	0	50	0	0	0	0	0	0	0	0	0	265	0	0	86	0	0	0	80	104	0	264	0	0	0	0	0	0	0	105	0	176	0	0	182	0	0	0	0	0	0	247	3737	0	0	0	0	0	0	0	0	0	0	0	0	0	207	0	0	124	0	0	0	276	110	106	0
Olsenella sp. oral taxon 807	712411	S	0	0	0	0	0	6	0	76	0	17	0	0	0	5	0	5	0	0	0	0	6	7	0	0	0	0	103	17	0	0	5	0	0	11	17	81	0	0	5	0	0	0	23	0	0	0	414	8	0	0	6	0	5	0	7	0	0	458	0	0	0	79	193	0	19	133	33	0	0	147	0	159	0	0	123	483	0	426	0	10	84	0	107	0	0	0
Mycoplasmopsis cynos	171284	S	0	0	0	0	0	128	32	2575	11	0	0	0	0	0	0	25	0	0	0	0	11	0	0	0	0	0	213	0	0	0	18	0	26	17	0	0	0	0	0	0	12	0	0	0	0	194	34	0	0	390	13	0	0	0	0	153	0	0	341	83	0	11	1387	9	73	0	65	0	0	0	0	115	18	0	626	420	78	26	0	199	0	36	26	2092	0	0
Buchnera aphidicola	9	S	0	0	0	0	0	49	0	2872	39	0	0	0	0	24	0	81	31	0	0	14	0	93	5	0	0	7	198	14	17	24	40	33	0	15	25	74	0	0	27	34	0	0	0	0	6	145	30	0	9	1120	22	8	11	12	8	161	0	5	544	91	6	54	1249	76	441	7	23	16	0	43	96	33	12	0	572	502	45	99	0	86	93	117	35	1963	0	12
Yersinia pestis	632	S	0	0	0	0	0	272	0	1915	1203	0	1020	0	0	979	0	467	0	574	0	4346	117	9826	0	0	0	0	0	0	0	1088	307	0	0	0	0	0	0	0	0	0	0	0	0	0	0	0	821	0	0	961	1242	710	3263	0	0	0	0	1215	0	0	0	2415	832	453	1142	900	0	0	0	1718	0	0	0	0	692	392	0	4718	0	0	0	1697	1455	0	0	586
Cellvibrio sp. PSBB006	1987723	S	0	0	0	0	0	36	0	1048	35	0	0	0	0	59	0	51	126	48	0	0	68	102	0	0	17	0	54	10	0	0	28	12	0	0	0	0	0	0	0	0	0	0	0	0	0	6	38	0	12	57	20	0	0	0	0	40	0	0	96	7	0	0	463	33	39	0	34	0	9	31	0	69	21	0	184	243	14	27	0	107	0	437	0	923	0	15
Cellvibrio sp. KY-GH-1	2303332	S	0	0	0	0	0	38	0	311	319	0	0	0	0	51	0	129	0	0	0	0	260	0	55	0	0	0	49	51	0	0	45	49	0	14	0	0	97	0	0	0	0	0	0	0	0	0	0	0	0	26	0	0	0	64	0	0	0	0	0	0	158	22	0	114	18	0	0	0	0	0	0	0	48	0	0	0	28	0	0	0	0	0	0	0	29	0
Shewanella xiamenensis	332186	S	0	0	0	0	0	32	0	284	64	0	0	0	0	53	0	51	0	0	0	14	0	67	0	0	0	0	181	110	0	0	23	0	0	0	31	0	0	0	0	0	0	0	0	0	0	0	0	0	0	0	47	20	0	0	34	0	0	0	0	0	0	7	0	0	158	0	0	23	0	0	0	0	0	0	0	0	0	79	0	0	0	0	0	0	0	0
Neisseria arctica	1470200	S	0	0	0	0	0	135	0	5253	0	7	5	0	0	0	0	21	0	0	0	0	0	0	0	0	0	0	161	0	0	0	0	0	0	11	0	0	0	0	0	9	0	0	0	0	0	124	0	0	0	1165	0	0	0	0	14	480	0	0	70	0	0	11	2057	0	25	0	18	0	0	0	0	157	16	0	405	0	55	84	0	313	0	26	23	3147	0	0
Simonsiella muelleri	72	S	0	0	0	0	0	96	0	5278	0	0	0	0	0	0	0	0	0	0	0	40	0	0	0	0	0	0	82	0	0	0	8	0	0	0	13	0	0	0	0	0	0	0	0	0	0	18	29	0	0	47	21	0	18	0	0	91	0	0	33	123	0	0	1962	7	88	0	24	7	0	23	0	110	0	0	218	994	43	48	0	367	0	0	18	2224	0	0
Aquella oligotrophica	2067065	S	0	0	0	0	0	43	0	1350	9	0	0	0	0	7	0	0	15	0	20	0	14	126	0	0	0	0	89	0	0	0	15	0	0	6	11	71	0	0	0	0	0	0	0	0	0	0	0	0	0	45	159	0	0	8	0	14	0	0	83	0	0	14	346	0	18	13	39	0	7	170	0	22	5	0	117	233	23	6	0	217	0	0	0	1180	5	0
Kingella potus	265175	S	0	0	0	0	0	17	0	37	67	0	0	0	6	0	0	52	10	13	0	69	50	0	0	0	13	0	72	5	8	0	6	0	0	9	0	0	0	0	0	0	31	0	0	0	0	0	0	36	0	0	0	0	10	23	0	33	0	0	0	103	0	125	59	43	10	0	0	0	0	68	0	0	0	0	0	82	50	16	10	37	10	0	11	0	0	0
Chitinimonas koreensis	356302	S	0	0	0	0	0	96	0	3948	0	0	0	0	0	0	6	45	0	0	0	0	0	0	0	0	0	0	51	0	0	0	31	0	0	7	25	0	0	0	0	0	0	0	0	142	0	0	0	0	0	482	0	0	9	0	14	238	0	0	113	0	0	0	1406	15	37	0	111	0	18	0	0	112	0	0	0	0	36	65	0	400	0	0	31	4287	0	0
Advenella alkanexedens	1481665	S	0	0	0	0	0	65	0	2752	7	0	0	0	0	0	0	28	17	27	0	0	0	0	7	0	0	32	172	0	0	0	17	0	0	0	0	0	0	0	0	0	0	0	0	0	0	33	0	0	0	49	0	0	0	0	0	82	0	0	136	7	0	0	658	0	19	0	17	0	0	0	0	0	0	0	326	876	87	11	0	0	0	27	17	2326	0	0
Bordetella parapertussis	519	S	0	0	0	0	0	17	0	83	150	0	0	0	0	0	0	0	0	13	0	0	57	0	0	0	0	0	81	0	0	0	0	0	0	0	0	0	0	0	0	0	20	0	0	0	0	0	0	0	0	0	0	0	0	19	0	0	0	0	0	0	0	91	51	42	0	0	0	0	0	117	0	0	0	0	48	116	54	0	0	0	0	30	0	0	73	0
Sulfurimicrobium lacus	2715678	S	0	0	0	0	0	8	0	962	61	0	0	0	0	21	0	22	0	0	0	0	0	0	0	0	0	0	49	0	0	0	0	0	0	0	10	0	0	6	0	0	0	0	0	0	0	0	0	0	0	118	0	0	0	0	0	167	0	0	136	19	0	0	461	0	53	0	0	0	0	20	0	29	20	0	139	150	17	54	0	143	0	0	0	1253	0	8
Hydrogenobaculum sp. HO	547144	S	0	0	0	0	0	72	0	0	195	0	97	0	0	0	0	319	0	0	0	0	84	0	0	0	0	0	220	103	0	0	217	0	0	143	63	0	0	0	0	224	609	0	0	0	0	0	0	0	0	0	0	0	0	80	0	0	0	0	0	37	125	0	386	694	103	0	0	0	0	449	0	0	0	0	0	0	102	0	0	0	0	441	0	89	77	0
Saccharomycodes ludwigii	36035	S	0	0	0	0	0	7	0	31	607	0	0	0	0	27	0	69	16	0	0	22	19	1743	0	0	10	12	30	0	15	44	78	92	0	34	21	0	77	0	55	0	378	0	32	0	0	0	0	25	0	0	0	0	116	0	156	0	0	0	32	0	8	35	0	189	59	0	0	0	0	0	0	0	0	0	0	0	0	45	0	16	196	0	72	0	13	0
Trichoderma breve	2034170	S	0	0	0	0	0	110	0	290	12776	73	0	0	0	32	20	22	0	0	39	0	16	225	0	98	0	0	14	30	62	0	75	21	208	0	467	196	0	0	84	0	13	0	15	8	8	0	17	0	0	25	32	12	10	0	0	0	0	0	163	0	0	0	14	16	10	0	16	0	8	621	472	0	0	0	0	0	0	285	0	15	81	149	183	0	96	14
Pochonia chlamydosporia	280754	S	0	0	0	0	0	24	0	71	1147	7	70	5	78	97	50	274	9	0	167	0	29	290	6	0	14	8	128	92	16	19	210	987	263	11	486	151	111	0	15	77	26	0	478	37	13	92	2301	625	0	523	125	0	18	0	25	0	0	13	175	0	0	220	23	241	189	0	36	438	19	83	388	0	12	0	7	9	0	1497	11	21	319	90	5060	94	73	74
Colletotrichum lupini	145971	S	0	0	0	0	0	37	0	51	1737	0	0	183	0	51	11	408	123	0	70	76	59	702	0	0	0	14	48	145	12	24	44	55	0	0	267	0	25	46	33	16	0	0	205	0	14	0	464	25	0	200	285	202	17	0	0	0	0	0	71	0	0	140	0	102	37	10	134	0	85	136	72	0	0	0	201	0	0	469	0	0	340	371	1546	122	989	24
Puccinia striiformis	27350	S	0	0	0	0	0	11	44	38	1826	38	47	64	83	101	24	3731	82	46	0	27	0	608	14	0	22	25	98	250	157	28	403	360	932	107	859	113	59	15	201	38	383	0	62	274	170	50	3330	701	35	233	260	878	62	9	14	36	0	95	459	42	81	313	53	394	626	0	82	0	59	231	159	0	38	0	391	116	13	1483	0	22	318	1728	665	129	1196	29
Cellulomonas sp. ATA003	3073064	S	0	0	0	0	0	0	8	0	24	0	0	0	14	59	0	85	0	0	47	0	38	866	0	0	0	0	141	0	0	9	0	2702	69	0	0	0	0	0	0	15	0	0	0	0	0	15	94	0	0	0	49	39	0	0	51	11	0	0	228	0	0	30	0	9	99	0	0	0	0	161	0	0	0	0	15	0	0	255	0	0	191	29	0	0	25	0
Corynebacterium canis	679663	S	0	0	0	0	0	0	5	0	25	0	6	0	0	7	0	11	0	0	0	16	0	242	0	0	0	56	9	0	0	0	0	6	58	0	0	0	0	20	0	0	0	0	0	0	0	0	30	0	0	0	491	0	7	0	0	0	0	125	21	0	12	301	593	195	10	80	78	22	6	0	0	71	0	0	89	135	12	34	463	0	839	421	5	720	0	6
Sphingomonas changnyeongensis	2698679	S	0	0	0	0	0	0	54	0	0	0	0	0	0	39	19	57	0	0	0	70	0	703	0	0	0	0	0	0	0	0	0	0	0	0	19	0	10	50	25	0	0	0	0	0	0	0	0	0	0	0	0	0	0	0	0	0	0	0	70	0	0	0	0	0	0	0	0	18	0	43	95	0	0	0	0	0	0	607	0	0	0	179	198	27	0	14
Limnobacter sp. SAORIC-580	2732163	S	0	0	0	0	0	0	25	24	15	0	0	0	0	179	0	49	0	0	0	0	0	671	11	0	0	0	37	0	6	17	27	0	36	107	25	73	84	0	8	20	0	0	0	108	0	0	11	0	0	24	46	13	0	22	18	0	0	0	0	0	0	15	11	218	800	0	20	0	5	50	62	0	30	0	0	0	0	26	0	0	111	1289	7	0	0	0
Prevotella jejuni	1177574	S	0	0	0	0	0	0	13	24	0	74	0	0	0	0	0	0	20	0	0	0	0	0	0	0	0	13	32	0	7	0	21	0	0	12	13	0	0	11	0	0	21	0	13	3339	0	41	719	0	0	0	140	0	0	21	89	0	0	3803	0	0	0	295	310	29	20	19	189	29	15	228	533	460	0	0	238	973	0	106	0	36	735	8	159	0	0	0
Hymenobacter swuensis	1446467	S	0	0	0	0	0	0	17	0	138	0	0	0	0	32	6	65	0	0	108	0	9	1206	0	0	0	0	0	0	0	23	0	13	209	0	0	0	116	0	0	463	0	0	0	0	10	0	384	179	0	0	0	0	0	0	762	0	0	0	80	0	0	18	0	70	0	0	0	0	0	0	0	0	0	0	0	0	0	12	0	0	123	115	0	437	7	0
Fusobacterium nucleatum	851	S	0	0	0	0	0	0	29	300	10	159	0	0	0	44	0	0	134	0	0	37	5	0	72	0	0	66	138	11	0	0	113	0	108	0	24	89	26	0	7	20	0	0	58	19	0	149	9297	55	13	75	36	0	0	24	33	0	0	0	0	0	0	71	5860	0	178	626	353	787	0	0	1200	1218	0	0	17	1925	6	254	50	638	4284	0	164	9	0	40
Fusarium venenatum	56646	S	0	0	0	0	0	0	84	230	1513	0	258	0	0	163	0	549	0	0	511	0	144	1254	0	0	0	0	316	1664	103	0	125	1458	0	23	619	0	0	0	75	0	100	0	438	0	0	0	99	149	0	0	295	0	77	44	0	0	0	0	988	0	47	2145	156	574	582	0	63	1043	272	183	0	0	0	0	82	0	0	1089	45	98	637	3465	3543	62	130	59
Drechmeria coniospora	98403	S	0	0	0	0	0	0	25	8	169	0	0	0	0	8	22	32	0	0	35	0	23	530	0	17	0	7	37	15	10	0	25	44	99	5	68	0	19	13	84	0	36	0	0	42	388	140	124	35	9	122	0	0	0	0	0	30	0	13	141	0	0	0	0	24	43	12	12	0	0	47	161	0	0	0	0	0	0	254	0	21	63	92	151	58	8	7
Candida orthopsilosis	273371	S	0	0	0	0	0	0	22	120	87	0	0	0	54	9	7	33	0	12	0	0	0	43	0	0	31	0	22	0	0	0	43	56	91	25	0	0	15	0	54	0	10	8	0	9	0	23	0	0	27	118	178	0	0	0	48	0	0	0	67	0	0	114	0	21	0	0	0	0	0	0	0	0	0	0	0	0	0	95	0	0	0	0	174	0	29	12
Schizosaccharomyces osmophilus	2545709	S	0	0	0	0	0	0	27	0	2632	17	103	0	0	59	15	310	16	81	0	101	0	323	0	0	0	0	45	40	24	12	236	284	0	50	168	0	24	0	20	0	62	0	162	25	0	0	0	68	0	158	71	0	48	0	0	0	0	0	96	19	15	299	32	226	270	0	0	301	52	437	89	0	25	0	0	10	0	732	0	0	499	163	1136	34	19	0
Halalkalicoccus jeotgali	413810	S	0	0	0	0	0	0	8	0	16	0	0	0	0	18	210	187	383	0	26	163	0	0	0	0	0	0	0	0	0	0	39	0	41	0	22	0	0	5	0	24	0	0	0	0	0	6	23	0	9	0	0	7	0	0	0	0	0	0	0	0	0	0	7	29	0	0	0	0	0	11	0	0	0	0	0	0	0	0	0	0	116	76	130	10	10	13
Staphylococcus sp. NRL 22/194	3020908	S	0	0	0	0	0	0	0	67	38	0	0	0	0	0	0	63	0	0	0	0	0	0	0	0	0	0	0	70	0	0	0	0	0	0	0	0	0	44	27	0	26	0	0	0	0	0	279	0	0	0	0	0	0	0	0	0	0	45	0	0	0	0	42	0	0	0	0	0	0	0	92	0	0	0	0	0	69	72	49	0	0	0	0	96	0	0
Paenibacillus sp. YPG26	2878915	S	0	0	0	0	0	0	0	11	0	127	0	0	0	0	0	0	0	0	0	0	0	0	0	0	0	0	15	0	84	0	15	0	0	0	0	0	0	0	0	0	0	0	0	11	0	0	218	0	0	67	0	0	0	11	0	0	0	1126	0	0	0	69	535	0	0	222	242	0	0	216	162	111	0	0	437	422	0	457	0	46	231	0	194	0	0	0
Dialister massiliensis	2161821	S	0	0	0	0	0	0	0	4842	0	0	0	0	0	0	0	0	0	0	0	0	0	0	0	0	0	0	0	0	4028	0	0	0	0	0	0	2980	0	0	0	0	0	0	0	0	0	979	10481	0	0	0	0	0	0	0	0	0	0	239153	0	0	0	27597	9982	33	0	20865	14244	35	0	25499	16680	14133	0	0	13450	42743	0	7729	0	2462	35056	1359	6266	0	0	0
Blautia liquoris	2779518	S	0	0	0	0	0	0	0	16	0	117	0	0	0	0	125	0	0	0	0	0	5	27	0	0	0	19	72	0	17	0	33	0	0	0	0	0	0	0	0	0	0	0	0	14	0	0	1414	0	0	0	45	0	0	14	7	0	0	2647	0	0	0	1605	571	0	0	110	60	0	16	1072	0	276	0	0	56	311	0	114	0	301	378	0	192	0	0	0
Anaerocolumna chitinilytica	1727145	S	0	0	0	0	0	0	0	14	0	33	0	0	0	11	17	28	0	0	0	0	0	88	0	0	0	0	23	0	0	0	0	15	0	0	0	0	0	0	0	0	0	0	0	6	0	0	344	0	0	0	0	0	0	0	8	0	0	423	0	0	0	432	34	0	0	0	0	0	23	269	0	100	0	0	0	102	0	44	10	79	445	18	50	0	0	0
Anaeropeptidivorans aminofermentans	2934315	S	0	0	0	0	0	0	0	7	0	123	0	0	0	0	35	14	0	0	0	0	0	14	0	0	0	0	27	8	10	0	22	0	0	7	0	0	0	0	0	7	8	0	0	0	0	0	924	0	0	0	12	0	0	17	36	0	0	794	0	0	0	261	70	0	10	13	37	14	9	333	0	126	0	0	22	178	9	42	5	127	152	10	72	0	0	0
Candidatus Formimonas warabiya	1761012	S	0	0	0	0	0	0	0	34	0	0	0	0	0	13	0	0	0	0	0	0	0	47	0	0	0	0	74	0	37	0	0	0	0	0	0	0	0	0	0	0	0	0	0	0	0	232	245	0	0	34	109	0	0	0	0	0	0	8	0	0	0	544	41	0	0	6	46	0	0	16	1416	3392	0	0	131	218	126	0	21	0	133	12	0	43	9	0
Brooklawnia sp. SH051	3041175	S	0	0	0	0	0	0	0	91	0	0	12	0	0	0	0	0	0	0	0	0	0	50	0	0	0	0	185	0	0	0	15	55	0	0	0	364	0	0	0	0	0	0	0	7	0	0	1795	0	0	0	0	0	0	0	19	0	0	1528	56	0	0	9242	0	0	0	7	45	0	0	89	32	96	0	0	271	204	0	16	0	0	923	0	13	0	0	0
Vaginimicrobium propionicum	1871034	S	0	0	0	0	0	0	0	66	0	0	0	0	14	0	0	0	0	0	0	0	0	10	0	0	0	0	350	0	0	0	19	10	27	0	0	138	0	0	0	0	0	0	0	19	0	0	4588	0	0	0	0	0	0	0	52	0	0	1965	116	0	0	15702	11	40	26	54	55	0	0	221	77	192	0	7	494	375	15	13	0	0	1848	29	12	29	0	0
Microbacterium sediminis	904291	S	0	0	0	0	0	0	0	246	12	0	0	0	0	36	0	21	31	0	9	0	0	159	0	77	0	16	0	0	0	0	22	31	83	17	26	148	0	0	0	0	14	0	39	15	0	0	14	0	34	17	0	11	62	0	17	0	0	0	0	0	118	0	0	120	82	0	0	0	0	53	45	0	0	0	0	0	0	28	0	0	0	2045	60	70	8	0
Corynebacterium aquatimens	1190508	S	0	0	0	0	0	0	0	13	0	0	0	0	10	16	0	0	0	0	16	0	0	0	0	0	0	27	0	0	0	0	71	0	0	0	18	52	148	12	0	0	0	0	17	0	0	0	0	0	0	0	539	9	0	0	0	0	0	42	0	0	0	150	319	113	0	25	54	96	0	0	141	0	0	0	18	34	0	0	225	0	484	27	12	147	11	0
Lancefieldella parvula	1382	S	0	0	0	0	0	0	0	97	0	453	0	0	0	0	0	35	28	0	43	33	0	0	0	0	0	0	246	0	763	0	17	0	122	0	13	193	0	0	0	0	9	0	7	0	0	28	804	0	0	96	189	0	0	44	7	25	0	1993	0	0	0	345	532	0	0	4420	71	0	0	596	0	923	15	0	189	1185	0	1972	0	70	287	0	176	0	0	0
Atopobium sp. oral taxon 416	712157	S	0	0	0	0	0	0	0	188	0	33	0	0	0	0	0	0	21	0	0	0	0	0	0	0	0	0	183	0	58	0	22	0	0	7	0	11	0	0	0	0	0	0	0	0	0	0	398	0	0	0	56	0	0	12	0	0	0	1371	30	0	0	221	477	0	0	4917	57	0	0	280	0	450	0	0	133	991	0	938	0	99	75	0	138	0	0	0
Parafannyhessea umbonata	604330	S	0	0	0	0	0	0	0	134	0	259	0	0	0	0	0	0	0	0	0	0	0	0	0	0	0	0	244	0	0	0	0	0	0	0	0	16	0	0	0	0	0	0	0	0	0	0	652	0	0	26	165	0	0	75	11	0	0	1703	0	0	0	147	591	0	0	3944	28	0	0	493	0	263	0	0	288	1787	0	2153	0	23	0	0	232	0	0	0
Phoenicibacter congonensis	1944646	S	0	0	0	0	0	0	0	92	28	38	0	0	0	0	0	0	7	0	0	0	0	0	0	0	0	0	64	0	269	0	23	0	0	0	0	383	0	0	0	0	0	0	0	0	0	64	345	17	0	0	7	0	0	20	0	0	0	966	0	0	0	175	160	0	0	9060	64	0	0	135	0	2119	0	0	22	312	0	408	0	35	94	0	116	11	0	0
Leptolyngbya sp. 7M	2812896	S	0	0	0	0	0	0	0	108	68	0	8	21	5	164	0	194	336	95	0	14	122	3824	0	0	0	0	331	28	12	40	85	201	81	0	25	0	147	29	90	0	21	0	0	0	11	0	98	0	0	0	39	12	76	0	0	0	0	9	23	45	33	14	14	129	476	45	30	95	53	320	102	18	10	0	6	0	6	504	123	5	2750	2787	28	48	17	19
Trichocoleus desertorum	1481672	S	0	0	0	0	0	0	0	53	0	0	0	0	0	0	0	78	94	0	0	0	0	0	0	0	0	0	0	0	0	0	0	0	0	0	49	0	0	32	0	29	0	0	13	0	0	0	0	0	0	13	20	0	0	0	0	0	0	0	0	20	51	0	0	9	50	0	0	0	0	12	0	0	0	0	0	191	0	0	0	0	351	132	38	0	0	0
Deinococcus ficus	317577	S	0	0	0	0	0	0	0	14	1008	0	9	0	0	15	0	53	0	0	0	0	26	1874	0	0	0	0	74	8	0	12	0	13	0	214	28	182	0	43	16	0	0	0	19	0	9	0	21	0	0	0	55	0	5	14	18	15	0	80	0	0	0	22	10	755	45	0	0	0	0	15	55	0	0	0	0	0	65	88	8	9	0	399	38	19	0	20
Enterobacter sp. T2	2707174	S	0	0	0	0	0	0	0	103	143	0	0	0	0	0	0	106	0	0	0	278	0	148	73	0	0	0	110	73	184	0	99	3844	0	42	73	0	77	103	0	0	0	0	0	1159	0	0	178	0	0	0	380	0	83	0	478	0	0	0	0	0	0	0	0	367	0	0	0	56	0	58	370	0	0	22	0	0	0	2736	0	0	0	0	1275	111	7962	0
Candidatus Fukatsuia symbiotica	1878942	S	0	0	0	0	0	0	0	36	0	40	0	0	0	0	0	0	0	0	0	0	0	0	0	0	0	0	27	0	70	0	0	0	0	0	0	0	0	0	0	0	0	0	0	0	0	21	160	0	0	0	0	0	0	0	0	0	0	1429	0	0	0	65	171	0	0	267	184	0	0	167	128	57	0	0	196	253	0	186	0	18	264	0	81	0	0	0
Comamonas thiooxydans	363952	S	0	0	0	0	0	0	0	67	138	0	30	0	0	0	0	63	0	0	0	0	0	119	0	0	0	0	14	0	0	38	16	64	52	0	0	154	0	90	0	0	0	0	0	0	0	0	0	100	13	0	102	0	0	21	43	51	0	0	0	0	0	16	0	0	224	0	0	15	0	32	0	0	0	0	0	32	33	26	0	0	0	0	0	0	33	0
Hydrogenophaga sp. NH-16	2184519	S	0	0	0	0	0	0	0	113	221	21	0	0	81	75	18	557	0	37	0	0	93	171	105	0	32	0	117	0	21	132	1741	380	197	402	80	216	137	22	67	17	0	0	21	0	121	178	268	106	0	0	15	104	39	0	45	240	10	279	48	1634	0	29	0	452	1317	0	0	76	132	392	0	0	26	28	0	0	0	325	58	52	33	882	121	0	30	49
Variovorax sp. PAMC 28711	1795631	S	0	0	0	0	0	0	0	57	57	9	0	0	0	0	9	170	0	0	0	0	0	4137	0	0	0	0	0	0	9	0	25	0	0	0	0	103	755	0	0	0	0	0	8	0	57	0	0	87	0	0	0	0	22	0	13	0	0	0	0	20	0	0	0	0	40	0	0	0	0	71	0	0	0	159	0	0	0	162	0	0	0	0	0	0	0	0
Massilia sp. MB5	2919578	S	0	0	0	0	0	0	0	241	50	0	0	0	0	1773	0	0	0	0	0	0	0	2408	0	0	0	0	46	0	0	0	0	0	0	0	0	0	0	0	0	0	0	0	0	0	0	0	72	0	0	0	0	0	0	0	67	0	0	0	147	0	0	9	0	0	0	0	0	0	0	0	0	0	0	0	0	0	0	78	0	0	72	349	175	0	0	0
Massilia putida	1141883	S	0	0	0	0	0	0	0	147	21	0	0	0	0	142	0	51	0	0	93	0	0	224	0	0	0	0	0	0	0	0	46	78	0	0	35	0	0	0	0	48	0	0	0	0	12	0	0	0	0	184	60	0	0	0	80	0	0	0	0	0	0	0	0	63	37	0	0	0	63	30	0	0	0	0	0	0	0	2779	0	0	30	571	351	77	10	0
Janthinobacterium sp. 17J80-10	2497863	S	0	0	0	0	0	0	0	86	14	0	0	0	0	6398	0	132	0	0	0	0	0	4132	0	0	0	0	9	0	0	0	0	13	0	0	0	0	19	0	0	0	0	0	0	9	0	0	0	0	0	0	11	0	0	0	34	0	0	0	0	0	0	0	0	181	0	0	0	0	0	13	0	0	0	0	0	0	0	286	0	0	0	991	0	0	0	0
Burkholderia mallei	13373	S	0	0	0	0	0	0	0	37637	57	0	0	0	0	0	57	0	0	0	0	0	24	165	0	0	0	0	73	0	0	0	0	141	0	57	0	0	0	0	0	43	38	0	0	0	0	0	0	0	0	0	29	0	0	0	0	0	0	0	0	0	0	83	142	153	0	0	0	0	0	0	0	19	0	0	0	312	0	151	0	0	0	53	0	0	194	0
Burkholderia pseudomallei	28450	S	0	0	0	0	0	0	0	66	9927	0	0	0	0	4348	0	22	0	0	0	0	43	8594	0	0	0	0	0	13	0	0	1204	9451	4650	0	34	0	5018	3011	0	0	65	0	0	0	0	0	0	0	47	0	0	1778	219	137	0	0	0	523	0	0	61	3470	1606	53	237	0	0	0	0	718	0	1311	48	0	722	19	0	14877	0	0	63	17579	1585	0	0	374
Sutterella faecalis	2584944	S	0	0	0	0	0	0	0	68	0	138	0	0	0	0	0	0	0	0	0	0	0	13	0	0	0	0	28	0	15	0	20	0	69	0	0	0	0	0	0	0	0	0	0	0	0	0	626	0	0	0	404	0	0	34	0	0	0	0	0	0	0	496	29	8	0	54	288	0	12	1437	0	398	31	0	4155	1577	0	359	0	24	78	0	24	44	0	0
Methylophilus methylotrophus	17	S	0	0	0	0	0	0	0	499	1842	0	101	0	0	0	74	0	23	71	0	72	60	73	48	0	26	167	0	0	0	0	68	0	0	0	0	0	11	65	27	0	0	0	0	92	0	0	141	125	0	82	0	0	36	0	0	0	0	0	81	0	0	72	0	0	146	0	0	0	0	0	0	0	58	70	0	0	0	0	0	26	0	0	0	55	206	0
Devosia sp. A16	1736675	S	0	0	0	0	0	0	0	37	65	0	0	0	0	67	0	74	0	0	0	0	0	140	0	0	0	0	27	0	0	0	0	12	0	0	0	0	0	0	0	0	0	0	0	0	0	40	0	0	0	0	0	0	0	9	0	0	0	0	13	0	0	0	0	160	18	0	0	111	35	0	235	0	0	0	0	0	0	1073	0	0	358	145	0	0	0	24
Pikeienuella piscinae	2748098	S	0	0	0	0	0	0	0	30	109	0	16	12	0	208	0	170	35	0	0	0	0	68	0	0	0	0	141	0	0	0	0	28	0	0	10	0	0	0	0	0	0	0	0	0	0	0	52	0	0	0	0	152	0	10	10	0	0	11	0	0	0	14	68	70	185	0	0	0	0	20	0	0	0	6	0	0	0	0	0	0	0	88	72	0	0	9
Pontibrevibacter nitratireducens	2758038	S	0	0	0	0	0	0	0	11	259	0	0	0	0	1046	11	32	55	0	0	0	51	1920	0	0	0	0	481	0	0	0	0	28	0	0	0	0	0	0	0	10	0	0	0	0	0	0	0	0	0	0	0	0	0	39	0	0	0	0	0	0	0	0	198	94	287	0	0	0	0	88	0	0	0	0	0	0	0	138	0	0	0	89	79	29	0	0
Caulobacter sp. FWC26	69665	S	0	0	0	0	0	0	0	502	1515	0	0	0	0	53	0	0	0	0	0	0	0	0	0	0	0	0	288	0	12	23	42	83	256	0	0	327	0	50	0	32	0	0	0	0	0	0	0	0	0	45	0	0	0	0	0	33	0	0	0	0	257	0	0	0	56	0	0	61	0	0	20	0	26	14	0	0	0	0	0	0	0	0	0	66	0	0
Sphingomonas sp. SUN019	2937788	S	0	0	0	0	0	0	0	7	21	0	0	0	0	0	0	107	0	0	0	0	0	1179	0	0	0	13	169	35	0	0	0	14	0	0	14	46	0	14	0	0	0	0	0	0	28	0	17	0	0	34	0	0	0	0	0	0	0	0	28	0	0	0	0	77	23	0	0	17	0	31	0	0	0	0	0	0	0	150	15	0	471	79	0	0	14	0
Roseomonas fluvialis	1750527	S	0	0	0	0	0	0	0	8	17	30	0	0	0	25	17	87	0	0	0	66	299	1260	0	0	0	0	38	0	0	0	18	42	0	0	9	0	0	0	0	0	0	0	0	0	0	0	238	0	0	0	16	38	22	0	0	0	0	0	0	0	10	0	64	19	137	17	330	0	81	0	5709	0	0	0	0	0	0	36	0	0	0	282	21	0	0	0
Prevotella veroralis	28137	S	0	0	0	0	0	0	0	968	0	203	0	0	0	20	21	0	84	19	34	0	0	0	28	0	27	0	230	89	0	0	37	0	0	0	7	335	16	0	0	27	12	0	0	64	7	66	3463	0	7	25	238	12	30	22	299	0	9	60093	0	0	0	1615	1297	0	41	284	285	0	44	1673	0	1951	9	0	194	8882	0	106	0	345	8913	0	3055	25	6	11
Prevotella ruminicola	839	S	0	0	0	0	0	0	0	475	0	226	0	0	0	0	0	0	32	24	0	0	0	0	12	0	38	0	168	52	55	0	94	0	0	0	0	0	5	0	0	0	0	0	0	27	0	70	357	0	0	0	563	0	0	93	132	0	7	23584	19	0	0	3487	2521	0	7	441	570	0	36	1352	343	862	43	0	185	4505	0	6609	0	249	5149	182	1965	21	0	10
Prevotella bryantii	77095	S	0	0	0	0	0	0	0	75	15	9	0	0	0	0	7	0	0	0	0	24	7	8	0	0	0	0	36	13	0	0	8	0	0	0	0	0	0	0	11	0	6	0	0	0	0	48	567	0	0	0	18	6	10	11	43	0	0	1903	0	0	0	245	65	10	24	32	46	0	0	182	0	107	0	0	19	574	0	56	0	29	802	0	166	0	0	0
Bacteroides salyersiae	291644	S	0	0	0	0	0	0	0	129	0	46	0	0	0	0	0	0	28	0	0	0	0	0	23	0	0	0	25	0	0	0	7	0	0	0	0	0	0	0	0	0	0	0	0	21	0	40	126	0	0	0	8	0	0	0	36	0	0	11297	0	0	0	510	92	0	0	28	53	0	0	206	0	363	11	0	34	862	0	16	0	83	1552	0	310	19	0	0
Flavisolibacter tropicus	1492898	S	0	0	0	0	0	0	0	599	419	0	0	0	0	30	0	0	0	0	0	0	0	1883	0	0	0	13	0	0	0	0	0	0	0	0	0	0	0	0	0	0	0	0	8	0	0	0	0	0	0	0	0	0	0	0	0	0	0	0	0	0	0	0	0	44	27	0	26	18	0	0	0	0	12	0	0	0	0	83	54	0	416	507	0	0	0	0
Campylobacter jejuni	197	S	0	0	0	0	0	0	0	1748	0	0	0	0	0	48	0	148	160	0	0	0	0	350	0	0	0	0	1131	0	0	0	928	0	0	0	0	0	0	0	0	0	0	0	0	0	0	0	30827	0	0	0	755	0	0	0	0	0	0	32466	4706	0	0	27946	26077	91	0	2780	2092	0	0	2602	0	8591	0	0	16164	8237	0	56355	8351	1048	40248	31728	11755	0	0	3374
Colletotrichum higginsianum	80884	S	0	0	0	0	0	0	0	49	19738	27	0	0	84	0	0	238	0	0	0	0	114	437	0	47	0	25	49	59	0	0	71	173	0	0	207	195	59	57	0	0	101	0	34	33	0	104	206	0	28	0	92	13	75	0	48	0	0	34	1235	28	24	90	0	239	200	0	28	39	111	247	247	0	19	0	0	23	0	2900	0	0	0	1075	657	53	0	0
Talaromyces rugulosus	121627	S	0	0	0	0	0	0	0	218	64	0	0	0	0	17	70	100	22	0	24	78	0	344	0	0	0	12	71	347	0	0	93	49	0	11	86	0	0	39	0	9	63	0	61	0	0	0	72	0	0	0	49	0	37	0	0	0	0	0	33	0	19	28	0	43	41	0	0	0	0	58	0	0	0	0	17	0	0	259	0	0	0	0	125	0	62	0
Talaromyces marneffei	37727	S	0	0	0	0	0	0	0	59	800	0	0	0	0	36	47	78	11	0	0	161	0	163	0	0	0	21	52	31	39	19	620	67	0	0	40	0	16	118	104	12	118	0	0	0	0	0	897	0	0	0	13	13	16	0	0	0	0	0	645	23	0	76	0	81	22	0	0	0	31	35	0	0	0	0	0	0	48	216	0	0	0	404	137	26	47	0
Schizosaccharomyces pombe	4896	S	0	0	0	0	0	0	0	25	123	0	0	0	227	0	24	72	0	150	0	17	0	77	0	0	280	27	10	0	0	0	0	71	736	0	0	0	0	45	75	0	19	0	0	48	0	20	279	0	16	0	0	0	11	0	0	0	0	0	26	0	14	0	25	53	21	0	0	28	16	275	19	0	0	0	13	0	0	101	0	0	0	136	35	0	0	0
Babesia bovis	5865	S	0	0	0	0	0	0	0	44	43	30	0	0	0	24	0	349	0	16	0	17	9	57	0	0	18	0	6	0	0	0	16	56	309	0	0	7	0	0	0	8	12	0	0	0	0	0	0	0	11	0	0	0	0	0	9	24	0	46	69	0	26	58	0	178	45	0	23	530	181	1255	0	0	0	0	0	8	0	50	0	0	94	194	75	0	0	0
Sellimonas intestinalis	1653434	S	0	0	0	0	0	0	0	0	10	227	0	0	0	0	46	0	0	0	0	6	0	49	0	0	0	0	45	0	8	0	25	0	0	0	0	0	0	0	0	0	0	0	0	12	0	718	603	0	0	0	85	10	0	7	9	0	0	902	0	0	0	614	55	0	0	672	15	0	15	382	0	990	0	0	48	171	0	74	0	101	347	0	77	0	0	0
Wansuia hejianensis	2763667	S	0	0	0	0	0	0	0	0	9	503	0	0	0	0	41	0	0	16	0	0	0	30	0	0	20	0	35	0	0	0	48	0	0	0	0	43	0	0	0	0	0	0	0	18	0	0	683	0	0	0	75	0	0	0	61	0	0	1201	0	0	0	665	72	0	0	0	27	0	17	449	0	128	0	0	45	317	0	157	0	171	142	0	195	0	0	0
Corynebacterium sanguinis	2594913	S	0	0	0	0	0	0	0	0	12	0	0	0	0	0	58	0	0	0	357	0	0	0	0	0	0	0	0	10	0	0	0	0	0	0	50	765	220	0	0	69	0	0	0	0	0	0	51	176	0	887	134	0	0	0	75	0	0	0	219	0	0	24	0	236	42	0	18	0	0	11	0	0	0	0	0	0	0	14	0	0	1917	0	0	0	0	0
Olsenella uli	133926	S	0	0	0	0	0	0	0	0	12	50	0	0	0	0	0	0	0	0	0	0	0	0	0	0	0	0	113	0	0	0	0	10	0	0	0	0	0	0	0	0	0	0	0	0	0	0	594	0	0	0	44	0	0	21	7	0	0	688	25	0	0	104	205	0	0	4388	29	0	0	144	0	329	0	0	123	426	0	606	0	41	25	0	133	6	0	0
Deinococcus metallilatus	1211322	S	0	0	0	0	0	0	0	0	49	0	0	0	0	0	0	56	0	0	7	0	0	705	0	0	0	0	13	0	0	120	0	95	78	17	0	15	0	0	0	0	0	0	0	0	0	39	0	0	0	0	0	0	0	0	0	0	0	0	0	0	0	34	10	50	25	0	0	0	0	0	0	0	0	0	0	0	381	110	0	0	872	13	103	0	0	0
Truepera radiovictrix	332249	S	0	0	0	0	0	0	0	0	348	0	0	0	6	12	0	36	14	0	0	0	0	51	0	0	6	0	15	15	0	0	25	242	117	6	19	0	0	0	15	34	25	0	0	0	10	0	32	0	0	0	43	8	6	0	0	0	0	0	59	0	6	24	5	329	73	0	0	194	0	9	0	0	0	0	0	11	17	31	0	0	6	606	7	79	0	0
Pseudomonas sp. S150	2559074	S	0	0	0	0	0	0	0	0	1157	0	0	0	0	0	0	0	1010	0	865	1764	0	3796	0	0	0	0	604	0	0	543	2376	0	782	474	0	0	0	0	0	0	0	0	0	0	0	0	0	0	0	0	0	0	0	71	0	0	0	0	0	0	0	0	2678	647	3745	0	0	0	0	1377	0	0	0	0	0	205	0	13527	0	0	1487	1213	2276	0	0	0
Rhizobium sp. BT-175	2986929	S	0	0	0	0	0	0	0	0	1861	49	0	75	0	179	0	718	0	0	53	861	0	915	0	0	0	0	250	70	137	0	138	139	0	58	48	0	0	0	37	0	81	0	0	28	0	0	220	0	46	0	0	426	329	0	0	160	0	1535	1133	103	304	34	258	460	266	0	58	699	78	1298	0	0	0	0	140	102	0	435	0	27	214	234	446	127	0	0
Candidatus Liberibacter africanus	34020	S	0	0	0	0	0	0	0	0	50	0	13	0	29	31	5	118	0	5	0	24	0	43	0	0	0	8	92	0	24	0	34	17	72	62	23	274	0	18	35	0	0	0	79	0	8	0	24	11	0	0	0	462	347	0	0	204	0	2665	0	92	0	78	16	129	86	27	0	127	104	342	134	0	0	0	9	0	0	35	0	13	0	87	32	11	0	13
Sphingomonas glaciei	2938948	S	0	0	0	0	0	0	0	0	55	0	0	0	0	1547	0	31	0	0	37	0	0	874	28	0	0	13	120	50	0	0	32	152	346	0	194	166	0	0	0	0	17	0	0	0	18	0	0	70	0	0	0	91	0	0	0	0	0	0	0	0	0	0	19	318	91	0	0	39	0	0	0	0	29	0	0	0	0	233	0	0	0	137	22	0	7	0
Pseudoroseomonas cervicalis	204525	S	0	0	0	0	0	0	0	0	114	55	0	0	0	28	0	0	0	0	0	0	135	550	0	0	0	0	24	0	0	0	48	28	38	0	16	82	0	0	0	0	0	0	0	0	0	0	0	0	23	30	38	0	0	0	29	0	0	0	55	0	0	0	0	35	79	0	85	0	0	0	4582	0	0	0	0	0	0	19	0	0	334	28	0	0	0	0
Nitrosomonas stercoris	1444684	S	0	0	0	0	0	0	0	0	52	0	0	0	0	0	22	0	0	0	0	0	8	0	0	0	0	0	190	0	0	0	0	0	0	21	0	0	0	0	0	0	7	0	6	0	0	0	0	0	19	0	248	0	0	17	0	0	0	0	0	0	0	23	0	81	71	0	83	0	0	371	0	0	22	0	0	337	0	0	5	0	0	58	0	0	135	0
Fusobacterium sp. oral taxon 203	671211	S	0	0	0	0	0	0	0	0	5	19	0	0	0	59	0	0	0	0	0	0	0	0	0	0	0	0	113	0	0	0	0	0	0	0	0	0	0	0	0	0	0	0	0	0	0	0	46	0	0	0	5	0	0	0	0	0	0	0	0	0	0	0	0	0	0	57	254	100	35	0	116	162	0	0	0	157	0	0	92	241	1259	0	36	0	0	0
Candida albicans	5476	S	0	0	0	0	0	0	0	0	35	8671	0	86	0	0	0	0	0	2941	0	0	0	0	0	0	4517	0	0	0	269	358	0	0	0	0	14	62	0	0	0	0	10	0	20	20	0	0	0	0	0	0	42	390	0	0	80	0	0	0	0	0	0	0	0	0	0	0	0	0	30	0	0	0	645	0	3073	0	0	22	0	0	0	0	19	0	0	0
Eremothecium sinecaudum	45286	S	0	0	0	0	0	0	0	0	47	0	0	0	0	0	0	119	0	0	0	144	0	0	0	0	0	0	0	0	0	0	511	51	93	0	410	0	0	0	0	0	0	0	0	0	0	0	0	0	16	0	0	36	0	0	26	0	0	0	0	0	0	87	90	123	23	0	0	37	0	138	27	0	0	0	0	0	0	0	21	0	81	103	217	0	0	0
Megasphaera massiliensis	1232428	S	0	0	0	0	0	0	0	0	0	75	0	0	0	0	0	0	0	0	0	0	0	0	0	0	0	0	119	0	14	0	0	0	0	0	0	0	0	0	0	0	0	0	0	0	0	0	27	0	0	0	0	9	0	0	0	0	0	14	0	0	0	29	194	0	0	1084	0	0	0	0	0	122	0	0	270	54	0	0	0	8	0	57	1257	0	0	0
Phascolarctobacterium sp. Marseille-Q4147	2823317	S	0	0	0	0	0	0	0	0	0	80	0	0	0	0	0	20	0	0	0	0	0	9	0	0	0	0	31	0	0	0	0	0	0	0	0	0	0	0	0	0	0	0	0	0	0	0	621	0	0	0	0	0	0	0	7	0	0	1213	0	0	0	89	282	0	0	0	25	0	0	258	0	79	0	0	191	262	0	109	19	75	0	0	164	0	0	0
Qiania dongpingensis	2763669	S	0	0	0	0	0	0	0	0	0	496	0	0	0	0	71	0	0	25	0	0	0	11	0	0	31	15	110	0	11	0	51	0	0	0	0	18	0	0	0	0	0	0	0	37	0	0	1609	0	0	0	7	0	0	14	35	0	0	1483	0	0	7	725	93	12	0	0	42	0	75	825	0	253	0	0	115	428	0	260	0	456	399	0	292	0	0	0
Anaerocolumna cellulosilytica	433286	S	0	0	0	0	0	0	0	0	0	223	0	0	0	0	53	0	0	9	0	0	0	19	0	0	15	0	33	0	9	0	28	0	0	0	0	0	0	0	0	0	0	0	0	9	0	0	723	0	0	0	38	0	0	6	20	0	0	849	0	0	0	440	30	0	0	0	23	0	30	451	0	143	0	0	35	287	0	235	0	149	181	0	144	0	0	0
Chordicoccus furentiruminis	2709410	S	0	0	0	0	0	0	0	0	0	143	0	0	0	0	0	9	0	0	0	0	11	0	0	0	0	0	36	0	0	0	11	0	0	0	8	0	0	0	0	0	5	0	13	14	0	0	507	0	0	0	32	6	0	0	0	0	0	392	0	0	0	517	14	20	0	0	19	0	19	319	0	69	0	0	60	159	0	230	0	142	313	0	87	0	0	0
Clostridium sp. SY8519	1042156	S	0	0	0	0	0	0	0	0	0	91	0	0	0	0	39	0	0	0	0	0	0	0	0	0	0	0	37	0	0	0	41	0	0	0	0	0	0	0	0	0	0	0	0	7	0	0	403	0	0	0	13	0	0	26	0	0	0	750	0	0	0	505	47	0	0	15	24	9	12	315	0	760	0	0	52	211	0	21	0	95	278	0	58	0	0	6
Caloramator sp. E03	2576307	S	0	0	0	0	0	0	0	0	0	1429	0	0	0	0	39	0	0	26	0	0	0	0	0	0	48	0	14	0	14	0	57	8	0	0	0	0	0	0	0	0	0	0	0	15	0	0	602	0	0	83	59	0	0	0	0	0	0	1495	0	0	0	1198	91	0	13	0	38	0	25	536	0	146	0	0	118	345	0	249	0	232	349	0	224	0	0	0
Eubacterium ventriosum	39496	S	0	0	0	0	0	0	0	0	0	1946	0	0	0	0	182	0	55	0	0	0	0	0	0	0	0	7	120	0	0	0	83	0	0	0	0	0	0	0	0	0	0	0	0	72	0	0	2219	0	0	0	79	0	0	133	12	0	0	12122	73	0	0	2311	913	14	0	0	661	0	123	1726	0	610	0	0	961	2015	0	1002	0	623	1309	0	889	0	0	0
Actinotignum schaalii	59505	S	0	0	0	0	0	0	0	0	0	0	0	0	17	0	14	0	0	0	0	9	0	0	330	0	0	0	1633	373	0	0	6	0	0	0	0	0	0	0	0	0	0	0	0	0	5	21	83	0	0	150	242	0	0	0	528	0	0	949	782	0	0	85448	5246	0	0	392	65	0	0	14504	0	16	0	0	1549	705	0	13042	165	5	14667	118	0	16	0	12
Veillonella nakazawae	2682456	S	0	0	0	0	0	0	0	0	0	0	0	0	0	84	0	331	0	47	47	0	0	0	0	0	63	0	215	0	0	0	161	0	204	0	0	0	0	0	0	0	0	0	0	42	0	0	0	0	0	48	254	0	66	0	33	0	0	0	0	0	0	489	0	99	0	0	0	0	0	96	0	117	0	0	188	0	132	0	0	108	0	148	0	0	0	0
Eikenella corrodens	539	S	0	0	0	0	0	0	0	0	0	0	0	0	0	19	0	79	23	0	0	104	0	51	0	0	0	0	126	0	0	0	27	0	0	0	6	0	0	0	0	0	0	0	0	0	0	0	0	0	0	328	0	0	0	0	0	0	0	0	0	0	0	0	0	69	183	0	0	0	0	0	0	217	0	0	0	0	0	0	0	521	11	17	0	0	0	0
Sphingosinithalassobacter tenebrarum	2711215	S	0	0	0	0	0	0	0	0	0	0	0	0	0	0	25	38	0	0	0	0	0	131	0	0	0	0	194	16	0	0	35	0	0	0	0	0	6	0	0	0	0	0	0	0	0	78	32	0	0	0	0	0	0	0	0	0	0	0	0	0	0	0	0	112	198	0	0	0	0	0	509	0	0	0	0	0	0	2407	0	0	0	0	52	0	0	0
Megamonas hypermegale	158847	S	0	0	0	0	0	0	0	0	0	0	0	0	0	0	0	19	0	0	0	0	0	0	0	0	0	0	0	0	63	0	0	0	0	0	0	271	0	0	0	0	0	0	0	0	0	118	0	0	0	0	21	0	0	0	0	0	0	140	23	0	0	17	0	0	0	1416	329	0	0	0	2508	6774	0	0	586	331	0	85	0	0	19	110	0	0	0	18
Massilia sp. Dwa41.01b	2709302	S	0	0	0	0	0	0	0	0	0	0	0	0	0	0	0	327	0	0	960	0	0	1990	0	0	0	0	0	269	0	0	0	0	0	0	168	0	0	172	0	247	0	0	0	0	0	0	2490	368	0	1504	0	0	0	0	0	0	0	0	0	0	0	0	0	0	0	0	0	0	0	0	0	0	0	0	0	0	0	1077	0	0	5286	0	0	613	0	0
Schaalia turicensis	131111	S	0	0	0	0	0	0	0	0	0	0	0	0	0	0	0	0	7	0	0	0	0	0	0	13	0	0	5857	12	7	0	8	0	0	0	0	10	7	0	0	14	0	0	0	0	0	0	16234	0	0	30	0	0	0	306	6	0	0	0	41	0	0	470	302	0	0	176	12	0	250	1504	1126	4786	0	0	31	4692	246	4936	10	0	33	0	0	8	0	0
