Source,Target,Correlation,P_Value
AAGAB,Dialister succinatiphilus,-0.634613309213924,0.000165539266461855
AAGAB,Fusobacterium canifelinum,-0.604485573380661,0.000403333347808386
AAGAB,Hoylesella buccalis,-0.636768369340997,0.00015476507358457
AAGAB,Phascolarctobacterium faecium,-0.623776981298196,0.00023046404824744
AAGAB,Prevotella intermedia,-0.607406722221618,0.000371417736424539
AAGAB,Prevotella ruminicola,-0.648839487560595,0.000105146333270825
AAGAB,Selenomonas sputigena,-0.710539397015799,1.08582675608525e-05
AAGAB,Streptococcus dysgalactiae,-0.630917751580743,0.000185572804507591
AATF,Staphylococcus pettenkoferi,0.675366140786492,4.22764289789971e-05
ABALON,Sulfurimicrobium lacus,0.606139846758869,0.000384974647519677
ABALON,Candidatus Methylospira mobilis,0.648003876949472,0.000108055916246703
ABALON,Porphyromonas endodontalis,-0.607140511423506,0.000374230979418991
ABCA1,Cardiobacterium hominis,-0.684039172831349,3.07600349447532e-05
ABCD1,Microbacterium aurum,0.629573738333153,0.000193375201302544
ABHD2,Enhydrobacter sp.,-0.646242676941533,0.000114424316731701
ABHD8,Veillonella dispar,-0.606206491779505,0.000384250745653248
ABL2,Lactiplantibacillus pentosus,0.64362133004617,0.000124522170323646
ABL2,Porphyromonas somerae,-0.644076117267153,0.000122715388210939
ABL2,Toxoplasma gondii,-0.694867162985294,2.03675395083448e-05
ABL2,Prevotella dentalis,-0.640879807463959,0.000135923836934098
ABR,Bifidobacterium dentium,0.672420020874544,4.69881007012026e-05
ABRAXAS2,Sphingomonas sp. SUN019,-0.613816371762456,0.00030908075826836
ABRAXAS2,Methylobacterium sp. WL1,-0.600538422965236,0.000450290408194787
ABRAXAS2,Plasmodium relictum,-0.616398413177776,0.000286708655602642
ABRAXAS2,Sphingomonas sp. LK11,-0.61685130665069,0.000282935783547992
AC002350.2,Fusobacterium pseudoperiodonticum,0.612976591195934,0.000316682359114184
AC003991.1,Massilia sp. LPB0304,-0.609424450041757,0.000350694746205383
AC003991.1,Sphaerotilus sulfidivorans,-0.63205220207195,0.000179205722614902
AC004882.3,Morococcus cerebrosus,0.610620501415578,0.00033889871270281
AC005037.1,Streptomyces sp. HUAS CX7,0.638025235942287,0.000148773193162291
AC005091.1,Pseudomonas putida,-0.616160977365306,0.000288704358794894
AC005091.1,Bacillus velezensis,0.66771297398568,5.54960346504054e-05
AC005091.1,Lactobacillus sp. ESL0680,0.607488698361503,0.000370555201674653
AC005261.1,Enterobacter bugandensis,0.683823682186311,3.10080316104303e-05
AC005261.1,Micrococcus lylae,-0.716616747984842,8.41464427568247e-06
AC005261.1,Lactiplantibacillus plantarum,0.712918036690206,9.83457259157999e-06
AC005261.1,Rothia dentocariosa,-0.611358953675294,0.000331791978551288
AC005264.1,Actinomyces oris,0.611092856259052,0.00033433753334702
AC005264.1,Pasteurella multocida,0.692650763544686,2.21926113986994e-05
AC005606.1,Roseomonas mucosa,0.61929479984095,0.000263327668997761
AC005606.2,Streptococcus gordonii,0.631226407133292,0.000183820908661483
AC005722.4,Gardnerella leopoldii,-0.611038318560489,0.000334861379554462
AC005722.4,Corynebacterium kroppenstedtii,0.615145147559622,0.000297382042657902
AC007292.2,Epilithonimonas vandammei,0.607039812416572,0.000375300030486828
AC007292.2,Pseudoxanthomonas mexicana,0.602324137517503,0.000428481512694433
AC007292.2,Staphylococcus xylosus,0.61245438882048,0.000321492151931073
AC007622.2,Sulfurimicrobium lacus,0.622956117794057,0.000236195727404264
AC008114.1,Agrobacterium pusense,-0.611444404329869,0.000330978175620877
AC008114.1,Malassezia restricta,-0.660738727919992,7.06402900423367e-05
AC008750.3,Staphylococcus epidermidis,-0.748912781148423,1.9303439629866e-06
AC008750.4,Hydrogenophaga sp. PBC,0.640661109150173,0.000136872138887473
AC008761.1,Tessaracoccus defluvii,-0.601467525906603,0.000438824262445181
AC008875.3,Acinetobacter variabilis,-0.620995333642321,0.000250400892379584
AC008875.3,Schaalia radingae,-0.616853123898576,0.000282920733675265
AC008875.3,Ustilaginoidea virens,-0.607488698361503,0.000370555201674653
AC008894.2,Rothia mucilaginosa,-0.6746106632723,4.34424646851647e-05
AC008894.2,Algicella marina,-0.659985132370525,7.2479526727843e-05
AC008894.2,Paracoccus sp. MC1862,-0.677028915879,3.98081658196468e-05
AC008894.2,Actinomyces sp. HMT 175,-0.651470801323239,9.64344524760742e-05
AC008894.2,Staphylococcus nepalensis,0.610272563019096,0.000342293556850899
AC008914.1,Klebsiella michiganensis,0.707357949482111,1.23773153811771e-05
AC008914.1,Lactiplantibacillus plantarum,0.602317382188389,0.00042856222871109
AC009088.3,Aspergillus puulaauensis,0.619100206040742,0.000264843904429497
AC009088.3,Comamonas aquatica,0.676381608427585,4.07532698337733e-05
AC010168.2,Sphaerotilus sulfidivorans,-0.74905289306542,1.91714698453534e-06
AC010168.2,Agrobacterium pusense,-0.670626315375631,5.00817270968112e-05
AC010168.2,Pseudomonas putida,-0.630322726090641,0.000188991960903019
AC010969.1,Comamonas aquatica,-0.631950946554797,0.000179766029592205
AC011346.1,Streptococcus parasanguinis,-0.602877301500639,0.000421917334510854
AC011346.1,Lactiplantibacillus pentosus,0.635150166852058,0.000162794764553244
AC011346.1,Bombilactobacillus folatiphilus,0.608094906156345,0.000364231497190876
AC011346.1,Haemophilus parainfluenzae,-0.630255839822024,0.00018937977765758
AC011445.2,Pseudomonas sp. CBS,0.667813977560426,5.52999051124385e-05
AC011446.2,Solibaculum mannosilyticum,-0.730201297072068,4.64560134057941e-06
AC011446.2,Lacticaseibacillus sp. NCIMB 15474,-0.643176329723199,0.000126312939944612
AC011446.2,Lactiplantibacillus pentosus,-0.660511679644049,7.11899916180527e-05
AC011462.2,Brevundimonas diminuta,0.644780456494442,0.0001199631982254
AC012613.2,Blastococcus sp. PRF04-17,0.641398433162013,0.000133698327764236
AC012613.2,Klebsiella michiganensis,0.603195238740143,0.000418184756330766
AC015712.2,Fusobacterium pseudoperiodonticum,-0.607270908622798,0.000372850636719972
AC015912.1,Lacticaseibacillus sp. NCIMB 15474,-0.629360544697503,0.000194639231276016
AC015912.1,Mycoplasmopsis felis,-0.649994082485637,0.000101240895749572
AC016588.1,Massilia sp. LPB0304,0.605243572055192,0.000394827592778322
AC016876.1,Pseudoclostridium thermosuccinogenes,0.638217395635848,0.00014787551046248
AC020656.1,Paracoccus sp. TOH,-0.648960669134261,0.000104730226310123
AC020659.2,Aeromonas caviae,-0.640626705471526,0.000137021851580093
AC021078.1,Olsenella timonensis,0.619570514419553,0.00026119251033746
AC021078.1,Aquincola tertiaricarbonis,-0.600749047087055,0.000447668194137612
AC021739.2,Nocardioides sp. S5,0.604261112952428,0.000405882908319946
AC022150.4,Pseudomonas putida,-0.666002570339569,5.8913098034356e-05
AC022150.4,Ascochyta rabiei,-0.609769996400315,0.000347250126920957
AC022150.4,Staphylococcus epidermidis,-0.65493814428182,8.59388791058675e-05
AC022150.4,Cutibacterium modestum,-0.619819075932225,0.000259280775131303
AC022400.5,Lacticaseibacillus sp. NCIMB 15474,-0.652856200179425,9.21112088423659e-05
AC022400.5,Jeotgalicoccus sp. ATCC 8456,-0.677207172717462,3.95513715721047e-05
AC022400.5,Streptomyces sp. HUAS CX7,-0.639847434372362,0.000140452197187911
AC022400.5,Lactiplantibacillus pentosus,-0.656174749403932,8.2449874329442e-05
AC022400.5,Rheinheimera sp. MM224,0.615082230196831,0.000297927015856592
AC023157.3,Rhodococcus erythropolis,0.621476363297685,0.000246847751060043
AC024267.6,Cryptomonas paramecium,-0.638715187818054,0.000145572396728775
AC024592.2,Latilactobacillus sakei,0.621871179729745,0.000243964858583993
AC026333.3,Staphylococcus pettenkoferi,0.610438249260114,0.000340673224637628
AC026954.3,Corynebacterium aquatimens,-0.614093133022823,0.000306611123653429
AC027290.1,Streptococcus sanguinis,0.665850945494994,5.92249020722618e-05
AC027290.1,Methylobacterium sp. WL1,0.675004540392619,4.28309954835612e-05
AC027290.1,Actinomyces sp. oral taxon 169,0.635453429344475,0.000161262364884428
AC027290.1,Epilithonimonas vandammei,0.600444938820912,0.000451458590266416
AC027290.2,Lactiplantibacillus plantarum,0.698776418242492,1.74743047649598e-05
AC027290.2,Lactobacillus sp. PV034,0.605163647758885,0.000395716925070551
AC027290.2,Periweissella cryptocerci,0.605798607272253,0.000388700094168811
AC027290.2,Fructilactobacillus lindneri,0.649927853860253,0.000101461371053545
AC067930.4,Corynebacterium kroppenstedtii,0.601779755283649,0.000435029196584041
AC068580.3,Leptolyngbya sp. 7M,-0.600617887656086,0.000449299508700019
AC068580.3,Fusobacterium vincentii,-0.611087308038668,0.000334390792092159
AC068831.4,Staphylococcus pettenkoferi,0.651529870631756,9.62464958688376e-05
AC073957.3,Pseudomonas oryzihabitans,-0.738056771236245,3.24183016600521e-06
AC074033.1,Fusobacterium canifelinum,-0.605384998136793,0.000393258237799967
AC083798.2,Latilactobacillus sakei,0.611098322632006,0.000334285067603237
AC083799.1,Leptolyngbya sp. 7M,-0.626996375965306,0.000209155650266558
AC087190.3,Sphingomonas sp. SUN019,-0.638213915394982,0.000147891725670118
AC087190.3,Paracoccus sp. S3-43,-0.615755500590137,0.000292140900132004
AC087190.3,Leptotrichia sp. oral taxon 212,-0.626285113290888,0.000213706781568251
AC087284.1,Comamonas aquatica,-0.648298730883385,0.0001070211561588
AC090559.1,Staphylococcus pettenkoferi,0.607348594562827,0.00037203041586771
AC090559.1,Fusarium keratoplasticum,-0.600119456195674,0.000455546693954991
AC090607.4,Sphaerotilus sulfidivorans,-0.74141469225238,2.76899193842412e-06
AC090607.4,Pseudoroseomonas cervicalis,-0.616133623423647,0.000288935062314697
AC090617.3,Sphingomonas hankookensis,0.619438829415005,0.000262210371909772
AC090617.3,Methylobacterium sp. FF17,0.638389878318285,0.000147073852486013
AC090971.2,Tepidimonas taiwanensis,-0.631692077148066,0.000181205582451613
AC090971.2,Duodenibacillus massiliensis,0.617861982819377,0.00027467417432886
AC091117.1,Neisseria arctica,0.610269987470229,0.000342318798113492
AC091117.1,Mycoplasmopsis cynos,0.621176816107687,0.00024905508275085
AC091117.1,Staphylococcus epidermidis,-0.61683124129205,0.000283102005585667
AC092069.1,Clostridium butyricum,0.60475131330237,0.000400333175688091
AC092118.1,Staphylococcus warneri,-0.642725856891323,0.000128149029784487
AC093503.2,Cryptosporidium parvum,-0.617214544622997,0.000279941597425631
AC093503.2,Stenotrophomonas sp. BIO128-Bstrain,-0.608248451202416,0.000362644977960083
AC099494.2,Pseudocnuella soli,-0.615134247282733,0.000297476394745174
AC100788.2,Clostridium tetani,-0.638865143345734,0.000144884880546458
AC103563.2,Clostridioides difficile,0.649178633537858,0.000103985481418574
AC103691.1,Cupriavidus metallidurans,-0.614870044250192,0.00029977142889588
AC104794.5,Iamia majanohamensis,0.622351541462893,0.000240497556324033
AC105020.1,Ilumatobacter coccineus,0.654398642584011,8.75018614295566e-05
AC108134.1,Malassezia restricta,-0.617182344698561,0.000280205885913842
AC108134.1,Fusobacterium sp. oral taxon 203,-0.604184768365617,0.000406753310546738
AC108134.1,Aspergillus fumigatus,-0.762896012248315,9.51619726882579e-07
AC113208.4,Pseudoroseomonas cervicalis,0.658436768945051,7.63931953144398e-05
AC113208.4,Limnobacter sp. SAORIC-580,0.646451953245024,0.000113650492452886
AC127496.6,Peptacetobacter hiranonis,0.608979166606496,0.000355178074165993
AC132872.3,Deinococcus radiopugnans,-0.67367863052465,4.4920618309106e-05
AC132872.3,Empedobacter brevis,-0.605398748505601,0.000393105948732554
AC132872.3,Lactobacillus jensenii,-0.6440489432703,0.000122822686383428
AC133550.2,Granulicatella elegans,-0.705093327116975,1.35724114277436e-05
AC133550.2,Fusarium falciforme,-0.670626388609808,5.0081597156955e-05
AC133550.2,Corynebacterium coyleae,-0.643836010739784,0.000123666357251295
AC133550.2,Hymenobacter swuensis,-0.608799656312305,0.00035699973248087
AC133550.2,Fusarium venenatum,-0.625324365130238,0.000219993569798691
AC135050.6,Massilia putida,-0.603800741243001,0.000411156602755796
AC139887.2,Corynebacterium urealyticum,0.619391618747038,0.000262576141522996
AC245140.2,Paracoccus contaminans,0.622899685387479,0.000236594364762894
AC245140.2,Lactococcus raffinolactis,0.62362502578403,0.000231515689318951
AC245140.2,Acinetobacter pittii,-0.703526536781915,1.44589835285676e-05
AC254629.1,Lawsonella clevelandensis,-0.612463073724198,0.000321411633996754
ACAD8,Bifidobacterium dentium,0.629882484493254,0.000191557545662561
ACADVL,Geobacillus thermoleovorans,0.657792037195134,7.80776765159374e-05
ACAP2,Thalassiosira pseudonana,-0.60248491897473,0.000426564366712621
ACBD3,Massilia sp. LPB0304,-0.601974812509839,0.000432673033850058
ACBD6,Rhizobium leguminosarum,-0.636325604988466,0.000156926373705471
ACOT11,Tessaracoccus defluvii,-0.683650928255727,3.12081378616986e-05
ACOT4,Aquincola tertiaricarbonis,0.603141369791051,0.000418815121084247
ACOT9,Fenollaria massiliensis,0.644519566169241,0.000120976149378563
ACSL3,Streptococcus anginosus,-0.621880709345713,0.000243895644753316
ACTBP11,Lactobacillus apis,0.654525139664804,8.71331315264914e-05
ACTBP11,Lactobacillus amylovorus,0.689385474860335,2.51494073658907e-05
ACTBP11,Lacticaseibacillus rhamnosus,0.635754189944134,0.000159755273660567
ACTBP11,Lactiplantibacillus pentosus,0.67848552150514,3.77528425890641e-05
ACTR1A,Candidatus Ichthyocystis hellenicum,-0.623091525413908,0.000235241635970684
ACVR2A,Exiguobacterium sp. U13-1,0.609863865973065,0.000346319552649179
ADAM10,Neisseria macacae,-0.614576100488826,0.000302343192775153
ADAM17,Gardnerella piotii,0.632889517038898,0.000174631437957233
ADAM17,Acinetobacter junii,-0.605530156787715,0.000391653188299265
ADAM9,Colletotrichum higginsianum,-0.645357022003925,0.000117751310075104
ADCY7,Streptomyces sp. HUAS CX7,-0.617338901570602,0.000278922977312026
ADCY7,Lacticaseibacillus sp. NCIMB 15474,-0.646731558542497,0.000112623889140685
ADGRE5,Streptomyces sp. HUAS CX7,-0.602833597328913,0.000422432709974561
ADGRF1,Sphaerotilus sulfidivorans,-0.677697593272001,3.88525159152944e-05
ADIPOR1,Acinetobacter pittii,0.608008898776418,0.000365122851071456
ADNP,Pseudomonas psychrotolerans,-0.664664722216927,6.17156223314583e-05
ADORA2A-AS1,Enterococcus faecalis,0.693695974012462,2.13144077368468e-05
ADRM1,Candida orthopsilosis,0.602818353273737,0.000422612603905406
ADRM1,Brettanomyces nanus,0.654944208135317,8.59214540145738e-05
AFTPH,Amylolactobacillus amylophilus,0.635432958569922,0.0001613654000134
AFTPH,Lactobacillus sp. ESL0684,0.63376517436168,0.000169958840617239
AGAP2,Staphylococcus pettenkoferi,0.616095741375903,0.000289254829243309
AGAP3,Corynebacterium afermentans,0.609676050485264,0.000348183667923723
AGAP3,Prevotella veroralis,-0.636882227202839,0.000154213582651211
AGAP3,Sellimonas intestinalis,-0.618750154269245,0.000267590895529434
AGAP3,Bacteroides salyersiae,-0.602784232063094,0.000423015510475663
AGAP3,Delftia lacustris,0.620375769974214,0.000255043994486204
AGO1,Comamonas aquatica,-0.616630840935385,0.000284766873138341
AGO2,Pseudoxanthomonas suwonensis,-0.619674794978517,0.000260388954509358
AGO2,Enterococcus faecalis,0.690629937107694,2.39832221845736e-05
AGO4,Dermacoccus nishinomiyaensis,-0.620295882544281,0.000255648195247786
AGPAT2,Latilactobacillus curvatus,-0.665108405670062,6.07732709870905e-05
AGTPBP1,Paracoccus contaminans,-0.618503381979671,0.000269542533848532
AGTRAP,Streptomyces sp. HUAS CX7,-0.629785919117091,0.000192124411295697
AHNAK,Mycoplasmopsis cynos,0.608936998307251,0.000355605256161935
AHSA1,Gardnerella vaginalis,0.621926684677926,0.000243561969038172
AHSA1,Cupriavidus metallidurans,-0.616010507323337,0.000289975444592421
AIF1L,Micrococcus yunnanensis,0.616942484482963,0.000282181550426222
AIF1L,Cardiobacterium hominis,0.631774972445231,0.000180743498672525
AIF1L,Actinomyces sp. HMT 175,0.611109766537701,0.000334175253598675
AIFM2,Acinetobacter junii,0.612287431946064,0.000323043481100664
AK1,Lactobacillus gasseri,-0.665107561830376,6.07750509697953e-05
AK1,Lacticaseibacillus sp. NCIMB 15474,0.653667540365487,8.96603593305538e-05
AK3,Shinella sp. HZN7,-0.61437774291375,0.00030408965966015
AKAP10,Pseudomonas putida,-0.631346557666505,0.00018314292534715
AKAP10,Malassezia restricta,-0.630614171955629,0.000187310324246509
AKAP10,Acetilactobacillus jinshanensis,0.625808522247486,0.000216805230329212
AKAP10,Sphaerotilus sulfidivorans,-0.625673092821892,0.000217692927210766
AKAP13,Streptococcus suis,0.630512640384246,0.000187894646378218
AKAP13,Sphingobium xenophagum,-0.609519025279902,0.00034974897625009
AKIRIN2,Lactobacillus johnsonii,0.600444938820912,0.000451458590266416
AL031714.1,Stenotrophomonas sp. BIO128-Bstrain,-0.611585891263883,0.000329634578490268
AL033384.1,Corynebacterium bovis,-0.603022674048613,0.000420207034520493
AL035661.1,Limosilactobacillus reuteri,0.64120307017529,0.00013453282959308
AL035661.1,Xanthomonas campestris,-0.623886057387315,0.000229711774735968
AL109628.2,Pseudomonas putida,-0.605810055865922,0.000388574591615665
AL109628.2,Amylolactobacillus amylophilus,0.616329332904271,0.000287288029062684
AL121761.1,Mycoplasma mycoides,0.64855072942989,0.000106143796071012
AL121761.1,Nocardioides seonyuensis,0.602279350531927,0.000429016899935204
AL121761.1,Cupriavidus metallidurans,0.664080265754134,6.29768822309887e-05
AL121761.1,Massilia sp. REN29,0.665973365348631,5.89730413827875e-05
AL121985.1,Enterococcus faecalis,0.63030097271009,0.000189118012931195
AL132857.1,Propionibacterium freudenreichii,-0.616707970744148,0.000284125079048048
AL132857.1,Granulicella sp. WH15,-0.633195951425161,0.000172983463752624
AL132857.1,Vaginimicrobium propionicum,-0.648983523028575,0.000104651916385083
AL136982.5,Candidatus Ichthyocystis hellenicum,0.605918798084064,0.000387384311365106
AL138767.1,Ahniella affigens,0.613832964065264,0.000308932205634768
AL139393.2,Lawsonella clevelandensis,-0.60292633763039,0.000421339742569083
AL139423.1,Clostridium chauvoei,0.68280152954932,3.22089642935844e-05
AL139423.1,Fusarium poae,0.650003559911366,0.00010120938030087
AL139423.1,Iamia sp. SCSIO 61187,0.604814081564733,0.000399627409591428
AL139423.1,Rhodobacter capsulatus,0.653938503898722,8.88548958859797e-05
AL139423.1,Corynebacterium glutamicum,0.627802640396651,0.000204100710548839
AL139423.1,Massilia sp. WG5,0.753707700349971,1.52254726916948e-06
AL157935.1,Sphingomonas sp. CL5.1,0.613793653287824,0.00030928426156555
AL157935.1,Aspergillus puulaauensis,0.600116253113808,0.000455587086583029
AL162742.1,Nocardioides seonyuensis,-0.602474337956898,0.000426690301150474
AL355075.3,Sphingomonas insulae,-0.64010207289872,0.000139322976738619
AL355075.3,Deinococcus radiopugnans,-0.644504907397401,0.000121033289716798
AL356123.2,Pseudocnuella soli,-0.638465273001855,0.000146724650895302
AL356356.1,Microbacterium oxydans,0.6233255486848,0.000233600737319323
AL356867.1,Leptotrichia wadei,0.607988335796025,0.000365336244403577
AL357153.1,Tessaracoccus defluvii,0.674780613203852,4.31776763654951e-05
AL390719.1,Blastococcus sp. PRF04-17,0.606110943277963,0.000385288972583329
AL391056.2,Lactobacillus gasseri,0.626159603526657,0.000214518923950055
AL391863.1,Haemophilus influenzae,-0.605022320610706,0.00039729382325393
AL450467.1,Porphyromonas sp. oral taxon 275,0.615801242654729,0.000291751420420974
AL512791.1,Luteitalea sp. TBR-22,0.625576526581411,0.000218327853965995
AL583722.2,Deinococcus radiopugnans,-0.619020538360715,0.000265466884367356
AL583722.2,Lactobacillus intestinalis,-0.603593660102983,0.000413548413807393
AL590714.1,Fusobacterium nucleatum,-0.67116599520909,4.91323155487785e-05
AL590714.1,Lawsonella clevelandensis,-0.607032532892345,0.00037537741645556
AL592166.1,Pseudomonas putida,-0.600893854748603,0.000445873191127614
AL592166.1,Staphylococcus cohnii,-0.610409366046981,0.000340955200196049
AL732437.1,Ligilactobacillus ruminis,-0.627171881074545,0.000208045954895921
ALDH3A1,Rothia dentocariosa,0.647163515016685,0.000111054134204431
ALDH3A1,Gardnerella leopoldii,-0.601206399585339,0.000442020555915771
ALDH3A1,Gardnerella piotii,-0.650798660439051,9.85963343737641e-05
ALDH3A2,Lactobacillus intestinalis,0.602047689293043,0.000431795620670732
ALDH3A2,Brochothrix thermosphacta,0.659917681244517,7.26462146701038e-05
ALDOA,Haemophilus parainfluenzae,-0.695081306344611,2.0198556546224e-05
ALKBH5,Plasmodium relictum,-0.619307335942828,0.000263230254145379
ALOX12,Lactobacillus amylovorus,0.612487587109635,0.000321184465968619
ALOX12-AS1,Lacticaseibacillus sp. NCIMB 15474,0.614168007273576,0.000305946000162033
ALOX12-AS1,Lactobacillus apis,0.635676050545894,0.000160145617190852
ALOX12-AS1,Mycoplasmopsis felis,0.616309398823341,0.000287455407772398
AMFR,Sphingomonas hankookensis,0.628783281784108,0.000198098700157233
ANAPC16,Vibrio anguillarum,-0.65105074234308,9.77805266855225e-05
ANKRD17,Aquincola tertiaricarbonis,-0.724833447130976,5.89899283960796e-06
ANKRD28,Pseudomonas sp. S150,-0.611883282747811,0.000326826167357841
ANKRD28,Sphaerotilus sulfidivorans,-0.600316533842282,0.000453067496673499
ANKRD31,Humisphaera borealis,-0.651245913677741,9.71530342503911e-05
ANKRD37,Undibacterium sp. 20NA77.5,-0.654652213479565,8.67641160290221e-05
ANKRD44,Stenotrophomonas sp. BIO128-Bstrain,-0.612507804642491,0.000320997214803849
ANKRD52,Mycoplasmoides fastidiosum,0.642891467661606,0.000127471272913983
ANKRD52,Nakamurella multipartita,0.608330848760527,0.000361796114654237
ANKRD52,Trichocoleus desertorum,0.616415226832538,0.000286567796613819
ANKRD52,Burkholderia thailandensis,0.696298109766267,1.92620494883849e-05
ANKRD52,Eggerthella lenta,0.604312169782134,0.000405301727913281
ANKRD52,Paracoccus sp. M09,0.669700057494018,5.17495203827364e-05
ANKRD52,Gloeocapsa sp. PCC 7428,0.671790028207822,4.80546040819469e-05
ANKRD52,Truepera radiovictrix,0.653862706863653,8.9079556925571e-05
ANKRD52,Lactococcus garvieae,0.60858423127451,0.000359196735700726
ANKRD52,Clostridium chauvoei,0.659122401847575,7.4637501949174e-05
ANKZF1,Aeromonas caviae,0.631763256840222,0.000180808741528686
ANO10,Saccharomycodes ludwigii,-0.601302674354523,0.000440839733725387
ANO7L1,Enterococcus faecalis,-0.737486095661847,3.32908417074102e-06
ANO7L1,Staphylococcus pettenkoferi,-0.676275405444216,4.09102358867205e-05
ANO7L1,Neisseria elongata,0.618730634957859,0.000267744810458561
ANO8,Hydrogenophaga sp. PBC,0.680497065324109,3.50707752369978e-05
ANO8,Aspergillus luchuensis,0.609683876978863,0.000348105811492202
ANP32A,Cardiobacterium hominis,-0.60602577415052,0.000386216502934397
ANXA6,Lactobacillus paragasseri,0.612531066980628,0.000320781882544085
ANXA9,Phascolarctobacterium faecium,-0.601675725424204,0.000436290426321991
AP000919.2,Leptotrichia sp. oral taxon 212,-0.603292801260724,0.000417045226228592
AP001107.1,Cloacibacterium normanense,0.639586788534936,0.000141616476693377
AP001453.1,Kocuria palustris,-0.684365358591702,3.03880276082344e-05
AP001610.3,Schleiferilactobacillus harbinensis,0.627016747667593,0.000209026574103866
AP001610.3,Pochonia chlamydosporia,-0.607243321789279,0.000373142286738968
AP001610.3,Cutibacterium modestum,-0.682955200827097,3.20257931001724e-05
AP001610.3,Pseudomonas putida,-0.711987709364281,1.02241172696799e-05
AP001610.3,Cutibacterium acnes,-0.716379481127853,8.4998505039355e-06
AP001610.3,Malassezia restricta,-0.76006115680638,1.10253176815435e-06
AP001610.3,Corynebacterium durum,-0.640796486271638,0.000136284436463546
AP002490.1,Staphylococcus epidermidis,-0.659956827379765,7.25494335458389e-05
AP002490.1,Pseudomonas putida,-0.610673829514929,0.000338381025775037
AP003733.3,Nocardioides sp. zg-1228,-0.606218457876101,0.000384120896504217
AP003733.3,Acinetobacter ursingii,-0.62459031031029,0.000224906844190125
AP006621.1,Bacillus paralicheniformis,0.633282293201313,0.000172521625981882
AP1G1,Cutibacterium modestum,-0.60713640323973,0.000374274540503079
AP1G1,Pochonia chlamydosporia,-0.631737060438456,0.000180954701892634
AP1G2,Stenotrophomonas sp. BIO128-Bstrain,-0.676522414988697,4.0545991797209e-05
AP2B1,Flavisolibacter ginsenosidimutans,-0.608325750013532,0.000361848591219184
AP3D1,Pseudomonas putida,-0.664215697852058,6.26825872066988e-05
AP3M1,Megamonas hypermegale,-0.61103504992213,0.000334892798535629
AP3M1,Veillonella parvula,-0.640478913920487,0.000137666645832698
AP4M1,Enterococcus faecium,0.636677769762894,0.00015520515988187
AP4M1,Solibacillus silvestris,0.619454195764956,0.000262091416804559
AP4M1,Bacillus halotolerans,0.612003474490407,0.000325697150313077
AP4M1,Pseudonocardia sp. EC080619-01,0.633459557555748,0.000171576876939638
AP5B1,Microbacterium oxydans,0.601964461392896,0.000432797785347581
APBB3,Nocardioides seonyuensis,-0.728720303572341,4.96481790747922e-06
APBB3,Ustilaginoidea virens,-0.622457146198311,0.000239741167758034
APBB3,Nocardioides sp. zg-1228,-0.609576275277562,0.000349177560502019
APC,Clostridium chauvoei,0.646645921182276,0.000112937436081581
APC,Granulicatella elegans,0.605569219409298,0.000391222252693995
APLP2,Niveispirillum cyanobacteriorum,-0.615351743225164,0.000295598759894704
APOBEC3A,Geobacillus thermoleovorans,-0.623615955270149,0.000231578598003756
APOBEC3C,Paracoccus aestuarii,0.619279516185668,0.000263446477544145
APOL1,Geobacillus thermoleovorans,-0.615523410040812,0.000294124173328824
APOL1,Stenotrophomonas sp. BIO128-Bstrain,-0.612005352177871,0.00032567953968945
APOL2,Deinococcus radiopugnans,-0.620050037401732,0.00025751551595774
ARCN1,Aspergillus puulaauensis,-0.610389921756619,0.000341145143293336
AREG,Pseudomonas oryzihabitans,-0.632999496780043,0.000174038381405126
ARF1,Blautia wexlerae,-0.685833622563894,2.87629619454762e-05
ARF5,Staphylococcus pettenkoferi,0.638754180835686,0.0001453933431469
ARF6,Staphylococcus pettenkoferi,-0.688559139691056,2.59516242472188e-05
ARFGAP1,Sphaerotilus sulfidivorans,-0.650649303416809,9.9082551424149e-05
ARFGAP2,Corynebacterium stationis,0.651040144172053,9.78147038403488e-05
ARFGAP2,Corynebacterium canis,0.627732803070622,0.000204534235346294
ARFGEF1,Lactobacillus acetotolerans,0.64796887306904,0.000108179348498812
ARFIP1,Aspergillus puulaauensis,-0.637592862722001,0.000150810772612326
ARFIP1,Malassezia restricta,-0.611749645444135,0.000328085542871852
ARFIP2,Amylolactobacillus amylophilus,0.604405367587339,0.00040424274849292
ARGLU1,Lactobacillus intestinalis,0.60382823698781,0.00041083994280233
ARHGAP10,Plasmodium relictum,0.62333842256603,0.000233510764584262
ARHGAP17,Dermabacter jinjuensis,0.617759080248804,0.000275505462240913
ARHGAP27P1-BPTFP1-KPNA2P3,Staphylococcus warneri,-0.613133902913252,0.000315245943069706
ARHGAP27P1-BPTFP1-KPNA2P3,Corynebacterium matruchotii,-0.626212890176572,0.000214173785779379
ARHGAP35,Bifidobacterium dentium,-0.600475369029072,0.000451078040257891
ARHGAP45,Stenotrophomonas sp. BIO128-Bstrain,-0.636063347227449,0.000158219158385133
ARHGAP5,Sugiyamaella lignohabitans,-0.659832053850805,7.28583133934575e-05
ARHGAP5,Vibrio anguillarum,-0.623652263362101,0.000231326873658594
ARHGAP5,Enterobacter hormaechei,-0.607776961329441,0.000367536182949688
ARHGDIB,Leptospira kobayashii,-0.629600612836637,0.000193216379656597
ARHGDIB,Paenibacillus physcomitrellae,-0.60321569297465,0.000417945623743334
ARHGDIB,Candidatus Methylospira mobilis,-0.628909941633221,0.000197335007772714
ARHGEF1,Brevundimonas sp.,0.657468552279976,7.8935260889926e-05
ARHGEF12,Rhizobium leguminosarum,0.614115582582973,0.000306411565531514
ARHGEF19,Fusobacterium pseudoperiodonticum,-0.639204091038476,0.000143341495737015
ARID1B,Tessaracoccus defluvii,0.607331588498781,0.000372209832410046
ARID4B,Corynebacterium matruchotii,-0.616757135400765,0.000283716649810665
ARID4B,Pseudoxanthomonas suwonensis,-0.676889857356551,4.00095270836973e-05
ARL6IP1,Sphingomonas sp. PAMC26645,-0.604531896943609,0.000402808937757616
ARL6IP1,Methylobacterium sp. WL1,-0.696822186037755,1.88708604970648e-05
ARL6IP1,Thalassiosira pseudonana,-0.629528501845439,0.00019364279923189
ARL6IP1,Penicillium oxalicum,-0.610721342516037,0.000337920377854633
ARMH3,Brevundimonas pondensis,-0.636919663569187,0.000154032634684866
ARNT,Corynebacterium sp. SCR221107,-0.621897895827927,0.000243770862872591
ARNTL2,Candida orthopsilosis,-0.616537478291346,0.00028554545506402
ARNTL2-AS1,Sphingomonas sp. PAMC26645,-0.600498609873574,0.000450787588400358
ARNTL2-AS1,Methylobacterium sp. WL1,-0.602716387883573,0.000423817627222742
ARPC2,Leptospira kobayashii,-0.659402803604529,7.39299176462418e-05
ARPC4,Lactobacillus crispatus,-0.690322580645161,2.42666392104975e-05
ARPC4,Humisphaera borealis,0.641201018249545,0.000134541619009323
ARPC4,Lactiplantibacillus pentosus,-0.633815350389321,0.000169694490769191
ARPC4,Limnobacter sp. SAORIC-580,0.624235449808886,0.000227316715319645
ARPC4,Solibaculum mannosilyticum,-0.601803804262262,0.000434738090975893
ARPC4,Microbacterium aurum,0.60739803693617,0.000371509224791684
ARPC4,Lactobacillus kefiranofaciens,-0.640980352887977,0.000135489823652325
ARPC4,Crinalium epipsammum,-0.634330882271047,0.000166999505517017
ARPP19,Janibacter sp. YB324,-0.670312280447748,5.0641702246474e-05
ARRDC1,Colletotrichum higginsianum,0.66223804696974,6.7104462907865e-05
ARRDC3,Delftia sp. HK171,-0.600137680028042,0.000455316941413099
ASB6,Microbacterium sediminis,0.629364633984706,0.000194614917030224
ASCC2,Vibrio anguillarum,0.62028359791362,0.000255741218079977
ASCC3,Frigoribacterium sp. SL97,0.63400010370585,0.000168724271093744
ASCL2,Corynebacterium coyleae,-0.656926962378245,8.03898854188275e-05
ASH2L,Phocaeicola salanitronis,0.651438590906714,9.65370827116088e-05
ASPH,Gemella sanguinis,0.628909941633221,0.000197335007772714
ASPRV1,Pochonia chlamydosporia,0.612647956230397,0.000319701805724417
ASS1,Malassezia restricta,-0.607795477078279,0.000367343009019411
ASS1,Agrobacterium pusense,-0.642371574018567,0.000129609694702681
ASXL2,Brevundimonas sp. PAMC22021,-0.631710223026472,0.000181104342240664
ATAD1,Sugiyamaella lignohabitans,-0.675253135081074,4.24490450194036e-05
ATAD3C,Nocardioides seonyuensis,-0.651197834771953,9.73072780176418e-05
ATAD3C,Pseudomonas putida,-0.702423474962566,1.51140479865301e-05
ATAD3C,Corynebacterium durum,-0.600258703127303,0.000453793760251915
ATF7,[Ruminococcus] gnavus,0.610425274335155,0.000340799868287879
ATG4A,Sphingomonas hankookensis,-0.699054419519527,1.7283374764988e-05
ATP13A1,Sphingomonas profundi,0.717758419366597,8.01532067751714e-06
ATP13A3,Enterococcus faecalis,0.613348164627364,0.000313298777992233
ATP1B1,Fusobacterium pseudoperiodonticum,-0.644703872169543,0.000120259764408141
ATP2A2,Massilia sp. LPB0304,-0.613045256741409,0.000316054663084534
ATP2C1,Plasmodium relictum,-0.671577037714182,4.84200395628866e-05
ATP2C1,Thalassiosira pseudonana,-0.652507282623427,9.3183433380125e-05
ATP5F1B,Marasmius oreades,-0.71638974058364,8.49615014500251e-06
ATP5MD,Pseudomonas siliginis,0.611942421860592,0.00032627021477607
ATP5MPL,Staphylococcus pettenkoferi,0.608722332721459,0.000357786945211349
ATP5PB,Sphingomonas sp. MM-1,-0.604332816018863,0.000405066920050305
ATP5PO,Mobiluncus sp. Marseille-Q7826,-0.642870993497046,0.000127554889694627
ATP6V0A1,Stenotrophomonas maltophilia,-0.645383759733037,0.000117649622117739
ATP6V0D1,Gardnerella swidsinskii,0.631961638135021,0.00017970679339987
ATP6V0D1,Lactobacillus sp. PV034,0.625639946248704,0.000217910682519121
ATP6V0D1,Solibaculum mannosilyticum,-0.654113893925516,8.83369786567266e-05
ATP6V1C2,Sphingomonas sp. LK11,0.61785603058125,0.000274722198342903
ATP6V1D,Schleiferilactobacillus harbinensis,0.602069199409191,0.000431536945666254
ATP9A,Corynebacterium sp. Z-1,-0.604531896943609,0.000402808937757616
ATXN1L,Streptococcus anginosus,0.665998663994656,5.89211126656461e-05
ATXN7,Corynebacterium jeddahense,-0.626627756048888,0.000211503483888556
ATXN7L3B,Massilia forsythiae,-0.633973701265061,0.000168862619425217
AUP1,Nitrosomonas stercoris,0.624523732520429,0.000225357243789169
AURKAIP1,Acinetobacter towneri,0.636232143644025,0.000157386005908466
AVL9,Nocardioides seonyuensis,-0.707453773917313,1.23289037404551e-05
AVL9,Amylolactobacillus amylophilus,0.625264364290942,0.000220391575176663
AVL9,Pochonia chlamydosporia,-0.652021584592338,9.46945031758686e-05
AVL9,Pseudomonas putida,-0.6756621248334,4.18272882023222e-05
AZIN1,Roseomonas mucosa,-0.617413152061741,0.000278316348570801
B2M,Sphingomonas insulae,-0.633209494927807,0.000172910947751771
B3GALT5-AS1,Malassezia restricta,-0.730770517375652,4.52792872687625e-06
B3GALT5-AS1,Pseudomonas putida,-0.836039230724413,8.8496179434105e-09
B3GALT5-AS1,Cutibacterium acnes,-0.645454399515781,0.000117381343360995
B3GALT5-AS1,Lactobacillus sp. ESL0680,0.602196087811338,0.000430013796425323
B3GALT5-AS1,Schleiferilactobacillus harbinensis,0.63916029253108,0.00014354010481338
B3GALT5-AS1,Nocardioides seonyuensis,-0.665030118354617,6.093860750802e-05
B3GAT2,Geobacillus thermoleovorans,-0.620341430663117,0.000255303552845261
B3GNT2,Nocardioides sp. zg-1228,-0.608168965848051,0.000363465504988882
B3GNT5,Aspergillus puulaauensis,-0.689305840555972,2.52257364248258e-05
B3GNT7,Cutibacterium acnes,-0.611974223140701,0.000325971604154152
B3GNT7,Malassezia restricta,-0.71685200743674,8.33092001356973e-06
B3GNT7,Methylobacterium sp. WL1,-0.615027646250644,0.000298400522326048
B3GNT7,Pseudomonas putida,-0.654754772282304,8.64673076508934e-05
B4GALNT3,Sphingomonas paucimobilis,-0.606403590850202,0.000382116867535393
B4GALT4,Empedobacter brevis,-0.624217046332798,0.000227442315623107
B9D2,Staphylococcus pettenkoferi,0.65762331838565,7.85239207001698e-05
BABAM1,Pseudomonas sp. CBS,-0.604103400870144,0.000407682790343286
BAD,Lactobacillus amylolyticus,-0.600067124024744,0.000456207026927597
BAD,Thalassiosira pseudonana,0.782764240713651,3.19496585782464e-07
BAD,Methylobacterium sp. WL1,0.745561817444278,2.27154186497519e-06
BAD,Bacillus velezensis,-0.632294378682754,0.000177871897069878
BAD,Sphingomonas sp. PAMC26645,0.62656382779072,0.000211913027606801
BAD,Streptococcus oralis,0.637477860780396,0.000151356882329894
BAD,Lactobacillus acetotolerans,-0.706760573322388,1.26829951470489e-05
BAD,Lacticaseibacillus rhamnosus,-0.637053968190822,0.000153385027009089
BAD,Plasmodium relictum,0.623238726516899,0.000234208320687152
BAD,Pseudocnuella soli,0.692743447322736,2.21134446340166e-05
BAG6,Babesia bovis,0.622062096211873,0.000242581538494882
BAHD1,Blautia sp. SC05B48,-0.64139699162268,0.000133704468468771
BAHD1,Lancefieldella sp. Marseille-Q7238,-0.641505872879401,0.000133241358717657
BAIAP3,Micrococcus lylae,-0.604488260768393,0.000403302908551637
BAP1,Brevundimonas sp. Bb-A,-0.609224965697195,0.000352697034466313
BARD1,Urbifossiella limnaea,-0.658649871689514,7.58435992781262e-05
BAZ1A,Massilia forsythiae,-0.630812126711885,0.000186175712990211
BAZ1A,Pseudomonas putida,-0.645486554307388,0.000117259404959611
BAZ1A,Dermacoccus nishinomiyaensis,-0.617057864460179,0.000281229663818861
BAZ1B,Ligilactobacillus salivarius,0.601557605876405,0.000437726381271236
BAZ1B,Malassezia restricta,-0.735693317766935,3.61718803760051e-06
BCAP29,Massilia putida,-0.622387637665741,0.000240238781719209
BCAP29,Sphingomonas sp. SUN019,-0.607611558931713,0.000369265799949734
BCAP31,Geobacillus thermoleovorans,-0.60180491342284,0.000434724669065239
BCAR1,Sphaerotilus sulfidivorans,-0.600247059679124,0.000453940107771144
BCAS1,Frigidibacter mobilis,-0.65472163092583,8.65631206086055e-05
BCAS3,Methylorubrum extorquens,-0.617263176510803,0.00027954285768913
BCAS4,Tardibacter chloracetimidivorans,-0.664591488859649,6.18724135837803e-05
BCAS4,Acidovorax sp. KKS102,-0.606012132178167,0.000386365253075468
BCCIP,Actinomyces oris,0.683020821242477,3.19478606121379e-05
BCCIP,Pasteurella multocida,0.609366063185524,0.000351279752292881
BCCIP,Porphyromonas gingivalis,-0.615858525850483,0.000291264319072778
BCCIP,Pseudomonas fragi,0.616968742984413,0.000281964667272199
BCL2L1,Candidatus Karelsulcia muelleri,-0.613861389937162,0.000308677852469284
BCL2L11,Malassezia restricta,-0.6002961829193,0.000453322955668463
BCL2L11,Amylolactobacillus amylophilus,0.602136200195354,0.000430732086874941
BCL2L11,Serratia sp. CMO1,0.686557108507262,2.79912485798087e-05
BCL2L13,Aureimonas sp. AU12,0.620801133248728,0.000251848140602871
BCL7B,Ligilactobacillus salivarius,0.655297058068882,8.49129135925337e-05
BCL7B,Streptococcus oralis,-0.636851337474374,0.000154363029735575
BCL7B,Bacillus velezensis,0.627203342751876,0.000207847579553489
BCL7B,Pseudoxanthomonas mexicana,-0.681559840239869,3.37238165679732e-05
BCL7B,Streptococcus sanguinis,-0.670458745700282,5.03798379471301e-05
BCL7B,Lactobacillus acidophilus,0.67491806559187,4.29645781060757e-05
BCLAF1,Aquincola tertiaricarbonis,-0.604968378862739,0.000397897153563953
BCO2,Crinalium epipsammum,0.662743854601709,6.59477842778001e-05
BCO2,Pediococcus pentosaceus,-0.60062329327092,0.00044923217224047
BEAN1,Brucella anthropi,-0.6209079588494,0.000251051125792996
BEST1,Pseudomonas sp. CBS,0.61191977942581,0.000326482972079643
BET1L,Stenotrophomonas sp. BIO128-Bstrain,-0.654787229585391,8.63735639846837e-05
BEX4,Acinetobacter variabilis,0.601963971932938,0.00043280368509611
BHLHE40,Corynebacterium kefirresidentii,-0.62526413037181,0.00022039312808732
BHLHE40-AS1,Pseudoroseomonas cervicalis,-0.608312463182727,0.000361985371528709
BHLHE40-AS1,Sphaerotilus sulfidivorans,-0.62760550013809,0.000205326586775252
BICD2,Xanthomonas campestris,-0.614511523156411,0.00030291079691187
BICDL1,Hydrogenophaga sp. NH-16,0.60095691477154,0.00044509349754152
BICDL2,Candidatus Hodgkinia cicadicola,-0.608379856152591,0.000361292070546655
BICDL2,Vibrio anguillarum,0.60860555769222,0.000358978708124707
BIN1,Bifidobacterium bifidum,0.610135141363089,0.000343642634322455
BIN3,Lactobacillus johnsonii,0.6334463906001,0.000171646893377906
BLCAP,Aspergillus puulaauensis,-0.602193307238788,0.000430047123151501
BMT2,Corynebacterium kroppenstedtii,-0.628101016235088,0.000202257663792345
BMT2,Glutamicibacter protophormiae,-0.670858210330194,4.96717824234156e-05
BNIP2,Pseudomonas putida,-0.651127514566619,9.75332679049542e-05
BNIP2,Cutibacterium acnes,-0.615401797003794,0.000295168133511301
BNIP3,Lactiplantibacillus pentosus,0.648498331479422,0.000106325695881239
BNIP3,Plasmodium relictum,-0.608604968941742,0.000358984725562486
BNIP3L,Comamonas thiooxydans,0.612891818970972,0.000317458811319199
BOK,Niveispirillum cyanobacteriorum,0.683488493767546,3.13973460616236e-05
BORCS6,[Candida] auris,0.61805113948459,0.000273151878222631
BPGM,Limosilactobacillus reuteri,0.672525027808676,4.681241034815e-05
BPTF,Rothia mucilaginosa,-0.600447423402347,0.000451427508321027
BPTF,Paracoccus sp. TOH,-0.703560196736577,1.44394021808833e-05
BPTF,Lactobacillus sp. ESL0785,0.602231151358983,0.000429593735379679
BPTF,Periweissella cryptocerci,0.657653631284916,7.84435788587517e-05
BPTF,Lactobacillus johnsonii,0.604014879315618,0.000408696119301542
BPTF,Amylolactobacillus amylophilus,0.677449216080446,3.92050621574338e-05
BPTF,Enterobacter bugandensis,0.606514461153353,0.000380921139137729
BRAF,Solibacillus silvestris,0.638868642788017,0.000144868870819369
BRAF,Schizosaccharomyces osmophilus,-0.667978113089661,5.49825067879546e-05
BRD4,Candida albicans,-0.602807595688068,0.000422739593992457
BRD7,Bacillus amyloliquefaciens,-0.619577308120133,0.000261140093295019
BRMS1,Staphylococcus pettenkoferi,0.660358802165682,7.15622678635865e-05
BTAF1,Pseudomonas putida,-0.719642871962246,7.3934367707629e-06
BTAF1,Babesia bigemina,-0.628940576451274,0.000197150688500767
BTAF1,Cutibacterium acnes,-0.605253087435213,0.000394721830926142
BTAF1,Malassezia restricta,-0.636967455854328,0.000153801905700254
BTAF1,Cercospora beticola,-0.601903478291284,0.000433533396468784
BTAF1,Nocardioides seonyuensis,-0.686274799091717,2.82901387827935e-05
BTBD1,Paenibacillus polymyxa,-0.632233193924791,0.000178208047176576
BTBD10,Veillonella atypica,-0.636532002765534,0.000155915554702792
BTBD10,Lawsonella clevelandensis,-0.632108594632623,0.000178894341477141
BTBD10,Veillonella rodentium,-0.667831619623028,5.52657112547992e-05
BTBD10,Megasphaera hexanoica,-0.66345616220574,6.43490760633233e-05
BTBD10,Sphaerotilus sulfidivorans,-0.641196689103618,0.000134560164564778
BTBD10,Pelosinus sp. UFO1,-0.682988228330314,3.19865475150401e-05
BTBD10,Veillonella rogosae,-0.600285657503233,0.000453455127819641
BTBD10,Megasphaera stantonii,-0.621190862894819,0.000248951184268393
BTBD6,Enterobacter bugandensis,-0.617011801380539,0.000281609343805312
BTBD6,Periweissella cryptocerci,-0.607852852755751,0.000366744980231237
BTBD6,Corynebacterium ureicelerivorans,0.62745614305421,0.00020625967490712
BTBD7,Sphingomonas profundi,-0.603281258351998,0.000417179904445761
BTBD9,Ustilaginoidea virens,-0.600749047087055,0.000447668194137612
BTF3,Corynebacterium canis,-0.60127752042735,0.000441147981249945
BTF3,Veillonella rogosae,-0.611974223140701,0.000325971604154152
BTN3A2,Massilia putida,-0.605258930372424,0.000394656900043391
BTN3A2,Iamia majanohamensis,-0.636325604988466,0.000156926373705471
BTN3A2,Cryptomonas paramecium,-0.645885023710897,0.000115757644391579
BTN3A2,Schaalia odontolytica,-0.627075423412401,0.000208655196051086
BTN3A2,Leptolyngbya sp. 7M,-0.627522103831331,0.00020584713138886
BUD31,Stenotrophomonas sp. BIO128-Bstrain,-0.658243618344877,7.68944017013498e-05
BX255925.3,Sphingomonas insulae,0.644539799025742,0.000120897320519809
BX322234.1,Fusobacterium vincentii,-0.640280803679496,0.000138535204880699
BX322234.1,Prevotella ruminicola,-0.605608733698976,0.000390786759917394
BX322234.1,Micropruina glycogenica,-0.614170363412287,0.000305925090807089
BZW1,Corynebacterium kroppenstedtii,-0.624026696329255,0.000228745030225321
C11orf96,Pseudocnuella soli,-0.655785452519297,8.35343708302633e-05
C15orf39,Pseudocnuella soli,0.616677360939997,0.00028437962875142
C15orf39,Pseudoroseomonas cervicalis,0.628429884943649,0.000200243374676989
C16orf72,Nocardioides okcheonensis,-0.638000022589972,0.000148891337119291
C17orf107,Nitrosomonas stercoris,0.632567681981467,0.000176377225083179
C19orf33,Cloacibacterium normanense,-0.6996610298885,1.68732530905152e-05
C19orf33,Shigella flexneri,-0.612917974686488,0.000317219064653719
C1GALT1C1,Salmonella bongori,0.617309941520468,0.000279159898653099
C1orf122,Agrobacterium pusense,-0.622169976909346,0.000241802944448738
C1orf210,Rheinheimera mangrovi,0.666059342078577,5.87967296096133e-05
C1orf43,Fusarium musae,-0.634744268843201,0.000164866018540527
C1orf43,Rothia mucilaginosa,-0.651612903225806,9.59828408257742e-05
C1orf68,Enterobacter sp. T2,0.607769549879196,0.000367613531381306
C2CD2,Micropruina glycogenica,0.612960005189013,0.000316834142746868
C3orf62,Lactobacillus johnsonii,0.617520951960659,0.000277437697346308
C3orf80,Xanthomonas albilineans,-0.6334463906001,0.000171646893377906
C3orf80,Pseudomonas fragi,-0.66796577311136,5.50063125722174e-05
C4orf19,Corynebacterium sp. FDAARGOS 1242,0.608151631907149,0.000363644660689979
C4orf3,Lactiplantibacillus pentosus,0.666295884315907,5.83140826011117e-05
C5orf56,Massilia forsythiae,-0.617713665418768,0.00027587304863741
C5orf56,Lactobacillus jensenii,-0.637487879196676,0.00015130923810932
C5orf56,Rhizoctonia solani,-0.720341378002154,7.17421613765849e-06
C5orf56,Leptolyngbya sp. 7M,-0.606424394062144,0.000381892254300975
C5orf56,Staphylococcus pseudintermedius,0.601407914332344,0.000439552132948909
C5orf66,Urbifossiella limnaea,-0.696108403393478,1.94054391989947e-05
C5orf66,Leptolyngbya sp. 7M,-0.697762903228682,1.81865446176452e-05
C6orf120,Niveispirillum cyanobacteriorum,-0.654682473836293,8.66764472792128e-05
C6orf132,Sulfurimicrobium lacus,0.617737855111862,0.000275677203955638
C6orf132,Candidatus Methylospira mobilis,0.645554061071529,0.000117003770436141
C6orf136,Acetilactobacillus jinshanensis,0.630637622479615,0.000187175594047315
C6orf136,Pseudomonas oryzihabitans,-0.643696033524819,0.000124223773063131
C9orf72,Gardnerella piotii,0.620619282388178,0.000253210064295592
C9orf78,Scardovia inopinata,-0.6296163798383,0.000193123254452397
CABP7,Rhizobium leguminosarum,-0.652408118447926,9.34901882676505e-05
CACNB1,Veillonella rogosae,-0.7062978602344,1.29244191543388e-05
CALB2,Iamia majanohamensis,0.604950450701172,0.00039809785618773
CALB2,Tardibacter chloracetimidivorans,0.630875547468614,0.000185813498152416
CALM1,Ilumatobacter coccineus,-0.625581117745559,0.000218297629768155
CALM2,Acinetobacter sp. WY4,0.622033040162247,0.000242791620252053
CALM3,Cardiobacterium hominis,-0.640511307580936,0.000137525086355713
CALML4,Lawsonella clevelandensis,-0.610878905109231,0.000336396738579242
CAMK1D,Haemophilus haemolyticus,-0.637607837045365,0.000150739793023543
CAMKK2,Paracoccus sp. TOH,-0.622265948378319,0.000241112162232482
CAMSAP1,Empedobacter brevis,0.628059356701473,0.000202514102203984
CAMTA2,Arachnia propionica,0.605931313910287,0.0003872475211435
CANX,Sphingomonas insulae,-0.601278637924534,0.000441134282907018
CANX,Rothia mucilaginosa,-0.615127919911012,0.000297531176202573
CAP1,Lactobacillus gasseri,0.660956618464961,7.01163263453134e-05
CAPN14,Sphaerotilus sulfidivorans,-0.689541865515733,2.50001107115057e-05
CAPN15,Achromobacter sp. MFA1 R4,0.633017164133917,0.000173943278525845
CAPN2,Sphaerotilus sulfidivorans,-0.708342184220549,1.18881181591735e-05
CASP10,Fusobacterium vincentii,-0.624785474287536,0.000223591149562337
CASP10,Fusobacterium polymorphum,-0.614341437755984,0.000304410277134919
CASP14,Bacteriovorax stolpii,0.618071755061952,0.000272986419987823
CASP14,Citrobacter sp. S171,0.642857882334006,0.000127608461494075
CASP4,Cardiobacterium hominis,-0.642810343142964,0.000127802873013264
CASP8,Streptococcus suis,0.60247544835331,0.000426677083761215
CAVIN1,Neisseria sp. oral taxon 014,-0.60452196542464,0.000402921317743118
CBLB,Malassezia restricta,-0.665570795207039,5.98048899444314e-05
CBLB,Pseudomonas putida,-0.619821015595442,0.000259265905630674
CBX6,Crinalium epipsammum,-0.631464440363508,0.000182479896302811
CBX6,Mycoplasmopsis felis,-0.681811322042926,3.34119531777049e-05
CC2D1A,Micrococcus lylae,0.708787970972341,1.16723316418831e-05
CCAR2,Pseudomonas putida,-0.665403691658864,6.01532515637602e-05
CCDC120,Vibrio anguillarum,0.638923546728548,0.000144617894528548
CCDC47,Sphingomonas hankookensis,-0.607187790267656,0.000373729980609913
CCDC6,Candidatus Ichthyocystis hellenicum,0.651403319119865,9.66495788507506e-05
CCDC6,Bacillus paralicheniformis,0.623189954849447,0.000234550239476445
CCDC74BP1,Pseudonocardia sp. EC080619-01,0.772504899878873,5.68983818904852e-07
CCDC85B,Gemella morbillorum,0.636551230618379,0.000155821682774304
CCDC88B,Lacticaseibacillus sp. NCIMB 15474,-0.666478096936831,5.79447086955076e-05
CCDC88B,Lactiplantibacillus pentosus,-0.611123470522803,0.000334043794135627
CCDC88B,Lactobacillus crispatus,-0.719243604004449,7.52144036695236e-06
CCDC88B,Lactobacillus apis,-0.664661629841217,6.17222358652382e-05
CCDC88B,Lactobacillus kefiranofaciens,-0.618708624156636,0.000267918465409875
CCDC88B,Geobacillus thermoleovorans,-0.651445318710825,9.65156382506763e-05
CCDC9,Enterococcus faecalis,0.620068430925335,0.000257375391014799
CCDC90B,Brevundimonas sp. Bb-A,-0.61742123238737,0.000278250402533741
CCDC90B,Massilia forsythiae,-0.601324851822016,0.000440568118527675
CCDC96,Malassezia restricta,-0.63793887875748,0.000149178189324452
CCDC96,Epilithonimonas vandammei,-0.610427905548427,0.000340774182586112
CCDC97,Staphylococcus pettenkoferi,0.676233183856502,4.09727888395137e-05
CCL22,Modestobacter sp. L9-4,0.658869356622176,7.52812345344619e-05
CCL22,Nocardioides sp. zg-1228,0.678530711319549,3.76906271991253e-05
CCL3L1,Fenollaria massiliensis,0.636886385673427,0.000154193473443563
CCM2,Stenotrophomonas sp. BIO128-Bstrain,-0.749533413804532,1.87250576517162e-06
CCN1,Pseudomonas putida,-0.636830753766088,0.000154462686853985
CCN1,Lactobacillus sp. ESL0677,0.676061693287243,4.12277401246547e-05
CCN1,Staphylococcus capitis,-0.614922430272308,0.00029931513073187
CCNC,Methylobacterium brachiatum,-0.61641223739703,0.00028659283659707
CCNC,Sugiyamaella lignohabitans,-0.60248491897473,0.000426564366712621
CCND1,Formosa agariphila,0.723351955307262,6.29491172282882e-06
CCND3,Geobacillus thermoleovorans,-0.615700184015921,0.00029261251798829
CCND3,Lactobacillus crispatus,-0.602514187731002,0.000426216182927034
CCND3,Lacticaseibacillus sp. NCIMB 15474,-0.602584155666041,0.000425384853049033
CCNDBP1,Streptococcus dysgalactiae,-0.64145400307485,0.000133461800778949
CCNH,Massilia sp. NP310,-0.605526978024586,0.000391688274566728
CCNI,Paracoccus yeei,-0.642269187986652,0.000130034568661183
CCNJL,Phaeodactylum tricornutum,-0.616497793758081,0.000285876967269776
CCNT2,Pseudoroseomonas cervicalis,-0.660298024977742,7.17107501969755e-05
CCNT2,Limnobacter sp. SAORIC-580,-0.621467785313318,0.00024691071961115
CCNT2,Leptolyngbya sp. 7M,-0.603210645054001,0.000418004628302364
CCPG1,Vibrio anguillarum,-0.650192700068012,0.000100582254076867
CCRL2,Staphylococcus pettenkoferi,0.627109104547824,0.000208442281443412
CCT7,Sphingomonas sp. SUN019,-0.648502665838882,0.000106310638600561
CCT7,Sphingomonas sp. LK11,-0.623278563119587,0.000233929369737957
CCZ1,Actinomyces sp. oral taxon 169,-0.610552199007917,0.000339562785558973
CD151,Lactococcus raffinolactis,-0.668109562573991,5.4729490801025e-05
CD2AP,Sugiyamaella lignohabitans,-0.603391593043917,0.000415894128740902
CD3EAP,Rhizobium leguminosarum,-0.600170741068667,0.000454900392932802
CD3EAP,Segatella copri,-0.639431727823034,0.000142313180527292
CD63,Pseudomonas sp. CBS,0.618198356483849,0.000271972274466219
CD63,Stenotrophomonas sp. BIO128-Bstrain,-0.686779398381504,2.77578996777001e-05
CDC34,Massilia forsythiae,0.682646670105473,3.23945012309328e-05
CDC34,Amylolactobacillus amylophilus,-0.717783289452889,8.00681533598348e-06
CDC34,Acetilactobacillus jinshanensis,-0.665033819917824,6.09307810615635e-05
CDC34,Lactobacillus johnsonii,-0.649833147942158,0.000101777390464093
CDC34,Massilia sp. NP310,0.684762349105669,2.994071475297e-05
CDC34,Cardiobacterium hominis,0.784430933763875,2.90059795652092e-07
CDC34,Pseudomonas putida,0.613379451087953,0.000313015344404972
CDC42EP1,Brevundimonas naejangsanensis,0.604607917029097,0.000401949648549461
CDC42EP3,Staphylococcus pettenkoferi,0.622025906200588,0.000242843225022112
CDC42EP4,Comamonas thiooxydans,-0.608861658588631,0.000356369607337065
CDC42EP4,Porphyromonas gingivalis,0.603536704344774,0.000414208406683106
CDC42EP5,Bifidobacterium sp. ESL0775,0.603963548831861,0.00040928472926741
CDC42SE2,Deinococcus radiopugnans,-0.603346224243269,0.000416422406533907
CDH26,Niveispirillum cyanobacteriorum,-0.642996342483948,0.000127043726691786
CDIP1,Luteitalea pratensis,-0.638969607151995,0.000144407641790665
CDK2,Thermomonospora amylolytica,-0.600048770680749,0.000456438811033045
CDK7,Sphingomonas sp. PAMC26645,0.645622023328677,0.000116746912205418
CDKL5,Sphaerotilus sulfidivorans,-0.610631152425587,0.000338795261279054
CDKL5,Haemophilus influenzae,-0.686817249129063,2.77183401717971e-05
CDKN1A,Pantoea agglomerans,-0.623025447484693,0.000235706798326299
CDKN2A,Sphingomonas paucimobilis,-0.646746824681671,0.000112568076170876
CDKN2A,Sphingomonas hankookensis,-0.601911645396107,0.000433434816577117
CDYL,Streptococcus suis,0.601114827201784,0.000443146288048639
CEACAM5,Cutibacterium modestum,-0.633000458610941,0.000174033202708169
CEACAM6,Pseudoroseomonas cervicalis,-0.600709239723306,0.000448162751563814
CEACAM6,Staphylococcus xylosus,-0.665423714923265,6.01114135701678e-05
CEACAM6,Pseudomonas putida,-0.632554526621782,0.00017644891439992
CEACAM6,Methylobacterium sp. WL1,-0.636296503119515,0.000157069365367096
CEACAM6,Lactobacillus sp. ESL0680,0.657338917846911,7.92812839689488e-05
CEACAM6,Thalassiosira pseudonana,-0.641698572467066,0.000132425235687483
CEACAM6,Bacillus velezensis,0.612013348164627,0.000325604555630016
CEBPZOS,Neisseria subflava,-0.641767667333735,0.000132133689079864
CELF2,Staphylococcus pettenkoferi,0.647681362014404,0.000109197943106931
CENPP,Ottowia sp. oral taxon 894,0.612157916012985,0.00032425146823831
CEP350,Enterococcus faecalis,0.63765864318838,0.000150499188660564
CEP350,Paracoccus contaminans,-0.657624527678133,7.85207141646977e-05
CEP350,Heyndrickxia coagulans,0.643445423196373,0.000125227336745206
CEP85,Peptostreptococcus sp. CBA3647,0.60805648026868,0.000364629493565338
CERK,Frigidibacter mobilis,-0.619570709667045,0.00026119100376843
CERT1,Lactiplantibacillus pentosus,0.6146829810901,0.000301405828571885
CERT1,Streptococcus infantis,-0.601624211087381,0.000436916164223343
CFDP1,Pseudomonas putida,-0.643985238766837,0.000123074554760065
CHAF1A,Cardiobacterium hominis,0.611018269388839,0.000335054138278705
CHCHD1,Aspergillus fumigatus,-0.663091842349332,6.51623800936135e-05
CHCHD10,Sporolactobacillus terrae,-0.600197352196769,0.000454565353221898
CHD4,Acidovorax sp. KKS102,-0.654594300657771,8.69321185605672e-05
CHKA,Ustilaginoidea virens,-0.652760385057758,9.24045481080855e-05
CHKA,Nocardioides sp. zg-1228,-0.603726642661208,0.000412011044801516
CHKA,Pseudomonas putida,-0.684111470733729,3.06772304544905e-05
CHKA,Leptolyngbya sp. 7M,-0.68245508010447,3.26253705182371e-05
CHKA,Nocardioides seonyuensis,-0.632656407227572,0.000175894397124912
CHKA,Schizosaccharomyces osmophilus,-0.652731568481365,9.24929331549422e-05
CHKA,Sphingomonas hankookensis,-0.634855698755047,0.000164295086292747
CHKA,Massilia forsythiae,-0.660131771198598,7.21183242408353e-05
CHMP1B-AS1,Actinomyces sp. oral taxon 169,-0.609082275237057,0.000354135449491554
CHMP1B-AS1,Veillonella parvula,-0.603895414852733,0.000410067180530472
CHMP4B,Sphingomonas insulae,-0.661535255172646,6.87416736940097e-05
CHMP4B,Empedobacter brevis,-0.61569902495827,0.000292622407074437
CHMP4B,Cryptosporidium parvum,-0.62185215888197,0.000244103059463912
CHMP4C,Paenibacillus physcomitrellae,0.635330303583502,0.000161882973497652
CHPT1,Cellulomonas sp. ATA003,-0.683451152424878,3.14409874097478e-05
CHPT1,Haemophilus haemolyticus,-0.606577011881893,0.000380247991654718
CHTOP,Brevundimonas vancanneytii,-0.631906580482282,0.000180012022894788
CHURC1,Hydrogenophaga sp. NH-16,-0.642057142857143,0.000130918439266804
CIB1,Micrococcus yunnanensis,-0.645176186187551,0.000118441114240491
CIB1,Variovorax paradoxus,-0.622940737029262,0.000236304317793788
CINP,Pseudonocardia sp. EC080619-01,0.612519172003515,0.000320891974712329
CINP,Staphylococcus pettenkoferi,0.618383901834578,0.000270491978706598
CIRBP,Fusobacterium hwasookii,0.618894874760215,0.000266452176135144
CLDN1,Tepidimonas taiwanensis,-0.7305374887174,4.57577225006932e-06
CLDN12,Leptotrichia wadei,-0.601741648193021,0.000435490823161856
CLDN4,Scardovia inopinata,0.618417892748579,0.000270221570389176
CLEC7A,Enterococcus faecalis,0.602092804491823,0.000431253234333564
CLEC7A,Staphylococcus pettenkoferi,0.601970630646302,0.000432723429787222
CLIC3,Aquincola tertiaricarbonis,0.652656924691845,9.27222280769092e-05
CLINT1,Aspergillus puulaauensis,-0.611778889631842,0.00032780958473492
CLN3,Pseudoxanthomonas suwonensis,-0.687607135169624,2.69042511882462e-05
CLN6,Nocardioides seonyuensis,-0.633997296725521,0.000168738974839612
CLOCK,Halalkalicoccus jeotgali,-0.728491595186957,5.01584231544372e-06
CLTA,Methylorubrum extorquens,0.612711993323867,0.000319111455402008
CLTC,Staphylococcus pseudintermedius,0.664516129032258,6.20341289918142e-05
CLTC,Olsenella timonensis,0.658445172236845,7.63714559435449e-05
CLU,Massilia forsythiae,-0.622211428324566,0.000241504371270928
CLU,Amylolactobacillus amylophilus,0.601607025277894,0.000437125093864039
CLU,Massilia sp. NP310,-0.640403812343386,0.000137995336274185
CMIP,Lactiplantibacillus pentosus,0.688987764182425,2.55326888778847e-05
CMIP,Lactobacillus apis,0.623189954849447,0.000234550239476445
CMIP,Rothia dentocariosa,-0.612903225806452,0.000317354235112394
CMIP,Haemophilus parainfluenzae,-0.615127919911012,0.000297531176202573
CMIP,Ligilactobacillus murinus,0.621632338268185,0.00024570526004958
CMTM6,Geobacillus thermoleovorans,-0.600218233801763,0.000454302601650806
CNBP,Candidatus Hodgkinia cicadicola,0.619546887286082,0.000261374878850595
CNGA1,Haemophilus influenzae,-0.641645348606773,0.000132650204304657
CNGA1,Cutibacterium acnes,-0.600190882036098,0.000454646793900198
CNGA1,Nocardioides seonyuensis,-0.633343037265037,0.000172197365314736
CNKSR1,Candidatus Fukatsuia symbiotica,0.610548886731936,0.00033959501848889
CNNM2,Granulicatella elegans,0.603568947326459,0.000413834666966461
CNNM3,Ustilaginoidea virens,-0.619925820878444,0.000258463587305447
CNNM3,Pseudomonas putida,-0.623090625970562,0.000235247962231904
CNOT4,Leishmania mexicana,-0.61258121454722,0.000320318116133919
CNOT4,Pochonia chlamydosporia,-0.654726819315348,8.65481145243202e-05
CNOT4,Bacillus velezensis,0.631961638135021,0.00017970679339987
CNOT4,Amylolactobacillus amylophilus,0.704589225303221,1.38521680685235e-05
CNOT8,Stenotrophomonas sp. 59,-0.676980983477376,3.9877470768784e-05
CNOT9,Lawsonella clevelandensis,-0.663194854162513,6.4931491753671e-05
COL18A1,Niveispirillum cyanobacteriorum,-0.611640693235256,0.000329115460515668
COL6A1,Simonsiella muelleri,0.604441442617568,0.000403833493975417
COMMD5,Staphylococcus pettenkoferi,0.632869995507104,0.00017473689343907
COP1,Candidatus Liberibacter africanus,-0.605664626931792,0.000390171482661286
COPA,Lactobacillus sp. ESL0785,0.610678531701891,0.000338335412430923
COPA,Staphylococcus warneri,-0.649388209121246,0.000103273851490117
COPA,Neisseria elongata,-0.612933519098794,0.000317076658371828
COPB1,Sugiyamaella lignohabitans,-0.611784772799361,0.000327754093939557
COPB1,Sphaerotilus sulfidivorans,-0.635213302126635,0.000162474677423891
COPB2,Actinomyces sp. HMT 175,-0.640538479806978,0.000137406444237295
COPB2,Massilia sp. NP310,-0.63451070900496,0.000166068426307155
COPB2,Brevundimonas sp. Bb-A,-0.625702262728152,0.000217501456032849
COPB2,Massilia forsythiae,-0.658869356622176,7.52812345344619e-05
COPB2,Cardiobacterium hominis,-0.662122241863997,6.7371820539e-05
COPB2,Pseudomonas putida,-0.628095206730194,0.000202293407353914
COPB2,Microlunatus phosphovorus,-0.63512518546546,0.000162921571284668
COPE,Acidovorax temperans,0.632181904950392,0.000178490263950247
COPS9,Verrucomicrobium spinosum,-0.611788313725962,0.000327720699463241
COPS9,Sphingomonas sp. SUN019,-0.664899260686393,6.12158658492709e-05
COQ9,Pseudomonas oryzihabitans,-0.627876523425191,0.000203642958568627
CORO1A,Brevundimonas sp.,0.61291700188972,0.000317227978569087
COX17,Staphylococcus pettenkoferi,0.653114550650665,9.13243973189055e-05
COX5A,Fusobacterium canifelinum,-0.678716269994149,3.74361196601622e-05
COX6A1,Streptococcus pyogenes,0.618533767316168,0.000269301548616198
CPEB3,Shigella flexneri,-0.639198614589469,0.00014336631591979
CPEB4,Sphingomonas sp. PAMC26645,-0.61324488828712,0.000314236000593308
CPEB4,Methylobacterium sp. WL1,-0.657506386556832,7.88345271247856e-05
CPEB4,Comamonas aquatica,-0.610682484236305,0.000338297075257038
CPEB4,Pseudomonas putida,-0.655297058068882,8.49129135925337e-05
CPEB4,Sugiyamaella lignohabitans,-0.602258250457433,0.00042926933619305
CPEB4,Aspergillus puulaauensis,-0.718710123751482,7.69559092014839e-06
CPEB4,Thalassiosira pseudonana,-0.614045013356864,0.00030703925495401
CPM,Neisseria sp. oral taxon 014,-0.64913469401984,0.000104135234057706
CPNE1,Neisseria sp. oral taxon 014,0.604441794478911,0.000403829504071308
CPNE3,Aspergillus fumigatus,0.61550432315433,0.00029428780418228
CPPED1,Cardiobacterium hominis,-0.612463073724198,0.000321411633996754
CPSF2,Corynebacterium canis,-0.664442206760615,6.21931262967361e-05
CPSF2,Peptoniphilus ivorii,-0.614720064812023,0.000301081197776627
CPSF7,Truepera radiovictrix,-0.601803804262262,0.000434738090975893
CPT1A,Acinetobacter pittii,0.64490077808593,0.000119498577571235
CPTP,Amylolactobacillus amylophilus,-0.65323843551759,9.09492330681552e-05
CPTP,Sphingomonas insulae,0.611063900554569,0.000334615568850838
CPTP,Rothia mucilaginosa,0.672080088987764,4.75609047031578e-05
CPTP,Pochonia chlamydosporia,0.671936468123661,4.78047852225637e-05
CPTP,Cardiobacterium hominis,0.686721922377694,2.78180672632864e-05
CPTP,Cutibacterium acnes,0.675194660734149,4.25386119584199e-05
CR1,Paracoccus sp. TOH,-0.64320644683235,0.000126191023924177
CRCP,Talaromyces marneffei,-0.664704177002339,6.16312975929889e-05
CRCT1,Sphaerotilus sulfidivorans,0.616659596546613,0.00028452744909223
CRCT1,Pseudomonas putida,0.624973682806082,0.000222328809148211
CREB1,Lactobacillus gasseri,0.62164868556884,0.000245585790255929
CREB1,Deinococcus radiopugnans,-0.643608005448464,0.000124575461359978
CREB1,Sphingomonas insulae,-0.626841552558649,0.000210138930705636
CREBBP,Aerococcus urinaeequi,-0.657800265456585,7.80559715768359e-05
CREBBP,Fusobacterium polymorphum,0.709883417594467,1.11569750814756e-05
CREBRF,Vibrio anguillarum,-0.62415461348608,0.00022786886640305
CREBRF,Marmoricola scoriae,-0.623216580806714,0.00023436352070666
CREBRF,Marasmius oreades,-0.6413126428157,0.000134064216555559
CREM,Staphylococcus pettenkoferi,0.63195067264574,0.00017976754739995
CRIPT,Corynebacterium urealyticum,-0.615643409253863,0.000293097267993547
CRIPT,Corynebacterium glaucum,-0.632265798156591,0.00017802884886553
CRISP3,Lactiplantibacillus pentosus,0.708120133481646,1.19969379077686e-05
CRNN,Lactiplantibacillus pentosus,0.65027808676307,0.000100300275949163
CRNN,Acinetobacter pittii,0.636929922135706,0.000153983083035366
CRNN,Lactococcus cremoris,-0.604294141018242,0.000405506865644156
CRY1,Bacillus velezensis,0.602004827608131,0.000432311471527115
CRY1,Lawsonella clevelandensis,-0.66414295076857,6.28405141133026e-05
CRY1,Pseudoroseomonas cervicalis,-0.647440374574629,0.000110058283135893
CRYAB,Lactobacillus amylolyticus,0.604961623500958,0.000397972768173495
CRYAB,Lactobacillus apis,0.723524652410181,6.24755636818449e-06
CSDE1,Latilactobacillus curvatus,0.615342888589182,0.000295674996551898
CSF1,Pseudonocardia sp. EC080619-01,0.641409689642396,0.000133650385758033
CSF2RB,Paenibacillus polymyxa,0.607011719979138,0.000375598748634723
CSK,Lactobacillus amylovorus,-0.668229085754488,5.45003347947465e-05
CSRNP1,Solibaculum mannosilyticum,-0.639371959565872,0.000142582537908539
CST6,Neisseria macacae,0.623510998609882,0.000232307628572212
CSTB,Lactobacillus crispatus,0.655172413793103,8.52679681242529e-05
CSTF2,Citrobacter sp. S171,0.65922688786646,7.43731316951611e-05
CTCF,Enterobacter sp. T2,-0.64711486813891,0.000111229941019579
CTCF,Marmoricola scoriae,-0.64780655783858,0.000108753354199707
CTCF,Friedmanniella luteola,-0.610402179264743,0.000341025393966682
CTNND1,Sphaerotilus sulfidivorans,-0.608621671051912,0.000358814052987281
CTNND1,Massilia sp. LPB0304,-0.647963999804898,0.000108196542773807
CTSD,Lacticaseibacillus sp. NCIMB 15474,-0.67123355963349,4.90145965496301e-05
CTSD,Geobacillus thermoleovorans,-0.647365285399484,0.000110327586555918
CTSL,Amylolactobacillus amylophilus,0.633320287717429,0.00017231874229212
CTSL,Heyndrickxia coagulans,0.61843863084222,0.000270056709890129
CTSL,Stenotrophomonas sp. BIO128-Bstrain,-0.613633220911931,0.000310724726745856
CTSL,Methylobacterium sp. FF17,-0.633337121740417,0.000172228919451583
CTSV,Geobacillus thermoleovorans,0.638525213224912,0.000146447554876501
CTTNBP2NL,Comamonas thiooxydans,0.658105149878666,7.72555170236806e-05
CUL3,Actinomyces sp. HMT 175,-0.618798349283728,0.00026721120034919
CXCR3,Micrococcus sp. KBS0714,0.638310908801897,0.000147440403185127
CXorf38,Massilia forsythiae,-0.652484496645923,9.32538401275735e-05
CXorf38,Fusarium oxysporum,-0.665781991850601,5.93671867407744e-05
CXorf38,Cardiobacterium hominis,-0.64060587956636,0.000137112549311537
CXorf56,Sphaerotilus sulfidivorans,-0.637280554501273,0.000152297924989585
CXXC1,Fusobacterium vincentii,-0.641693415800402,0.000132447017226252
CXXC1,Fusobacterium canifelinum,-0.626556765413493,0.000211958314415642
CYB5R4,Staphylococcus pettenkoferi,0.667808635650529,5.53102625353986e-05
CYCS,Staphylococcus warneri,-0.61843863084222,0.000270056709890129
CYCS,Xanthomonas campestris,-0.63377673477164,0.000169897902794398
CYCS,Salmonella bongori,0.67812865497076,3.82474017141279e-05
CYFIP1,Pseudoroseomonas cervicalis,-0.631573463267606,0.000181868595758362
CYHR1,Pseudoroseomonas cervicalis,0.61899914997178,0.000265634356487305
CYLD,Citrobacter freundii,-0.624594467115545,0.000224878749820569
CYP2T1P,Corynebacterium kroppenstedtii,0.604004449388209,0.000408815659489756
CYP4F3,Candidatus Karelsulcia muelleri,0.687472185135737,2.70417982002656e-05
CYTOR,Sphingomonas paucimobilis,-0.60194361311576,0.000433049144681583
CYTOR,Corynebacterium glucuronolyticum,-0.630091315485621,0.000190336720389326
CYTOR,Staphylococcus equorum,0.611410829115313,0.00033129772399559
DAAM1,Salmonella bongori,0.614149511440577,0.000306110183761626
DAB2IP,Bacillus subtilis,0.607471626355258,0.000370734683657427
DAG1,Corynebacterium fournieri,0.626486932029756,0.000212406576220499
DAG1,Corynebacterium stationis,0.626167319672898,0.000214468915889707
DAG1,Corynebacterium canis,0.684820518248209,2.98756704837302e-05
DAG1,Corynebacterium glaucum,0.639768632343879,0.000140803297458261
DAP3,Pseudoclostridium thermosuccinogenes,0.640503888768444,0.000137557494948216
DAP3,Azospirillum baldaniorum,0.603162693630664,0.000418565493252056
DAPK2,Lacticaseibacillus sp. NCIMB 15474,-0.620350108779234,0.000255237936054245
DAPP1,Methylorubrum extorquens,-0.616141351495456,0.000288869867133699
DARS,Candidatus Hodgkinia cicadicola,0.634581300395177,0.000165704190801435
DAXX,Streptomyces sp. HUAS CX7,-0.608388501024087,0.000361203221843516
DBNL,Lactobacillus amylovorus,-0.628095206730194,0.000202293407353914
DBNL,Lactiplantibacillus plantarum,-0.634260289210234,0.000167366276421219
DBNL,Bacillus altitudinis,-0.644938820912125,0.000119352009132332
DBNL,Bacillus velezensis,-0.61245828698554,0.00032145600975249
DBNL,Lactobacillus acidophilus,-0.66273637374861,6.5964760897434e-05
DCAF10,Veillonella sp. S12025-13,0.605557120200811,0.000391355685425775
DCAF12,Fusobacterium pseudoperiodonticum,-0.633879882710243,0.000169355042192042
DCAF8,Neisseria sp. oral taxon 014,0.667901371575334,5.51307029899281e-05
DCTN1,Paracoccus stylophorae,0.641289978087107,0.000134161028330399
DCTN4,Planktothrix agardhii,0.642516789873595,0.000129009206246967
DCTN4,Bacillus sp. 7D3,0.677941174239674,3.85095376310181e-05
DCTN6,Agrobacterium pusense,-0.692481703863934,2.23376711593447e-05
DCTN6,Malassezia restricta,-0.643864256052987,0.000123554149264561
DCUN1D1,Neisseria meningitidis,-0.604834085319065,0.000399402718156289
DCUN1D1,Ligilactobacillus ruminis,0.606060741461964,0.000385835454999725
DCUN1D1,Neisseria mucosa,-0.615973156327578,0.000290291730306136
DCUN1D3,Gardnerella piotii,0.624063387444078,0.000228493411058531
DDA1,Roseomonas haemaphysalidis,0.643576216868167,0.000124702680088008
DDAH2,Sphingomonas sp. PAMC26645,0.60446464827585,0.000403570429678353
DDAH2,Neisseria sp. oral taxon 014,0.608119300708493,0.000363979029486791
DDAH2,Acinetobacter junii,0.630336580442219,0.00018891171940426
DDOST,Pseudomonas oryzihabitans,-0.625805567974146,0.000216824560373394
DDTL,Nocardioides sambongensis,-0.634413377455134,0.000166571800766085
DDX17,Massilia sp. WG5,-0.655455038734117,8.44647937383803e-05
DDX19B,Botrytis cinerea,-0.607550253641844,0.000369908693197526
DDX19B,Ascochyta rabiei,-0.620059020217055,0.000257447074932718
DDX19B,Fusarium musae,-0.668638241481596,5.3722360241488e-05
DDX23,Gemmata obscuriglobus,-0.675371948421929,4.22675748257301e-05
DDX5,Leptospira kobayashii,-0.625142017367425,0.000221205120318851
DDX52,[Ruminococcus] gnavus,0.628587443946188,0.000199284659306875
DDX60L,Rothia mucilaginosa,-0.601785219369824,0.000434963040397149
DECR1,Acinetobacter sp. WY4,0.665249496124306,6.04763110554288e-05
DEFB4A,Abyssicoccus albus,-0.607625083435767,0.000369124104695513
DEK,Massilia forsythiae,-0.659662543913755,7.32798196541956e-05
DENND1C,Staphylococcus pettenkoferi,0.616031390134529,0.00028979874320267
DENND2C,Massilia sp. REN29,-0.618336792703891,0.000270867142359779
DENND2C,Massilia sp. LPB0304,-0.628291468501524,0.00020108898375682
DENND2D,Corynebacterium matruchotii,-0.653959262101405,8.8793457128259e-05
DENND2D,Pseudomonas psychrotolerans,-0.615396721245823,0.000295211776363247
DENND3,Cardiobacterium hominis,-0.601013306818024,0.000444397266654289
DENND3,Limosilactobacillus portuensis,-0.608082408837856,0.000364360896151973
DENND5A,Brevundimonas sp. Bb-A,-0.607096476724841,0.000374698134006736
DENND5A,Enterococcus faecalis,0.615526756078025,0.000294095496220236
DERA,Sphaerotilus sulfidivorans,-0.605457379279894,0.000392457180619078
DGAT1,Xanthomonas campestris,0.638994053959455,0.000144296159466134
DGAT1,Lactobacillus apis,-0.605352675283094,0.000393616427138133
DGAT1,Latilactobacillus curvatus,-0.613097111623528,0.000315581368163556
DGAT1,Salmonella bongori,-0.6202636065142,0.000255892662880689
DGAT2,Bacillus paralicheniformis,-0.623189954849447,0.000234550239476445
DGCR2,Prevotella bivia,0.641379310344828,0.000133779808015352
DGKZ,Geobacillus thermoleovorans,-0.615311893490598,0.000295941995142285
DGLUCY,Staphylococcus pettenkoferi,0.637249516176868,0.000152446432988459
DHRS1,Brevundimonas vancanneytii,0.613206262771768,0.000314587159416857
DHRS1,Pedobacter roseus,0.62030096900702,0.000255609687826217
DHRS11,Neisseria sp. oral taxon 014,0.670664408464137,5.00141789918958e-05
DHRS11,Bifidobacterium sp. ESL0775,-0.629396841247557,0.000194423511955502
DHRS13,Cryptomonas paramecium,-0.630650602113281,0.000187101059181011
DHRS13,Acinetobacter ursingii,-0.613598494562958,0.00031103730173399
DHX15,Neobacillus sp. PS2-9,0.612277483356146,0.000323136129802789
DHX35,Pseudoroseomonas cervicalis,-0.615126816360194,0.000297540731497261
DHX35,Methylobacterium sp. WL1,-0.735808553694222,3.59801275363674e-06
DHX35,Pseudocnuella soli,-0.600545704991187,0.00045019952357546
DHX35,Sphingomonas sp. PAMC26645,-0.6275930428658,0.000205404268586444
DHX40,Anaerobutyricum hallii,-0.639635439480545,0.000141398508691489
DIP2A,Paracoccus sp. TOH,-0.606038622427604,0.000386076453335781
DIP2A,Phaeodactylum tricornutum,-0.638857401949671,0.000144920302530771
DIP2A,Rhizoctonia solani,-0.608651853107916,0.000358505815587268
DIPK2A,Janthinobacterium sp. 17J80-10,-0.619156545651231,0.000264404125042405
DIPK2A,Deinococcus ficus,-0.645456367563132,0.000117373876829618
DLG3,Gemmata obscuriglobus,-0.743849756421235,2.46615500771652e-06
DLG3,Aspergillus fumigatus,-0.60131550124599,0.000440682620315304
DLGAP1-AS1,Stenotrophomonas sp. BIO128-Bstrain,-0.613605227642741,0.000310976674969881
DMPK,Lacticaseibacillus sp. NCIMB 15474,0.602950414083297,0.00042105640353078
DMTN,Flavisolibacter ginsenosidimutans,-0.684510668260143,3.02236080575821e-05
DMWD,Fusarium musae,0.716164994425864,8.57754457072002e-06
DMWD,Fulvia fulva,0.61497339942464,0.000298871763386566
DNAH17,Staphylococcus pettenkoferi,0.634540390162179,0.000165915191767294
DNAJA2,Friedmanniella luteola,-0.626641481575137,0.000211415645565872
DNAJA2,Nocardioides sp. S5,-0.670674933023299,4.99955308181979e-05
DNAJA2,Roseomonas haemaphysalidis,-0.647934991449381,0.000108298942945397
DNAJA4,Sphaerotilus sulfidivorans,-0.612457578955252,0.000321462574050458
DNAJB1,Scardovia inopinata,0.600332560385501,0.000452866409584933
DNAJB12,Bacillus paralicheniformis,-0.612041655120477,0.000325339223714014
DNAJB6,Fusobacterium sp. oral taxon 203,-0.635744253315999,0.000159804864909939
DNAJB6,Fusobacterium pseudoperiodonticum,-0.609525906426818,0.000349680251473317
DNAJB9,Streptococcus sanguinis,-0.622298090871129,0.000240881198380002
DNAJC14,Stenotrophomonas sp. BIO128-Bstrain,-0.616433032527499,0.000286418693382593
DNASE1L1,Staphylococcus pettenkoferi,0.607006093153169,0.000375658606144526
DOCK2,Paracoccus sp. TOH,-0.629145485354636,0.000195921742611836
DOCK2,Lactobacillus johnsonii,0.612416586803464,0.000321842822910858
DOCK5,Staphylococcus pettenkoferi,0.691897615649791,2.28454169753123e-05
DOCK6,Enterococcus faecalis,-0.659688605022302,7.32148744091434e-05
DOCK8,Lactobacillus paragasseri,0.621871990609765,0.000243958968465928
DOCK9,Haemophilus influenzae,-0.610586190328487,0.000339232160093602
DOCK9,Pseudoroseomonas cervicalis,-0.608711075457014,0.000357901680383665
DOK4,Aeromonas salmonicida,0.655783167541444,8.35407736576711e-05
DOK4,Abyssicoccus albus,-0.612552378620281,0.000320584719332142
DPM2,Bacillus sp. 7D3,0.638588840967669,0.000146153920875691
DPY30,Fenollaria sporofastidiosus,0.615195966536158,0.00029694250603234
DPYD,Candidatus Hodgkinia cicadicola,0.61064699193122,0.000338641466470304
DPYD,Aquincola tertiaricarbonis,-0.606636447358219,0.00037960934203475
DRAP1,Enterococcus faecalis,0.634705228031146,0.00016506646788973
DSC2,Enterococcus faecalis,0.686549074087028,2.79997155673367e-05
DSG3,Undibacterium parvum,0.600821486191678,0.000446769461103293
DSG3,Pseudomonas fragi,-0.608459140069887,0.000360477942952688
DSP,Lactiplantibacillus pentosus,0.644938820912125,0.000119352009132332
DSP,Lacticaseibacillus rhamnosus,0.631662662643465,0.000181369799723757
DSP,Staphylococcus condimenti,0.619622498936177,0.000260791658783104
DTX2,Corynebacterium kroppenstedtii,0.622246941045606,0.000241248834022878
DTX2,Citrobacter freundii,0.675513476060484,4.20523183679384e-05
DUOX2,Massilia sp. LPB0304,-0.601241737959384,0.000441586802944641
DUOX2,Sphaerotilus sulfidivorans,-0.669910852949009,5.13656635998706e-05
DUOXA1,Paracoccus sanguinis,0.611594972072295,0.000329548509523687
DUOXA2,Paracoccus sanguinis,0.61296370382628,0.000316800289815492
DUS1L,Tessaracoccus defluvii,-0.615037293442218,0.000298316786204728
DUSP18,Talaromyces rugulosus,-0.603584636895314,0.000413652911231821
DUSP2,Pseudoroseomonas cervicalis,0.607386617420211,0.000371629545042079
DUSP22,Methylobacterium brachiatum,-0.675004540392619,4.28309954835612e-05
DUSP22,Capillimicrobium parvum,-0.668376451818457,5.42189779960441e-05
DUSP8,Ligilactobacillus ruminis,-0.649721293199554,0.000102151762026948
DVL2,Bacillus paralicheniformis,0.607582335228888,0.000369572138516681
DVL3,Pseudonocardia sp. EC080619-01,0.609952298282894,0.000345444895706651
DVL3,Lactobacillus paragasseri,0.617986119991522,0.00027367429846364
DYNC1I2,Flavobacterium sp. K5-23,0.60767563414561,0.000368594913323649
DYNC1LI2,Veillonella rogosae,-0.603484266315195,0.000414816869861642
DYNLL1,Brevundimonas albigilva,-0.608697877007143,0.000358036241676353
DYNLL1,Anaerobutyricum hallii,-0.627020928810582,0.000209000090900535
ECHDC2,Mycoplasmopsis felis,0.721079757940422,6.94887226900023e-06
ECHDC2,Lacticaseibacillus sp. NCIMB 15474,0.656967171543512,8.02810740233851e-05
ECI1,Tessaracoccus defluvii,-0.686860592488104,2.76731022137709e-05
ECPAS,Dermacoccus nishinomiyaensis,-0.662037962215052,6.75669933862702e-05
EDC3,Lactobacillus panisapium,0.600737992357856,0.000447805487272282
EDC3,Streptococcus oralis,-0.624006054291082,0.000228886696410688
EDN2,Actinomyces sp. HMT 175,0.607663160479137,0.000368725431949732
EEF1A2,Scheffersomyces stipitis,0.630644507034862,0.000187136056569497
EEPD1,Corynebacterium ihumii,0.609003845264036,0.000354928279551317
EFNA5,Lactobacillus acidophilus,0.639885224328692,0.000140284101345713
EFNA5,Lactiplantibacillus pentosus,0.635351853982757,0.000161774197004517
EFNA5,Lactobacillus amylovorus,0.629046119719064,0.000196516839180938
EFNA5,Fusarium oxysporum,-0.633673489385508,0.000170442822765263
EFNA5,Ligilactobacillus salivarius,0.718312531313363,7.8277379349751e-06
EFNB1,Citrobacter sp. S171,-0.604571428571429,0.000402361892032021
EFNB2,Candidatus Methylospira mobilis,0.703408202975614,1.45280128192754e-05
EFNB2,Bacillus altitudinis,0.604718510835193,0.000400702443660282
EFNB2,Mycoplasmopsis cynos,0.607305086978946,0.000372489579657873
EGR3,Staphylococcus pettenkoferi,0.629708520179372,0.000192579838369546
EHD1,Veillonella parvula,0.708880550979055,1.16279623553389e-05
EHD3,Lactobacillus amylovorus,-0.602009303507585,0.000432257577597088
EHMT2,Comamonas aquatica,-0.602081242498368,0.000431392178288816
EHMT2,Pseudoclavibacter sp. Marseille-Q3772,0.607052434972825,0.000375165878060424
EI24,Latilactobacillus curvatus,0.657114340150345,7.98839356014633e-05
EIF1AD,Delftia sp. HK171,-0.638432179610783,0.000146877836980655
EIF2AK1,Limosilactobacillus pontis,-0.646263522347135,0.00011434702859079
EIF2S3,Limosilactobacillus reuteri,0.652793298593899,9.23036891319621e-05
EIF3H,Agrobacterium tumefaciens,-0.657901107839266,7.77904011957133e-05
EIF3J,Stenotrophomonas sp. BIO128-Bstrain,-0.605813901401673,0.000388532443842684
EIF4B,Lactiplantibacillus pentosus,0.616462736373749,0.000286170108831745
EIF4EBP1,Advenella alkanexedens,0.621221624819202,0.000248723784607141
EIF4EBP2,Lactiplantibacillus paraplantarum,0.600712278521968,0.000448124981272546
EIF4EBP2,Lactobacillus amylovorus,0.688741957255793,2.57721908071795e-05
EIF4EBP2,Candida albicans,-0.634013165599247,0.000168655864214955
EIF4G2,Nocardioides okcheonensis,-0.634136282861948,0.000168012291566903
EIF4G2,Sugiyamaella lignohabitans,-0.63308516880979,0.000173577641600474
EIF4H,Massilia sp. LPB0304,-0.627307841936355,0.000207189883684308
EIF5,Veillonella rogosae,-0.641843056783898,0.000131816233716295
EIF5B,Cutibacterium acnes,-0.621633713935479,0.000245695204377287
ELF1,Candidatus Karelsulcia muelleri,0.614802482795152,0.000300360817607074
ELL2,Fusarium graminearum,-0.645145024836325,0.0001185603427919
ELL2,Babesia microti,-0.68606302220131,2.85162297409113e-05
ELMSAN1,Rothia dentocariosa,-0.615861662245918,0.000291237669856543
ELOF1,Streptococcus pseudopneumoniae,0.678884556243807,3.72066348334568e-05
ELP5,Fusobacterium nucleatum,-0.616378078769443,0.000286879092051629
EMC10,Arachnia propionica,0.728138088969544,5.09564116836651e-06
EMC2,Citrobacter sp. S171,0.659703132828462,7.31786928852028e-05
EMC2,Bacillus atrophaeus,0.622125182939663,0.000242125961366525
EMC2,Salmonella bongori,0.642224929654599,0.000130218611749312
EMC7,Morococcus cerebrosus,0.605129036617364,0.000396102597498938
EME2,Cutibacterium acnes,0.649388209121246,0.000103273851490117
EME2,Pseudomonas putida,0.634338254578417,0.000166961243395178
EME2,Cardiobacterium hominis,0.65568494229032,8.38164287045985e-05
EME2,Pochonia chlamydosporia,0.660707583295391,7.0715468667893e-05
EME2,Listeria innocua,-0.613097111623528,0.000315581368163556
EME2,Corynebacterium durum,0.673714734007409,4.48625326966208e-05
EME2,Cutibacterium modestum,0.63701384651337,0.000153578237132524
EME2,Neisseria macacae,0.608539007163788,0.000359659464718722
EME2,Lactobacillus sp. ESL0680,-0.604563159154043,0.000402455371014639
EME2,Amylolactobacillus amylophilus,-0.692855621726153,2.20179690145844e-05
EMP1,Pseudocnuella soli,-0.637622120834347,0.00015067211429028
EMP1,Pseudoroseomonas cervicalis,-0.615284011952559,0.000296182354938997
ENC1,Carnobacterium maltaromaticum,0.714588923164028,9.16837260458704e-06
ENC1,Aeromonas caviae,0.636376933885046,0.000156674451640347
ENPP4,Agrobacterium pusense,-0.611860822495437,0.000327037529965767
EP300,Methylobacterium sp. WL1,0.601830442533875,0.00043441584316737
EP400,Gemella morbillorum,0.607393558984603,0.000371556402050356
EPB41L3,Lancefieldella sp. Marseille-Q7238,0.649240901795795,0.000103773590124595
EPB41L3,Micropruina glycogenica,0.606882275261377,0.000376977898570551
EPB41L3,Clostridium cellulovorans,0.673319780775992,4.5501628569055e-05
EPB41L3,Sporomusa termitida,0.620894722010788,0.00025114976313024
EPB41L3,Sutterella faecalis,0.606829328978962,0.000377543293431578
EPB41L3,Pseudoclostridium thermosuccinogenes,0.699328735065728,1.70968164455833e-05
EPC1,Salmonella bongori,0.655446276456007,8.4489593012216e-05
EPHB3,Lactobacillus amylovorus,-0.637905710491688,0.000149334001385505
EPN1,Cutibacterium acnes,0.604449388209121,0.000403743404033715
EPN1,Aspergillus puulaauensis,0.707096411372651,1.25103196760455e-05
EPN1,Brevundimonas diminuta,0.603951430877606,0.000409423795643956
ERAP1,Marasmius oreades,-0.672991490572996,4.6039040600131e-05
ERBB2,Paracoccus aestuarii,0.627609568997061,0.000205301219582464
ERCC1,Brevundimonas sp. Bb-A,-0.625451077556442,0.000219155136665568
ERCC1,Kocuria palustris,-0.636040044493882,0.000158334484201835
ERCC1,Micrococcus luteus,-0.622691879866518,0.000238067440770333
ERCC2,Fusobacterium hwasookii,0.72154975630909,6.80878151246285e-06
ERMP1,Lactobacillus amylovorus,0.671796541667758,4.80434676895968e-05
ERN1,Heyndrickxia coagulans,0.676529477196885,4.05356205906965e-05
ERN1,Pseudoxanthomonas suwonensis,-0.625581117745559,0.000218297629768155
ERP29,Leptospira kobayashii,-0.621429307300085,0.000247193350807058
ERV3-1,Massilia sp. LPB0304,-0.623688621995923,0.000231075041823843
ESR1,Lacticaseibacillus rhamnosus,0.602075160742634,0.000431465280411969
ESR1,Gardnerella vaginalis,-0.689386692225903,2.51482421377365e-05
ESYT3,Pseudoxanthomonas suwonensis,-0.673146417290136,4.57847214658042e-05
ESYT3,Xanthomonas albilineans,-0.602309913453952,0.000428651484447049
ESYT3,Staphylococcus sp. T93,0.647542857142857,0.000109691679269074
ESYT3,Latilactobacillus sakei,0.604113911697169,0.000407562617480046
ESYT3,Solibacillus silvestris,0.620869961575572,0.000251334363303614
ETFDH,Xanthomonas campestris,-0.619599291800255,0.00026097054121329
ETNK1,Sugiyamaella lignohabitans,-0.610486228112988,0.000340205280957371
ETNK1,Sphingomonas profundi,-0.601919317155887,0.000433342233673362
ETS1,Listeria monocytogenes,0.647860869095172,0.000108560988664514
ETV3,Agrobacterium pusense,-0.65861373230092,7.59365542687499e-05
ETV3,Pseudomonas oryzihabitans,-0.601127563708349,0.000442989562514853
ETV6,Deinococcus radiopugnans,-0.618478275358528,0.000269741797680458
EVA1B,Pseudoroseomonas cervicalis,0.728144506322586,5.09418238584229e-06
EVC,Cupriavidus metallidurans,-0.610139377611879,0.000343600976752229
EVC,Pseudomonas putida,-0.651843575418994,9.52537571683276e-05
EVI2A,Stenotrophomonas sp. BIO128-Bstrain,-0.600194609183447,0.000454599878285871
EVI5L,Pseudoclavibacter sp. Marseille-Q3772,0.61341966024192,0.000312651410190586
EVPL,Acinetobacter pittii,0.674749721913237,4.32256984461271e-05
EXOC1,Veillonella parvula,-0.619272496904451,0.000263501058303995
FABP3,Corynebacterium maris,0.604843927858006,0.000399292203103495
FAM107B,Pseudoroseomonas cervicalis,-0.611283094085705,0.000332515919970349
FAM110C,Sutterella wadsworthensis,0.62323846957962,0.000234210120814954
FAM122B,Lactococcus cremoris,-0.612303930810826,0.000322889883080558
FAM122B,Lactiplantibacillus pentosus,0.658286985539488,7.67816134649938e-05
FAM122C,Neisseria elongata,-0.603774275446617,0.000411461604355492
FAM131A,Advenella alkanexedens,-0.603439531066176,0.00041533657681395
FAM136A,Pseudomonas oryzihabitans,-0.625340588806018,0.000219886062253368
FAM13A,Aspergillus fumigatus,-0.642333386608463,0.000129768017385925
FAM180A,Blastococcus sp. PRF04-17,0.685209326676437,2.94441522495937e-05
FAM193A,Streptococcus suis,0.65869457931953,7.57287462187651e-05
FAM219B,Lactobacillus amylovorus,-0.669566881721964,5.19933526462638e-05
FAM219B,Staphylococcus condimenti,-0.602231151358983,0.000429593735379679
FAM219B,Lactobacillus apis,-0.606244539261412,0.000383838010554809
FAM219B,Lactiplantibacillus pentosus,-0.625361512791991,0.000219747476453176
FAM219B,Latilactobacillus curvatus,-0.615342888589182,0.000295674996551898
FAM25A,Lactobacillus amylovorus,0.620514362914494,0.000253998793081718
FAM25A,Lysinibacillus timonensis,0.646561381662215,0.000113247725424251
FAM32A,Corynebacterium stationis,-0.620854677546865,0.000251448372554816
FAM3D,Veillonella dispar,-0.600423459875674,0.000451727369027745
FAM3D-AS1,Plasmodium relictum,0.609058305976336,0.000354377583015978
FAM49A,Staphylococcus pettenkoferi,0.611322869955157,0.000332136158042207
FAM49B,Stenotrophomonas sp. BIO128-Bstrain,-0.67061489737265,5.01019898194744e-05
FAM50A,Stenotrophomonas sp. BIO128-Bstrain,-0.702652464484289,1.49759054441311e-05
FAM83A,Corynebacterium kroppenstedtii,0.620467185761958,0.00025435415405333
FAM83D,Pseudoroseomonas cervicalis,-0.602709698656733,0.000423896786024899
FAM83D,Corynebacterium bovis,-0.603568947326459,0.000413834666966461
FAM83D,Sugiyamaella lignohabitans,-0.61223166521849,0.000323563125635112
FAM89B,Rheinheimera sp. MM224,0.608172907744406,0.000363424774221944
FAM89B,Micrococcus luteus,0.606674082313682,0.000379205434224149
FAM89B,Crinalium epipsammum,-0.606819909061993,0.00037764396380079
FAM89B,Lysinibacillus timonensis,-0.661696037067733,6.83640051554498e-05
FAM8A1,Pseudoxanthomonas suwonensis,-0.625686453512683,0.000217605209143342
FAM91A1,Urbifossiella limnaea,-0.602991454656259,0.000420573812725376
FAM98C,Abyssibius alkaniclasticus,0.643444665950369,0.000125230380017963
FASTK,Malassezia restricta,-0.653272863824822,9.08452170376945e-05
FBLN2,Streptococcus dysgalactiae,0.676753836775503,4.02073712016467e-05
FBP1,Sporomusa termitida,-0.673885501923203,4.45887001001934e-05
FBRS,Caulobacter segnis,0.625451077556442,0.000219155136665568
FBRS,Candidatus Ichthyocystis hellenicum,-0.652331574651208,9.37275843063055e-05
FBXL20,Bacillus paralicheniformis,-0.629713248928251,0.000192551986254289
FBXO11,Shinella sp. HZN7,-0.601674312248201,0.000436307581444597
FBXO22,Acinetobacter sp. SWBY1,0.606504464394068,0.000381028817900498
FBXO28,Kingella potus,0.615892396279327,0.000290976644041796
FBXO31,Streptomyces albidoflavus,0.603820982501182,0.000410923469581389
FBXO31,Staphylococcus epidermidis,-0.625605107738997,0.000218139760992131
FBXO32,Bacillus subtilis,0.647163515016685,0.000111054134204431
FBXO32,Brevundimonas albigilva,-0.616309398823341,0.000287455407772398
FBXO33,Tepidimonas taiwanensis,-0.612504491473801,0.00032102789416843
FBXO33,Cupriavidus metallidurans,-0.621131104398294,0.000249393459822932
FBXO33,Candidatus Hodgkinia cicadicola,0.643060498305494,0.000126782810091014
FBXW4,Sphingomonas insulae,0.603653106228239,0.00041286055208143
FBXW5,Amylolactobacillus amylophilus,-0.710661098673821,1.08036482762561e-05
FBXW5,Pochonia chlamydosporia,0.689902683848893,2.46586896097324e-05
FBXW5,Janibacter sp. YB324,0.646015307872777,0.000115270353692788
FCGR1A,Enterococcus faecalis,0.641099095888816,0.000134978846171291
FDFT1,Veillonella atypica,-0.603392159960461,0.000415887531260664
FDFT1,Prevotella intermedia,-0.631955927979491,0.000179738428089717
FDFT1,Megasphaera hexanoica,-0.619512469985379,0.000261640734039804
FDFT1,Prevotella ruminicola,-0.662083575778619,6.74612999699382e-05
FEM1A,[Ochrobactrum] quorumnocens,-0.601632957314555,0.000436809869240323
FGD3,Staphylococcus pettenkoferi,0.611081598094236,0.000334445611090846
FGD5-AS1,Crinalium epipsammum,-0.605466910379581,0.000392351805271077
FGFR1OP2,Massilia forsythiae,-0.607436587820498,0.000371103292276096
FGFR1OP2,Veillonella atypica,-0.619928771110741,0.000258441034159184
FGFR1OP2,Iamia majanohamensis,-0.602404500603106,0.000427522322100726
FHL2,Veillonella dispar,0.611283094085705,0.000332515919970349
FIS1,Lacticaseibacillus sp. NCIMB 15474,0.603705989340925,0.000412249480219206
FKBP1A,Staphylococcus pettenkoferi,0.673818658594848,4.46957071449675e-05
FKBP4,Neobacillus sp. PS2-9,0.614511523156411,0.00030291079691187
FLCN,Pseudomonas sp. CBS,0.62831551612857,0.000200941845922272
FLG,Lactiplantibacillus pentosus,0.607563959955506,0.000369764872841405
FLG-AS1,Lactobacillus sp. IBH004,0.600401237122754,0.000452005603869958
FLG2,Comamonas thiooxydans,0.602409054280022,0.00042746802743274
FLOT2,Xanthomonas albilineans,-0.607389332377344,0.000371600936132395
FLVCR2,Kocuria palustris,-0.622153894129335,0.000241918876168866
FNDC4,Lactobacillus johnsonii,-0.60845383759733,0.000360532340864195
FOXJ2,Bifidobacterium dentium,0.638925017471153,0.000144611176803954
FOXO4,Corynebacterium minutissimum,-0.607472771300983,0.000370722644176375
FRAT2,Porphyromonas endodontalis,0.625376680286858,0.000219647066005867
FRG1,Megasphaera hexanoica,-0.612748995260019,0.000318770778238736
FTH1,Pseudomonas sp. CBS,0.606124169833773,0.000385145105834933
FTH1P10,Paracoccus contaminans,-0.621702894568531,0.000245189986540197
FTSJ1,Lactiplantibacillus pentosus,0.640489432703003,0.00013762066482233
FTSJ1,Ligilactobacillus ruminis,0.623608404477531,0.000231630978187596
FTSJ1,Ligilactobacillus salivarius,0.613793103448276,0.000309289188282674
FTSJ1,Dermabacter jinjuensis,-0.617759080248804,0.000275505462240913
FURIN,Lactobacillus apis,-0.689633821234111,2.49126979915619e-05
FURIN,Jeotgalicoccus sp. ATCC 8456,-0.6670854464043,5.67285674192907e-05
FUS,Sphingomonas insulae,-0.612677096769526,0.00031943304302827
FUT3,Ligilactobacillus ruminis,-0.678174139869315,3.81840460418047e-05
FUZ,Streptococcus suis,-0.632962530544694,0.000174237518963835
FXYD5,Lactobacillus intestinalis,-0.60612134708588,0.00038517580520555
FZD10-AS1,Bacillus paralicheniformis,0.668392258103111,5.41888772931494e-05
G3BP2,Lawsonella clevelandensis,-0.624081818827765,0.000228367105447688
G3BP2,Methylobacterium sp. WL1,-0.613536713884545,0.000311594082208386
G3BP2,Sphingomonas hankookensis,-0.631172639804464,0.000184125026600351
G6PD,Vibrio anguillarum,-0.612423378533832,0.000321779794428341
GAB2,Lactobacillus sp. ESL0785,0.638530462727529,0.000146423309257264
GAB2,Acinetobacter ursingii,-0.613365558609719,0.000313141172618763
GABARAPL1,Sphingomonas insulae,-0.610548886731936,0.00033959501848889
GALM,Abyssicoccus albus,-0.636418110662097,0.000156472615907101
GALNT2,Methylorubrum extorquens,-0.620189039844866,0.000256458242998595
GALNT2,Streptococcus suis,0.611108048272547,0.000334191739780464
GALNT5,Lawsonella clevelandensis,-0.614476995697681,0.00030321466319163
GANC,Brevundimonas sp. PAMC22021,-0.665644842133363,5.96511011694715e-05
GAREM1,Abyssicoccus albus,-0.658241843058503,7.68990219666161e-05
GATAD2A,Staphylococcus pettenkoferi,0.633352790309935,0.000172145352577567
GBA,Granulicatella elegans,0.681607045429252,3.36650791438266e-05
GBP5,Lactobacillus jensenii,-0.68961268204944,2.49327684940089e-05
GBP5,Deinococcus radiopugnans,-0.625631059676994,0.000217969095359534
GBP5,Leptolyngbya sp. 7M,-0.610482387928865,0.000340242713837626
GCAT,Sphingomonas insulae,0.625999301410939,0.000215560176365417
GCH1,Brevibacterium aurantiacum,-0.614495787289393,0.00030304925037151
GCOM1,Mobiluncus sp. Marseille-Q7826,0.623091525413908,0.000235241635970684
GDE1,Marasmius oreades,-0.625712185571789,0.000217436356545681
GET3,Bacteroides salyersiae,-0.62688576398565,0.000209857727661277
GFER,Veillonella rodentium,-0.610673829514929,0.000338381025775037
GFER,Fusarium musae,0.601786089082851,0.000434952511202288
GFER,Streptococcus gordonii,0.662569832402235,6.6343712305869e-05
GFPT1,Streptococcus suis,0.641478190111246,0.000133358967699755
GFPT1,Staphylococcus capitis,-0.672255274236159,4.72649324662621e-05
GGCX,Bacillus halotolerans,0.60777744398989,0.000367531146238238
GGCX,Limosilactobacillus reuteri,0.639448218441248,0.000142238941977936
GGT6,Candidatus Methylospira mobilis,0.667220691147051,5.64608828234069e-05
GHITM,Veillonella rogosae,-0.62275395257584,0.000237626576035687
GID4,Lactobacillus amylovorus,0.605037226411804,0.000397127246470556
GID4,Sporolactobacillus terrae,0.631608178965462,0.000181674323751568
GIPC1,Sphingomonas insulae,0.687800960126951,2.67077943852124e-05
GIPC1,Enterococcus faecalis,-0.638264738598443,0.000147655086060116
GIPC1,Corynebacterium kroppenstedtii,0.608898776418243,0.000355992851242684
GJB6,Staphylococcus warneri,-0.632053962155592,0.000179195996745818
GJB6,Candidatus Methylospira mobilis,0.647366001786691,0.00011032501450098
GK,Enterococcus faecalis,0.62526413037181,0.00022039312808732
GMDS,Lacticaseibacillus sp. NCIMB 15474,0.657918264082844,7.77453002255736e-05
GNAI3,Pseudomonas siliginis,0.612965631338466,0.000316782648925844
GNB2,Lactiplantibacillus pentosus,-0.611123470522803,0.000334043794135627
GNL1,Lachnospira eligens,0.602404006660235,0.000427528211874789
GNL1,Rhodococcus qingshengii,0.634194840599393,0.000167706957741892
GNL3,Acinetobacter pittii,-0.638709677419355,0.000145597715944331
GNLY,Geobacillus thermoleovorans,-0.642182135406003,0.000130396786883818
GNS,Stenotrophomonas sp. BIO128-Bstrain,-0.723528769136676,6.24643145279838e-06
GOLGA4,Malassezia restricta,-0.615080074832685,0.000297945700669827
GOLGA4,Variovorax paradoxus,-0.601854735292295,0.000434122152984695
GOLGA4,Pseudomonas putida,-0.71315153656974,9.73892570400098e-06
GOLGA5,Capillimicrobium parvum,-0.637536306693184,0.000151079121047774
GOLGA5,Pseudomonas putida,-0.604464662179659,0.000403570272107116
GOLM1,Corynebacterium durum,-0.609097608888386,0.000353980628087539
GOLM1,Actinomyces sp. HMT 175,-0.633598148192849,0.000170841445560902
GPAT4,Enterococcus faecalis,0.606690471250571,0.000379029662581858
GPAT4,Corynebacterium kroppenstedtii,-0.617838770979541,0.0002748614947442
GPBP1,Pseudomonas putida,-0.664661629841217,6.17222358652382e-05
GPBP1,Neisseria subflava,-0.602470093712395,0.000426740825021434
GPBP1,Streptococcus parasanguinis,-0.618995818287882,0.000265660452147363
GPBP1,Candidatus Hodgkinia cicadicola,0.644784377647772,0.000119948031426819
GPBP1,Bacillus cereus,0.631145717463849,0.000184277471997289
GPBP1,Aquincola tertiaricarbonis,-0.6020138497944,0.000432202842200707
GPC1,Kocuria palustris,0.607563959955506,0.000369764872841405
GPCPD1,Sphaerotilus sulfidivorans,-0.611384707940715,0.000331546517824587
GPCPD1,Brevundimonas vancanneytii,-0.616025739916046,0.00028984654352907
GPCPD1,Brevundimonas diminuta,-0.698600535716634,1.75960771594392e-05
GPN1,Ligilactobacillus salivarius,0.66680048614969,5.72962941913666e-05
GPN1,Lactiplantibacillus pentosus,0.725655951571045,5.68902349587388e-06
GPN1,Rhizoctonia solani,-0.646557252289541,0.00011326290107388
GPR107,Undibacterium sp. 20NA77.5,0.617822783266501,0.000274990581904636
GPR137,Neisseria sp. oral taxon 014,0.670209121375608,5.08268696427346e-05
GPR137,Tessaracoccus defluvii,-0.693366888223688,2.15874834685824e-05
GPR157,Corynebacterium ihumii,-0.627029329056206,0.000208946893049846
GPR65,Staphylococcus pettenkoferi,0.631982881147846,0.000179589148895382
GPRC5A,Corynebacterium maris,-0.611313555943184,0.00033222504962773
GPS1,Staphylococcus pettenkoferi,0.657154318803805,7.97763552923779e-05
GPX1,Rheinheimera sp. MM224,0.620418911839593,0.000254718231909425
GPX2,Limosilactobacillus mucosae,0.604215852924307,0.000406398718024653
GRB7,Ilumatobacter coccineus,0.607510359498253,0.000370327583468731
GRHL1,Comamonas aquatica,-0.66680048614969,5.72962941913666e-05
GRHL1,Salmonella bongori,0.617982386924225,0.000273704319820037
GRHPR,Comamonas terrigena,0.619016009556813,0.00026550233732173
GRHPR,Acinetobacter towneri,0.616738222155993,0.000283873707729246
GRK2,Lactobacillus crispatus,-0.644938820912125,0.000119352009132332
GRK2,Lactiplantibacillus pentosus,-0.613348164627364,0.000313298777992233
GRK6,Hydrogenophaga sp. NH-16,-0.622882099800797,0.000236718710702618
GRK6,Cryptosporidium parvum,-0.609191244358149,0.000353036501779491
GRK6,Paracoccus sp. TOH,-0.696733785296004,1.89363411614029e-05
GSK3B,Dictyostelium discoideum,-0.608831637459039,0.000356674587428742
GSN,Lacticaseibacillus sp. NCIMB 15474,-0.632238765520882,0.000178177413416684
GSPT1,Neisseria elongata,-0.627482596257588,0.000206094138665717
GSTK1,Roseomonas mucosa,-0.607210998868444,0.00037348426313324
GSTZ1,Pseudomonas oryzihabitans,-0.641904297580095,0.000131558856004832
GTF2A1,Corynebacterium bovis,-0.602075160742634,0.000431465280411969
GTF2A1,Lachnospira eligens,-0.602784232063094,0.000423015510475663
GTF2A1,Anaerostipes hadrus,-0.665874771267088,5.91758088833324e-05
GTF2F1,Penicillium oxalicum,0.606368909501189,0.00038249158278905
GTF2F1,Sugiyamaella lignohabitans,0.627871792911965,0.000203672239784111
GTF2F1,Phocaeicola dorei,0.612402746891812,0.000321971293548897
GTF3C2,Pelosinus sp. UFO1,-0.638073767572336,0.000148546019600004
GTF3C2,Megamonas hypermegale,-0.615555061772822,0.000293853002035168
GTPBP1,Lactobacillus crispatus,-0.612903225806452,0.000317354235112394
GTPBP2,Lactobacillus sp. PV034,-0.602047689293043,0.000431795620670732
GTPBP4,Heyndrickxia coagulans,0.614937901156468,0.000299180492130217
GTPBP4,Citrobacter sp. S171,0.620571428571429,0.000253569534506228
GTPBP4,Schleiferilactobacillus harbinensis,0.70521626220371,1.35049631461356e-05
GTPBP4,Lentilactobacillus buchneri,0.652471032708383,9.32954648394999e-05
GTPBP4,Massilia sp. H6,-0.622051880782614,0.000242655379985076
GTPBP4,Bacillus atrophaeus,0.624068240054657,0.000228460151345071
GUCA2B,Bacillus paralicheniformis,0.614734127829465,0.000300958171019139
GUCD1,Corynebacterium accolens,-0.639884327806839,0.000140288087148032
GULP1,Corynebacterium hadale,0.604284334970887,0.000405618480800796
GULP1,Paracoccus sp. M09,0.609818452676015,0.000346769481199564
GXYLT1,Staphylococcus capitis,-0.607033513816262,0.000375366987790156
GZF1,Methylorubrum extorquens,-0.636695077803399,0.000155121000494512
H1FX,Acidovorax temperans,0.626073479032566,0.000215077795481393
H2AFZ,Leptolyngbya sp. 7M,-0.626996375965306,0.000209155650266558
H3F3A,Staphylococcus pettenkoferi,0.615526756078025,0.000294095496220236
H6PD,Bifidobacterium dentium,0.601007274347038,0.000444471699247145
HADHB,Crinalium epipsammum,0.635232881392655,0.000162375526851648
HARS,Lysinibacillus timonensis,-0.633934535738143,0.000169068031623989
HARS,Lactobacillus kefiranofaciens,-0.613413684281171,0.000312705475114409
HAX1,Nocardioides seonyuensis,-0.691036150851373,2.36132071706709e-05
HAX1,Methylobacterium sp. FF17,-0.663333590201609,6.46216867321088e-05
HDAC1,Aspergillus fumigatus,-0.609050883725959,0.000354452590997921
HDAC11,Leptolyngbya sp. 7M,0.604674697533541,0.00040119613270941
HDAC11,Thalassiosira pseudonana,0.618359923451138,0.000270682878210636
HDAC11,Marasmius oreades,0.660491482787892,7.12390742328857e-05
HDAC3,Sphingomonas sp. SUN019,-0.636631268599319,0.00015543147012845
HDAC3,Nocardioides aquaticus,-0.621718825525364,0.00024507377506426
HDAC3,Enterococcus faecalis,0.664215697852058,6.26825872066988e-05
HDAC6,Candidatus Methylospira mobilis,0.628318191863726,0.000200925480070227
HEATR5A,Bacillus velezensis,0.653047980686555,9.15265623795643e-05
HEATR5A,Methylobacterium brachiatum,-0.622685514680601,0.00023811268974115
HEATR5A,Ustilaginoidea virens,-0.602081242498368,0.000431392178288816
HEATR5A,Pseudomonas putida,-0.602351156594216,0.00042815880934711
HEATR5A,Methylobacterium sp. FF17,-0.605800532943217,0.000388678981946309
HEBP1,Pseudomonas psychrotolerans,-0.631259155803152,0.000183635894623282
HEBP2,Anaerobutyricum hallii,-0.728530047658141,5.00723065877065e-06
HEBP2,Veillonella atypica,-0.670933261268999,4.9539751496554e-05
HECTD3,Geobacillus thermoleovorans,-0.607347427413611,0.000372042727028378
HECTD3,Candidatus Karelsulcia muelleri,0.695671756452228,1.97391299490302e-05
HECTD3,Lactobacillus johnsonii,0.640987587062385,0.000135458644265386
HEIH,Saccharomycodes ludwigii,-0.623835696600091,0.000230058831130693
HEPHL1,Sphingomonas sp. PAMC26645,-0.624768953301911,0.000223702260685155
HERC4,Heyndrickxia coagulans,0.631660922809569,0.000181379517120682
HERC4,Corynebacterium kroppenstedtii,-0.620313720603409,0.00025551317354299
HERPUD1,Listeria monocytogenes,0.628921023359288,0.000197268315164374
HES4,Ureaplasma parvum,-0.719276925779631,7.5106816103911e-06
HEXB,Sphingomonas insulae,-0.66104582858458,6.99028048559555e-05
HIBADH,Mycoplasmoides fastidiosum,0.61887682769319,0.00026659394334765
HILPDA,Acinetobacter sp. SCLZS86,-0.66061700159576,7.09345259304612e-05
HINT1,Planktothrix agardhii,0.636677769762894,0.00015520515988187
HINT3,Veillonella atypica,-0.619069713521024,0.000265082194785437
HINT3,Fenollaria sporofastidiosus,0.638693281625003,0.000145673074594896
HIPK1,Massilia sp. NP310,-0.611953306115308,0.00032616798559745
HIPK1,Massilia sp. LPB0304,-0.63124234819703,0.000183730828763822
HIPK1,Sphaerotilus sulfidivorans,-0.604351523132852,0.000404854269260125
HIPK3,Leptolyngbya sp. 7M,-0.737064000127626,3.39498135230096e-06
HIST1H2BC,Herbaspirillum huttiense,-0.62856520281772,0.000199419744955282
HIST1H2BD,Pseudoclavibacter sp. Marseille-Q3772,0.689336147416278,2.51966629891236e-05
HIST1H4E,Methylobacterium sp. WL1,-0.624023280308479,0.000228768468990532
HIVEP2,Bacillus altitudinis,0.624471635150167,0.000225710240305117
HIVEP2,Rothia dentocariosa,-0.636040044493882,0.000158334484201835
HIVEP2,Kocuria rhizophila,-0.638264738598443,0.000147655086060116
HIVEP2,Lactiplantibacillus plantarum,0.631590656284761,0.000181772359138633
HIVEP2,Heyndrickxia coagulans,0.66496106785317,6.10847700509424e-05
HIVEP2,Corynebacterium matruchotii,-0.63559510567297,0.00016055086843835
HIVEP2,Lactobacillus sp. ESL0785,0.622246941045606,0.000241248834022878
HIVEP2,Bacillus velezensis,0.636040044493882,0.000158334484201835
HK1,Lactobacillus delbrueckii,-0.610950427766877,0.000335707114980692
HK1,Aerococcus christensenii,-0.633676015703398,0.000170429470587506
HLA-DQA1,Buchnera aphidicola,-0.662122905027933,6.73702867977362e-05
HLA-E,Lactobacillus crispatus,-0.751724137931035,1.68067856524101e-06
HLA-E,Lactobacillus apis,-0.628987070708512,0.00019687124008664
HLA-E,Paenibacillus physcomitrellae,-0.616465777072009,0.000286144672707131
HLA-E,Lactobacillus kefiranofaciens,-0.608018194365593,0.000365026421753424
HLA-E,Lacticaseibacillus sp. NCIMB 15474,-0.640323052105204,0.000138349570850017
HLA-E,Mycoplasmopsis felis,-0.611832033049107,0.000327308630155782
HLA-E,Geobacillus thermoleovorans,-0.756166173701919,1.34532296986429e-06
HLA-E,Solibaculum mannosilyticum,-0.60085271172293,0.000446382544688017
HLA-J,Acetilactobacillus jinshanensis,0.630969485010086,0.000185278141752795
HM13,Lactobacillus amylovorus,-0.604014879315618,0.000408696119301542
HM13,Brevundimonas albigilva,0.602877301500639,0.000421917334510854
HMG20B,Ezakiella coagulans,-0.658575018585735,7.60362435174982e-05
HMGB1,Pseudomonas putida,-0.601008121685422,0.000444461243566044
HMGB1,Agrobacterium pusense,-0.653488333605972,9.01966371920201e-05
HMGN2,Lactobacillus sp. ESL0680,0.630221162733053,0.000189581118443908
HMGN2,Nitrosomonas stercoris,0.628945113244215,0.000197123405146016
HMGN2,Lactobacillus johnsonii,0.657526718014676,7.87804420059476e-05
HMOX1,Morococcus cerebrosus,-0.622566104810298,0.000238962966116517
HNRNPA0,Corynebacterium matruchotii,-0.633652410875155,0.000170554263800276
HNRNPA2B1,Cryptosporidium parvum,-0.679377385483458,3.65418153739856e-05
HNRNPC,Sphingomonas insulae,-0.618274094071437,0.00027136717042306
HNRNPC,Cardiobacterium hominis,-0.613152784392806,0.000315073923545259
HNRNPF,Empedobacter brevis,-0.622205912482209,0.000241544082861257
HNRNPF,Cupriavidus taiwanensis,-0.61657655887954,0.00028521932033929
HOPX,Ilumatobacter coccineus,-0.713081631364094,9.76747218752603e-06
HP1BP3,Dermacoccus nishinomiyaensis,-0.627502937223924,0.000205966931094419
HRH1,Malassezia restricta,-0.604062287021379,0.000408153155256344
HS3ST1,Sphaerotilus sulfidivorans,-0.612896359991579,0.000317417176255791
HS3ST1,Cutibacterium modestum,-0.670845936942722,4.96934038999279e-05
HSD17B4,Sphaerotilus sulfidivorans,-0.638483413597046,0.000146640740106744
HSD17B4,Pseudomonas putida,-0.636532002765534,0.000155915554702792
HSD17B4,Malassezia restricta,-0.60959335016199,0.000349007294693432
HSPA14,Sphingomonas sp. MM-1,-0.619486597810829,0.000261840740248104
HSPA4,Amylolactobacillus amylophilus,0.698529567824726,1.76454274265313e-05
HSPA4,Fusobacterium nucleatum,-0.660098066157495,7.22012043779077e-05
HSPA4,Aspergillus fumigatus,-0.636376933885046,0.000156674451640347
HSPA4,Malassezia restricta,-0.614476995697681,0.00030321466319163
HSPA4,Fusobacterium sp. oral taxon 203,-0.669964566410156,5.12682598213102e-05
HSPA4,Fusobacterium vincentii,-0.601018177933466,0.000444337171644782
HSPA5,Priestia megaterium,0.615572858731924,0.000293700626465667
HSPA8,Veillonella parvula,-0.607389332377344,0.000371600936132395
HSPA8,Lawsonella clevelandensis,-0.62091212458287,0.000251020090970636
HSPD1,Malassezia restricta,-0.632075884467026,0.000179074897698046
HSPD1,Pseudomonas putida,-0.650663007678363,9.90378497121955e-05
HSPH1,Streptococcus toyakuensis,-0.65055677333666,9.938484454219e-05
HTT,Corynebacterium matruchotii,-0.618037820947966,0.00027325881842227
HTT,Staphylococcus epidermidis,-0.637126925156025,0.000153034248424732
HUWE1,Clostridioides difficile,0.608076541753629,0.000364421658746796
HUWE1,Lactobacillus panisapium,0.60985649504087,0.000346392544498865
HUWE1,Staphylococcus warneri,-0.612748919132636,0.000318771478814204
HUWE1,Megasphaera massiliensis,0.645487005309666,0.000117257695456758
HUWE1,Listeria innocua,0.601149077217152,0.000442724944946729
HYOU1,Priestia megaterium,0.640489432703003,0.00013762066482233
IAH1,Gemmata obscuriglobus,-0.77345971718407,5.39907942132368e-07
ICA1,Streptococcus dysgalactiae,-0.630184921315277,0.000189791744890089
ICA1,Actinomyces oris,0.602975086383943,0.000420766226642189
IDE,Neisseria meningitidis,0.611204766537859,0.000333264877282708
IDH1,Veillonella rogosae,-0.707273844258103,1.24199472765217e-05
IDH3A,Megamonas hypermegale,-0.640859512611878,0.000136011591258385
IDH3A,Sphaerotilus sulfidivorans,-0.604196535091472,0.000406619051278181
IDH3A,Pseudoroseomonas cervicalis,-0.606361014899178,0.00038257692544181
IDH3A,Oscillatoria acuminata,-0.614409373017685,0.000303810571793333
IDH3B,Plasmodium relictum,0.618962894150532,0.000265918454885535
IDI1,Empedobacter brevis,-0.674925614561115,4.29529019383e-05
IER2,Lacticaseibacillus sp. NCIMB 15474,-0.69358423430779,2.14067795733303e-05
IER2,Lactiplantibacillus pentosus,-0.70055617352614,1.62840295609706e-05
IER2,Mycoplasmopsis felis,-0.657053427368873,8.0048097295177e-05
IER2,Crinalium epipsammum,-0.733099786087158,4.07394733957985e-06
IER2,Lactobacillus gasseri,0.662291434927697,6.69815262601098e-05
IER3-AS1,Sphaerotilus sulfidivorans,0.631228336505759,0.000183810004063208
IER5,Ezakiella coagulans,0.635412420705141,0.000161468831576254
IFI35,Lactococcus cremoris,0.64342244837454,0.000125319698841812
IFI44L,Staphylococcus equorum,0.665029239766082,6.09404652945679e-05
IFIT5,Pseudomonas oryzihabitans,-0.601557980124591,0.000437721825044258
IFNAR1,Micrococcus yunnanensis,-0.609253901736935,0.000352405969774088
IFNAR1,Geobacillus thermoleovorans,-0.606111615251478,0.000385281662308169
IGFBP3,Neisseria meningitidis,-0.605704230828569,0.000389736037162173
IGHMBP2,Acinetobacter sp. WY4,0.654177952150773,8.81484902819294e-05
IKZF2,Leptolyngbya sp. 7M,-0.649318514389767,0.000103510022370885
IL12A,Lactococcus lactis,-0.664784309968492,6.14603501779315e-05
IL12A-AS1,Gardnerella piotii,-0.630755510599927,0.000186499593569117
IL12A-AS1,Acinetobacter radioresistens,0.61641223739703,0.00028659283659707
IL13RA1,Stenotrophomonas sp. BIO128-Bstrain,-0.625317718302616,0.000220037629007363
IL16,Verrucomicrobium spinosum,0.60906460819525,0.000354313904880048
IL17RC,Marmoricola scoriae,0.63870934966929,0.000145599222015756
IL17RC,Lactobacillus sp. ESL0785,-0.613861389937162,0.000308677852469284
IL18BP,Staphylococcus warneri,0.608008898776418,0.000365122851071456
IL19,Sphaerotilus sulfidivorans,-0.65447860133357,8.72686260138523e-05
IL1R1,Massilia sp. H6,-0.661065740977082,6.98552245209516e-05
IL1RAP,Bifidobacterium animalis,0.600969916008997,0.000444932895687924
IL1RAP,Gardnerella piotii,0.646934920711027,0.00011188241540149
IL1RAP,Streptococcus suis,0.631180792246187,0.000184078886190645
IL20RB,Fructilactobacillus lindneri,-0.626347195720886,0.000213306069968161
IL36G,Tepidimonas taiwanensis,-0.626491702697144,0.000212375926496784
IL36RN,Campylobacter hominis,-0.616371434179645,0.000286934804278742
IMPDH1,Paracoccus sp. TOH,-0.634250795537403,0.000167415655944793
IMPDH1P10,Pseudomonas putida,-0.675218563409783,4.25019790794586e-05
IMPDH1P10,Nocardioides seonyuensis,-0.602547506979111,0.000425820119058541
INAVA,Bifidobacterium sp. ESL0775,0.690959621578385,2.36825223999745e-05
INF2,Pichia kudriavzevii,0.615401797003794,0.000295168133511301
INF2,Modestobacter sp. L9-4,0.673135744712154,4.5802200576992e-05
INF2,Fusarium keratoplasticum,0.64579235427746,0.000116105362957324
INF2,Eremothecium sinecaudum,0.642394344607744,0.000129515371007728
INF2,Sporisorium graminicola,0.637414137099667,0.000151660242895831
INF2,Solibacillus silvestris,-0.648347984877451,0.000106849167053463
ING4,Klebsiella michiganensis,-0.635876097968032,0.000159147972470302
INO80,Clostridium chauvoei,0.66265153694187,6.61575579705453e-05
INO80D,Enterobacter hormaechei,-0.603018753268059,0.000420253081967587
INPP4B,Brevundimonas sp. Bb-A,-0.616492892226126,0.000285917936745615
INPP4B,Massilia forsythiae,-0.64291376695548,0.000127380257753392
INPP4B,Cardiobacterium hominis,-0.610761835339541,0.000337528229173695
INTS1,Corynebacterium glaucum,0.601672590089379,0.000436328488239901
INTS11,Enterobacter asburiae,0.649521264751726,0.000102824305285903
INTS3,Paenibacillus physcomitrellae,-0.605876711671386,0.00038784460248457
INTS6,Pseudomonas oryzihabitans,-0.659461956821076,7.37814135025257e-05
IP6K2,Enterobacter sp. T2,-0.729083169800138,4.88482455788733e-06
IP6K2,Sphingomonas hankookensis,-0.622704885999084,0.000237975006172108
IP6K2,Aspergillus fumigatus,-0.619753678008567,0.00025978255898146
IPO8,Colletotrichum higginsianum,-0.676044955771627,4.12526993406666e-05
IPPK,Staphylococcus capitis,-0.618100345133035,0.000272757106142393
IQANK1,Latilactobacillus sakei,0.674112170440499,4.42275396013976e-05
IQANK1,Janthinobacterium sp. J1-1,0.719136547398354,7.55610036554874e-06
IQGAP1,Sphingomonas insulae,-0.627544342878839,0.000205708205014599
IRAK4,Ustilaginoidea virens,-0.645136120242641,0.000118594432875569
IRAK4,Methylobacterium sp. FF17,-0.640889876219076,0.000135880318629091
IRAK4,Pochonia chlamydosporia,-0.656080350254959,8.27116899893266e-05
IRAK4,Malassezia restricta,-0.604359724944534,0.0004047610672337
IRAK4,Nocardioides seonyuensis,-0.685081277701993,2.958564577926e-05
IRAK4,Pseudomonas putida,-0.603470352351544,0.000414978452374551
IREB2,Stenotrophomonas sp. BIO128-Bstrain,-0.634380281550632,0.00016674327290934
IRF1,Lacticaseibacillus sp. NCIMB 15474,-0.640323052105204,0.000138349570850017
IRF6,Comamonas thiooxydans,-0.60510507864798,0.00039636975561681
ITGB1,Cutibacterium modestum,-0.661834647385803,6.80399047615034e-05
ITGB1,Pseudomonas putida,-0.738122968722488,3.23184390957552e-06
ITGB1,Aspergillus puulaauensis,-0.728191161910217,5.08358804575655e-06
ITGB1,Pseudoroseomonas cervicalis,-0.631568755421175,0.000181894955458382
ITGB1,Sphaerotilus sulfidivorans,-0.66719355727493,5.65144971148606e-05
ITM2B,Staphylococcus pettenkoferi,0.617983502927393,0.000273695344608543
ITPKB,Streptomyces sp. HUAS CX7,-0.632906708063437,0.000174538618677769
ITPKC,Vibrio anguillarum,0.621406486396447,0.000247361111672727
ITPRIP,Geobacillus thermoleovorans,-0.67547218154428,4.21150236343305e-05
ITPRIP,Lactobacillus intestinalis,-0.628310767790854,0.000200970891539519
IWS1,Pseudomonas putida,-0.606587869130564,0.00038013125697829
JAK1,Bacillus sp. 7D3,-0.642272410485977,0.000130021177315324
JAK3,Cardiobacterium hominis,-0.615669353278449,0.000292875666643608
JMJD1C,Pseudomonas putida,-0.6410272344158,0.000135287876919737
JMJD1C,Aspergillus puulaauensis,-0.60949655926594,0.00034997343638665
JMJD1C,Corynebacterium durum,-0.655464120136049,8.44390981208436e-05
JMJD1C,Nocardioides seonyuensis,-0.617496831161238,0.000277634086835589
JMJD8,Tessaracoccus defluvii,-0.606365653566775,0.000382526778231626
JMY,Lactobacillus apis,0.674026201613552,4.43642079989378e-05
JMY,Lactobacillus acetotolerans,0.609189012558154,0.000353058979126286
JMY,Bombilactobacillus folatiphilus,0.625337672871553,0.000219905381504555
JMY,Bacillus velezensis,0.615127919911012,0.000297531176202573
JMY,Jeotgalicoccus sp. ATCC 8456,0.656205357574057,8.2365141527842e-05
JMY,Bacillus amyloliquefaciens,0.601334816462736,0.000440446126112294
JMY,Lactobacillus amylovorus,0.779266151055033,3.90303092605045e-07
JMY,Lactobacillus kefiranofaciens,0.697327826578268,1.85002146690176e-05
JMY,Lysinibacillus timonensis,0.679501514015401,3.63760546314468e-05
JMY,Planktothrix agardhii,0.633758259707544,0.000169995298768475
JMY,Bacillus altitudinis,0.62714126807564,0.000208239140165233
JMY,Clostridium beijerinckii,0.659133495633361,7.4609392741656e-05
JOSD1,Roseomonas mucosa,-0.641275743374136,0.000134221863299494
JRK,Simonsiella muelleri,0.605402054979012,0.000393069336401163
JUNB,Candidatus Hodgkinia cicadicola,-0.635850752740979,0.000159274064011073
JUNB,Pseudomonas putida,0.675363997581029,4.22796968675536e-05
JUNB,Lentilactobacillus buchneri,-0.632108594632623,0.000178894341477141
JUNB,Candidatus Karelsulcia muelleri,-0.670152412646151,5.09289177989248e-05
JUNB,Schleiferilactobacillus harbinensis,-0.629880969522328,0.000191566427495519
JUNB,Cutibacterium acnes,0.632480533926585,0.000176852615024919
KANSL1,Aerococcus viridans,0.615713720035564,0.00029249705047053
KARS,Streptococcus sanguinis,-0.624408891933356,0.000226136020169268
KARS,Lactobacillus panisapium,0.615388900717272,0.000295279030723125
KARS,Malassezia restricta,-0.626663889737376,0.000211272311052343
KAT8,Fusarium musae,-0.691294557500004,2.33805029004079e-05
KAT8,Cryptosporidium parvum,-0.615703715044442,0.000292582393055228
KBTBD2,Pseudomonas oryzihabitans,0.616979763002083,0.00028187369092164
KCTD2,Serratia sp. CMO1,0.678084446734923,3.83090693378985e-05
KCTD21,Sphingomonas naphthae,-0.638779670930466,0.000145276399995201
KCTD21,Massilia forsythiae,-0.612679273160651,0.000319412978224294
KCTD21,Tardibacter chloracetimidivorans,-0.67016272252196,5.09103514153271e-05
KCTD9,Sphingomonas profundi,-0.614252975789539,0.00030519275231584
KCTD9,Cryptomonas paramecium,-0.623732830992612,0.000230769162988395
KCTD9,Fusobacterium polymorphum,-0.606129271831624,0.000385089623493203
KCTD9,Microlunatus sagamiharensis,-0.613189919685336,0.000314735844827094
KCTD9,Fusobacterium vincentii,-0.615654492278192,0.000293002584010429
KCTD9,Oscillatoria acuminata,-0.637212421125639,0.000152624089157905
KCTD9,Aliiroseovarius crassostreae,-0.602635977595736,0.000424770048123206
KCTD9,Pseudoroseomonas cervicalis,-0.639715721409134,0.000141039478255434
KDELR2,Rothia mucilaginosa,-0.648775457943946,0.000105366788803057
KDELR2,Streptococcus gordonii,-0.630357535448803,0.000188790409828759
KDELR2,Actinomyces sp. HMT 175,-0.61696633842977,0.000281984521654142
KDELR2,Paracoccus sp. MC1862,-0.621355137789875,0.000247738953816258
KDELR2,Fusarium musae,-0.604013377926421,0.000408713325225483
KDM2A,Candida albicans,0.634013165599247,0.000168655864214955
KDM2B,Bacillus halotolerans,0.617149712529155,0.000280473947292325
KDM2B,Corynebacterium matruchotii,-0.607802403852296,0.000367270765349465
KDM3B,Malassezia restricta,-0.673934813381538,4.45099062069619e-05
KDM3B,Agrobacterium pusense,-0.694412384497886,2.0730629631552e-05
KDM3B,Pseudomonas putida,-0.682351848841652,3.27503764242034e-05
KDM3B,Nocardioides seonyuensis,-0.611858339593024,0.000327060902774294
KDM3B,Staphylococcus epidermidis,-0.691289357932135,2.33851649230521e-05
KDM4B,Actinotignum schaalii,0.610094377045902,0.000344043722258949
KDM4B,Porphyromonas sp. oral taxon 275,0.612727506203954,0.00031896858902878
KDM5A,Veillonella atypica,-0.606014326259139,0.000386341325716058
KDM7A,Neisseria sicca,-0.603221562494372,0.000417877024840899
KDM7A-DT,Sphingomonas hankookensis,-0.63635123632573,0.000156800530240058
KDM7A-DT,Sphingomonas sp. PAMC26645,-0.630498051612198,0.000187978738640046
KDM7A-DT,Methylobacterium sp. WL1,-0.607609669334321,0.000369285600946893
KDSR,Sphaerotilus sulfidivorans,-0.7320281854395,4.27742921931338e-06
KDSR,Massilia sp. LPB0304,-0.750103173603712,1.82079570833608e-06
KHDC4,Pochonia chlamydosporia,-0.602421544976375,0.000427319128827455
KIF1C,Corynebacterium ureicelerivorans,0.637982368462706,0.000148974109906377
KIF21A,Planktothrix agardhii,0.636375434604458,0.000156681805008321
KLC1,Corynebacterium matruchotii,0.649388209121246,0.000103273851490117
KLC1,Rothia dentocariosa,0.660956618464961,7.01163263453134e-05
KLC1,Priestia megaterium,-0.640044493882091,0.000139577608139066
KLC3,Nocardioides seonyuensis,0.635092043138878,0.000163089938721826
KLC3,Sphaerotilus sulfidivorans,0.604100337961142,0.000407717815211753
KLC3,Pochonia chlamydosporia,0.63151248274189,0.000182210294332774
KLF7,Micropruina glycogenica,0.614923779529851,0.00029930338640449
KLF7,Xanthomonas campestris,-0.624137163215319,0.000227988215983779
KLF8,Enterococcus faecalis,-0.781090100111235,3.51777702498702e-07
KLHL12,Shinella sp. HZN7,-0.620993655955405,0.000250413363484854
KLHL18,Pseudomonas psychrotolerans,-0.658176890555226,7.70682342921946e-05
KLK14,Staphylococcus sp. T93,0.63364562470406,0.000170590155711715
KLK14,Lysinibacillus timonensis,0.677693707908465,3.88580088623673e-05
KLK14,Mycoplasma feriruminatoris,0.652858662139247,9.21036824698307e-05
KLK5,Massilia sp. WG5,0.632464683113839,0.000176939202844962
KLK5,Pseudomonas putida,0.601339287380665,0.000440391400438973
KLK6,Candida albicans,0.602207488574391,0.000429877175666171
KMT2C,Staphylococcus epidermidis,-0.612917974686488,0.000317219064653719
KMT2C,Methylophilus medardicus,0.626650889283778,0.000211355458367743
KMT2D,Amylolactobacillus amylophilus,0.618072618545945,0.000272979491700504
KMT2D,Lactobacillus sp. ESL0680,0.622529374879274,0.000239225047444669
KMT2D,Stenotrophomonas sp. BIO128-Bstrain,-0.622573893299094,0.000238907425122334
KPNA4,Candidatus Hodgkinia cicadicola,0.607709834284581,0.000368237268155956
KPNB1,Stenotrophomonas sp. BIO128-Bstrain,-0.628061543306138,0.000202500635228201
KRT10,Sugiyamaella lignohabitans,-0.618853797066268,0.000266774955426646
KRT14,Comamonas terrigena,0.660283013414375,7.17474666753714e-05
KRT31,Porphyromonas somerae,-0.616145043578982,0.000288838724751736
KSR1,Paenibacillus physcomitrellae,-0.633789913495837,0.000169828458092241
KTN1,Variovorax paradoxus,-0.601875238723078,0.000433874410513752
KTN1,Ustilaginoidea virens,-0.604107676247941,0.000407633905131042
KTN1,Marasmius oreades,-0.727415835903304,5.26225400438998e-06
KTN1,Marmoricola scoriae,-0.700364762382384,1.64084464013979e-05
KTN1,Colletotrichum higginsianum,-0.703613134065886,1.44086546705401e-05
KXD1,Staphylococcus pettenkoferi,0.643292553726896,0.000125843034873302
LAMC1,Pseudomonas sp. CBS,0.73081870152238,4.5180925297979e-06
LAMP1,Brevundimonas naejangsanensis,-0.619010487757334,0.000265545569437794
LAMTOR2,Stenotrophomonas sp. BIO128-Bstrain,-0.674594215923175,4.34681672429662e-05
LARP1,Lysinibacillus timonensis,0.605163647758885,0.000395716925070551
LARP1,Lactobacillus amylovorus,0.642365030383276,0.00012963681201382
LARP1,Lactiplantibacillus paraplantarum,0.649232203204365,0.000103803167243323
LAYN,Enterococcus faecalis,0.639448218441248,0.000142238941977936
LCE1A,Gemmata obscuriglobus,0.610631152425587,0.000338795261279054
LCE2C,Stenotrophomonas sp. BIO128-Bstrain,0.627792169582992,0.000204165657599486
LCE5A,Eremothecium sinecaudum,-0.625357233451507,0.000219775813503647
LCE6A,Mageeibacillus indolicus,0.639376443418014,0.000142562314837612
LCMT1,Fusarium oxysporum,-0.620537126041468,0.000253827487513686
LDB1,Gardnerella vaginalis,0.677455779067676,3.91957099374814e-05
LDB1,Lacticaseibacillus sp. NCIMB 15474,-0.647471639508942,0.000109946325764538
LEPROT,Sphaerotilus sulfidivorans,-0.625226956873833,0.000220640033712084
LEPROT,Fusobacterium pseudoperiodonticum,-0.701390962796334,1.57512760785037e-05
LGALS1,Pseudoroseomonas cervicalis,0.636568640489858,0.000155736729690964
LGI3,Corynebacterium kefirresidentii,0.601086355190945,0.000443496819148692
LGI3,Sphingomonas sp. PAMC26645,0.618732538294163,0.000267729798702739
LGI3,Methylobacterium sp. FF17,0.60095691477154,0.00044509349754152
LGI3,Corynebacterium gottingense,0.607973817618769,0.000365486973783616
LGI3,Methylobacterium sp. WL1,0.68693509982611,2.75954928140024e-05
LGI3,Sphingomonas hankookensis,0.771900947016158,5.88102621665836e-07
LGI3,Corynebacterium ureicelerivorans,0.646028992929803,0.000115219274763137
LGMN,Aquincola tertiaricarbonis,0.689156438131445,2.53694989840456e-05
LHPP,Nocardioides sp. S-1144,-0.652797377127402,9.22911978658861e-05
LIG3,Cupriavidus taiwanensis,-0.685166433169071,2.94914816374212e-05
LIG3,Empedobacter brevis,-0.614492537806514,0.000303077848210386
LINC00342,Sphaerotilus sulfidivorans,-0.706729859230935,1.26988937644615e-05
LINC00342,Pseudomonas putida,-0.741984960573007,2.69520062441214e-06
LINC00589,Lactococcus garvieae,0.642657080583304,0.000128431435333557
LINC00921,Sphingomonas glaciei,-0.620995333642321,0.000250400892379584
LINC00958,Lactobacillus apis,0.60433707926366,0.000405018449481818
LINC00963,Lacticaseibacillus sp. NCIMB 15474,-0.619705725992779,0.000260151030165608
LINC00963,Bacillus paralicheniformis,-0.65135612760342,9.68002745703285e-05
LINC01214,Lactiplantibacillus pentosus,0.605851600144578,0.000388119472256224
LINC01527,Brachybacterium sp. P6-10-X1,-0.613375450054922,0.000313051578342139
LINC01527,Corynebacterium sanguinis,-0.662770912267656,6.58864137342172e-05
LINC01943,Corynebacterium glucuronolyticum,-0.634966986130515,0.00016372663738411
LINC01983,Ustilaginoidea virens,-0.644436129350326,0.000121301709439194
LINC01983,Gemmata obscuriglobus,-0.680563692441831,3.49849370532984e-05
LINC02028,Bifidobacterium dentium,0.65370070821159,8.95614165733128e-05
LINC02035,Ligilactobacillus murinus,0.674271004094951,4.39760256649481e-05
LINC02130,Chitinimonas koreensis,0.620318622017848,0.000255476084300441
LINC02303,Veillonella rogosae,-0.614821689053358,0.000300193163036122
LINC02487,Aeromonas salmonicida,0.609634000879965,0.000348602232469752
LINC02560,Acinetobacter pittii,0.622246941045606,0.000241248834022878
LMAN1,Leptolyngbya sp. 7M,-0.61584674676944,0.00029136442241759
LMBRD1,Enterobacter hormaechei,-0.623568743274935,0.000231906282087956
LMBRD1,Brevundimonas diminuta,-0.608261071069486,0.000362514853632678
LMBRD1,Schaalia odontolytica,-0.675125246313431,4.26451557269618e-05
LMO7,Neisseria macacae,-0.602018946372748,0.000432141488786374
LMTK2,Sphaerotilus sulfidivorans,-0.613394189314391,0.000312881904851858
LNX2,Dermabacter jinjuensis,-0.669334919926019,5.24205069197479e-05
LONP2,Pseudomonas putida,-0.723777875559747,6.17870116155294e-06
LONP2,Malassezia restricta,-0.622205079979546,0.00024155007700914
LRG1,Lacticaseibacillus sp. NCIMB 15474,-0.61369246100391,0.000310192142061854
LRG1,Lactiplantibacillus pentosus,-0.666295884315907,5.83140826011117e-05
LRG1,Lactobacillus apis,-0.6334463906001,0.000171646893377906
LRG1,Lactobacillus crispatus,-0.627586206896552,0.000205446907808185
LRRC41,Corynebacterium matruchotii,-0.646561381662215,0.000113247725424251
LRRC41,Bacillus altitudinis,0.641219738577914,0.000134461449470612
LSM3,Sphingomonas insulae,-0.601546348818441,0.000437863448128507
LSM3,Cryptosporidium parvum,-0.671203388602589,4.90671329948584e-05
LSM3,Lactococcus raffinolactis,-0.687911431466864,2.65963997661642e-05
LSM3,Neisseria meningitidis,-0.63686931102414,0.000154276056557836
LSM3,Deinococcus radiopugnans,-0.775753864899326,4.75485251021759e-07
LSM4,Candidatus Fukatsuia symbiotica,-0.603504695977892,0.000414579721215414
LSM4,Selenomonas sputigena,-0.652659419222384,9.2714557064773e-05
LTB4R,Aureimonas sp. AU12,0.603764392447936,0.000411575550824622
LTBP3,Roseomonas mucosa,0.614216070773417,0.000305519714521327
LTBP3,Janibacter sp. YB324,0.602274486125756,0.000429075084922199
LTBP4,Pseudomonas sp. CBS,-0.642328404673513,0.00012978868486447
LUC7L3,Citrobacter sp. S171,0.605800532943217,0.000388678981946309
LUZP1,Corynebacterium singulare,-0.626220748424332,0.000214122929493643
LY6E,Lactobacillus sp. ESL0677,-0.637275571390967,0.000152321758840448
LY6E,Methylophilus medardicus,-0.604351523132852,0.000404854269260125
LY6E,Ligilactobacillus ruminis,-0.666815558216331,5.72661393797177e-05
LY6E,Latilactobacillus curvatus,-0.64027101290794,0.000138578255835818
LY6G6C,Lactococcus cremoris,-0.631215934487759,0.000183880108902191
LY6K,Cardiobacterium hominis,0.604876256369506,0.00039892939838684
LYN,Sphingomonas insulae,-0.649174923429443,0.000103998118620764
LYPD2,Kocuria rhizophila,0.648498331479422,0.000106325695881239
LYPD2,Eggerthella lenta,-0.608857508564325,0.000356411753085889
LYPD5,Vibrio anguillarum,0.665378236605509,6.02064766757536e-05
LYPD5,Citrobacter freundii,0.623897763644817,0.000229631168683544
LYRM1,Corynebacterium kroppenstedtii,-0.657842046718576,7.79458418231005e-05
LYZ,Stenotrophomonas sp. BIO128-Bstrain,-0.650301552139094,0.00010022290814986
MAFF,Lactobacillus intestinalis,-0.618072618545945,0.000272979491700504
MAFF,Lactiplantibacillus paraplantarum,-0.631871863180388,0.00018020472566185
MAFK,Corynebacterium minutissimum,0.624877865759147,0.000222970675913992
MAL2,Streptomyces albidoflavus,0.619714625879879,0.000260082607030843
MALAT1,Lactobacillus sp. ESL0785,0.605339265850946,0.000393765109703862
MALAT1,Thalassiosira pseudonana,-0.603391593043917,0.000415894128740902
MALAT1,Lactobacillus sp. ESL0680,0.615792043982312,0.000291829707404311
MALAT1,Bacillus velezensis,0.626251390433815,0.000213924725576682
MALL,Rheinheimera mangrovi,0.661722634240172,6.83017086485359e-05
MALT1,Sphingomonas profundi,-0.631551138467109,0.000181993624617206
MALT1,Sphingomonas hankookensis,-0.634130106293201,0.000168044526408157
MALT1,Nocardioides aquaticus,-0.66920585910638,5.26595267589485e-05
MAN2A2,Staphylococcus pettenkoferi,0.677498780933385,3.91344819355543e-05
MANF,Nakamurella multipartita,0.619714625879879,0.000260082607030843
MANSC1,Pseudomonas fluorescens,0.638169489800769,0.000148098853147705
MAP1S,Corynebacterium kroppenstedtii,0.6679274710371,5.50802620731842e-05
MAP2K2,Heyndrickxia coagulans,-0.611123470522803,0.000334043794135627
MAP2K3,Candidatus Ichthyocystis hellenicum,0.600349264896007,0.000452656899644787
MAP2K4,Blastococcus saxobsidens,-0.601102444068412,0.000443298712088495
MAP3K11,Lacticaseibacillus sp. NCIMB 15474,-0.64419908354353,0.000122230890282079
MAP3K11,Geobacillus thermoleovorans,-0.693682828825007,2.13252558542814e-05
MAP3K9,Acinetobacter sp. WY4,-0.604564795917608,0.000402436867224567
MAP4K4,Rugamonas sp. DEMB1,-0.672883552048887,4.62169728736652e-05
MAPK1IP1L,Enterobacter hormaechei,-0.636875163339036,0.000154247746872932
MAPK1IP1L,Lachnospira eligens,-0.603700804372306,0.000412309357985257
MAPKAP1,Fusobacterium sp. oral taxon 203,-0.620378833296277,0.000255020851301279
MAPKAPK2,Ligilactobacillus murinus,-0.60018887412242,0.000454672070360709
MAPRE2,Bifidobacterium dentium,0.699502654289554,1.6979476062294e-05
MARCH6,Lactobacillus sp. IBH004,0.620490362455143,0.00025417952111209
MARCH6,Lactiplantibacillus plantarum,0.601334816462736,0.000440446126112294
MARCH7,Comamonas thiooxydans,0.60912404139533,0.000353713883613109
MARCH7,Comamonas aquatica,-0.68961268204944,2.49327684940089e-05
MARCH7,Frigidibacter mobilis,-0.73445420841527,3.82929383626941e-06
MARF1,Schleiferilactobacillus harbinensis,0.605629105983673,0.000390562401095537
MARF1,Botrytis cinerea,-0.603404164374622,0.000415747851786094
MARF1,Colletotrichum higginsianum,-0.60657628897435,0.00038025576531572
MARF1,Cutibacterium modestum,-0.622744022860288,0.000237697052152817
MAST3,Staphylococcus pettenkoferi,0.632207626126917,0.000178348684040293
MAT2A,Paracoccus marcusii,-0.610690801813354,0.000338216412362435
MAT2B,Amylolactobacillus amylophilus,0.665495307827851,5.99620350028722e-05
MAT2B,Schleiferilactobacillus harbinensis,0.641465258558635,0.00013341393843983
MAT2B,Pochonia chlamydosporia,-0.669916118793924,5.13561072260616e-05
MATR3,Listeria innocua,0.619749753720109,0.000259812696496895
MATR3,Corynebacterium durum,-0.607061786275705,0.000375066519776866
MATR3,Actinomyces sp. HMT 175,-0.619808113034265,0.000259364831136083
MBD3,Sphaerotilus sulfidivorans,-0.617934022666118,0.000274093529032728
MBOAT2,Amylolactobacillus amylophilus,0.600979737252282,0.00044481160956388
MBOAT2,Nocardioides seonyuensis,-0.619674794978517,0.000260388954509358
MBP,Candidatus Hodgkinia cicadicola,0.607263153039242,0.000372932608981563
MCC,Staphylococcus capitis,-0.610389921756619,0.000341145143293336
MCEMP1,Hydrogenophaga sp. NH-16,-0.605028571428572,0.000397223960994259
MCFD2,Pseudomonas oleovorans,-0.616991704081721,0.000281775140003603
MCL1,Crinalium epipsammum,-0.610427905548427,0.000340774182586112
MCL1,Mycoplasmopsis felis,-0.603325038078062,0.000416669302437199
MCL1,Lacticaseibacillus sp. NCIMB 15474,-0.685024401453803,2.96486891089893e-05
MCL1,Lactobacillus gasseri,0.617797552836485,0.000275194405233564
MCM7,Salmonella bongori,0.669156848398458,5.27505492770391e-05
MCUR1,Lactobacillus gasseri,-0.609788654060067,0.000347064988943445
MCUR1,Lacticaseibacillus sp. NCIMB 15474,0.603705989340925,0.000412249480219206
MCUR1,Arachnia propionica,-0.612000893879221,0.000325721354953414
ME2,Staphylococcus pettenkoferi,0.673989928385767,4.44219864265955e-05
MEAK7,Tessaracoccus defluvii,-0.646559228956746,0.000113255636497886
MED13,Sporomusa termitida,0.601758519318948,0.000435286394318603
MED13,Corynebacterium durum,-0.618363974368187,0.000270650619211692
MED13,Bordetella parapertussis,0.63032672141601,0.000188968817714479
MED13,Streptococcus suis,0.627241655996169,0.000207606229476488
MED13,Pseudomonas putida,-0.616346571960237,0.000287143348931639
MED13L,Clostridium perfringens,0.657247751313655,7.95254374857977e-05
MED13L,Kytococcus sedentarius,-0.637487879196676,0.00015130923810932
MED15,Brettanomyces nanus,0.645557691358028,0.000116990037336876
MED16,Citrobacter sp. S171,-0.60321191257556,0.000417989811699404
MED18,Sphaerotilus sulfidivorans,0.655090927818153,8.55007994630794e-05
MED20,Streptococcus anginosus,-0.678964993138505,3.70973922114066e-05
MED20,Megasphaera hexanoica,-0.640691857248747,0.000136738457089229
MED20,Prevotella histicola,-0.607512415376615,0.000370305986428684
MED20,Veillonella atypica,-0.634723391362517,0.000164973184012118
MED25,Cupriavidus metallidurans,0.666495103084149,5.79103414527593e-05
MEGF8,Deinococcus ficus,0.700816681582658,1.61160627987524e-05
METRNL,Ascochyta rabiei,0.678309232480534,3.79964300561932e-05
METRNL,Lactobacillus sp. ESL0785,-0.611568409343715,0.000329800330091866
METRNL,Heyndrickxia coagulans,-0.605339265850946,0.000393765109703862
METRNL,Pochonia chlamydosporia,0.631063327348759,0.000184744694829695
METRNL,Aquincola tertiaricarbonis,0.64307580241395,0.000126720639965256
METRNL,Cutibacterium acnes,0.646273637374861,0.000114309542029594
METRNL,Pseudomonas putida,0.647270282264023,0.000110669150998695
METTL3,Sugiyamaella lignohabitans,-0.623371245906032,0.000233281508333397
METTL7A,Ligilactobacillus salivarius,0.660685874433294,7.07679129610274e-05
METTL7A,Cercospora beticola,-0.717049945963262,8.26106014669314e-06
METTL7A,Fulvia fulva,-0.720414840311063,7.15150478697742e-06
METTL7A,Streptococcus oralis,-0.709270814421623,1.14425918474461e-05
METTL7A,Botrytis cinerea,-0.658438480889205,7.63887660558833e-05
METTL7A,Ascochyta rabiei,-0.613344842334807,0.00031332888897061
METTL7A,Streptococcus sanguinis,-0.600349264896007,0.000452656899644787
METTL7A,Malassezia restricta,-0.714524695251181,9.19320945628174e-06
METTL7A,Rhizoctonia solani,-0.621511610542287,0.000246589160247189
METTL7A,Zymoseptoria tritici,-0.641192508275094,0.000134578076903413
MEX3C,Streptococcus suis,0.608850537935375,0.000356482553507935
MFAP1,Friedmanniella luteola,-0.602833597328913,0.000422432709974561
MFN2,Geobacillus thermoleovorans,-0.641543269795676,0.000133082626081458
MFSD10,Microbacterium aurum,0.64390636138121,0.000123387048816918
MFSD4A,Corynebacterium ureicelerivorans,-0.634798482398199,0.000164588025443288
MFSD5,Marmoricola scoriae,0.60083493072892,0.000446602833263938
MFSD5,Sphingomonas hankookensis,0.64698037323973,0.000111717287497424
MGAT1,Lactobacillus acetotolerans,-0.629880969522328,0.000191566427495519
MGAT1,Marasmius oreades,0.670012813711123,5.11809092133819e-05
MGAT4B,Bifidobacterium sp. ESL0775,0.610999955208184,0.000335230301924854
MGRN1,Staphylococcus pettenkoferi,0.676945427312226,3.99289508288573e-05
MICAL2,Staphylococcus pettenkoferi,0.628349118955522,0.00020073640353847
MIEF2,Amylolactobacillus amylophilus,-0.606944195453652,0.00037631762237206
MIEF2,Enterococcus faecium,-0.639154616240267,0.000143565862464255
MIER1,Klebsiella michiganensis,-0.632520260978072,0.00017663576432659
MIER1,Brevundimonas vancanneytii,-0.603559964724761,0.000413938757565588
MIF,Acinetobacter pittii,0.655456976563348,8.44593101100541e-05
MIF-AS1,Sphaerotilus sulfidivorans,0.618417892748579,0.000270221570389176
MINDY2,Staphylococcus epidermidis,-0.676945427312226,3.99289508288573e-05
MINDY2,Staphylococcus warneri,-0.724963661186237,5.86529250841066e-06
MINDY2,Staphylococcus capitis,-0.764494951398795,8.75022788796804e-07
MINDY2,Sphingomonas sp. PAMC26645,-0.62997018040682,0.000191044032240655
MINDY2,Xanthomonas campestris,-0.616918011056799,0.000282383822510982
MIR1282,Babesia microti,-0.634242558566272,0.00016745850945478
MIR210HG,Cardiobacterium hominis,0.695918064625806,1.95502700612734e-05
MIR29B2CHG,Verrucomicrobium spinosum,0.666205970237528,5.84971269082084e-05
MISP,Sphingomonas sp. MM-1,-0.6304631045273,0.000188180315621424
MKRN1,Veillonella rogosae,-0.655093140881257,8.54944685563136e-05
MLC1,Microlunatus sagamiharensis,0.614788552623063,0.000300482468143559
MLEC,Staphylococcus pettenkoferi,0.651529870631756,9.62464958688376e-05
MLF2,Staphylococcus pettenkoferi,0.731440539243662,4.39287277828685e-06
MLKL,Lactobacillus paragasseri,0.614894998411201,0.000299553993933584
MLLT1,Staphylococcus pettenkoferi,0.6467944432518,0.000112394140941094
MLLT1,Ezakiella coagulans,-0.653229803690214,9.09753284924254e-05
MLLT6,Bifidobacterium sp. ESL0775,0.641565872717295,0.000132986768673808
MLPH,Streptococcus suis,0.612374581939799,0.000322232878025667
MLXIP,Hoylesella enoeca,0.606255677706723,0.000383717255902475
MMEL1,Aquincola tertiaricarbonis,0.698815297246695,1.74474893100083e-05
MMP14,Pseudomonas putida,-0.608491620111732,0.000360144889232478
MMP24,Streptococcus dysgalactiae,0.605115984387756,0.000396248124737289
MMP25,Cardiobacterium hominis,-0.637593487818935,0.0001508078090049
MNDA,Stenotrophomonas sp. BIO128-Bstrain,-0.639748862308017,0.000140891504638503
MOAP1,Serratia sp. CMO1,0.612287431946064,0.000323043481100664
MOB2,Loigolactobacillus coryniformis,-0.612553443458824,0.000320574870858676
MON1B,Pochonia chlamydosporia,-0.627573762450516,0.000205524549938778
MON1B,Amylolactobacillus amylophilus,0.698556076386346,1.76269791358827e-05
MON1B,Stenotrophomonas sp. BIO128-Bstrain,-0.630906336536891,0.000185637878167323
MON1B,Marmoricola scoriae,-0.640000001277799,0.000139774650829819
MON1B,Nocardioides seonyuensis,-0.6520059601614,9.47434732586767e-05
MPC1,Janthinobacterium sp. J1-1,0.619000903577618,0.000265620622151305
MPDU1,Anaerocolumna chitinilytica,-0.618183773293459,0.000272088923552614
MPDU1,Jeotgalicoccus sp. ATCC 8456,-0.607018289320665,0.000375528875404778
MPI,Lactiplantibacillus pentosus,-0.630255839822024,0.00018937977765758
MPI,Lactobacillus amylovorus,-0.612041655120477,0.000325339223714014
MPP7,Pseudoroseomonas cervicalis,-0.609961501808709,0.000345353978612644
MPPE1,Pseudomonas sp. FP215,-0.608167075259468,0.000363485041463572
MPRIP,Prevotella veroralis,0.637487879196676,0.00015130923810932
MPZL1,Lacticaseibacillus sp. NCIMB 15474,-0.63280504083205,0.000175088186210286
MPZL2,Pseudoclavibacter sp. Marseille-Q3772,0.625832402088602,0.000216649038697306
MPZL2,Frigidibacter mobilis,-0.639003739306048,0.000144252013511242
MREG,Bacillus altitudinis,0.667630700778643,5.56562526989165e-05
MREG,Lactobacillus amylovorus,0.636567914524212,0.000155740271285479
MRNIP,Geobacillus sp. GHH01,0.611531568040357,0.000330149875200306
MRPL10,Methylobacterium sp. WL1,-0.628275630797818,0.000201185940518698
MRPL15,Leptotrichia sp. oral taxon 212,-0.652424569071362,9.34392376545434e-05
MRPL15,Geobacillus thermoleovorans,0.661378971600313,6.91105601677259e-05
MRPL34,Fusobacterium sp. oral taxon 203,-0.600771737414637,0.0004473865099982
MRPL49,Fusobacterium canifelinum,-0.662838722193186,6.57328354293143e-05
MRPL51,Lacticaseibacillus sp. NCIMB 15474,-0.60759083690776,0.000369482996222833
MRPL54,Sphingomonas sp. SUN019,-0.612155015254731,0.000324278569062281
MRPL54,Fusarium falciforme,-0.652271618242716,9.39139106143002e-05
MRPL54,Fusarium musae,-0.640085095325522,0.000139398013611218
MRPL54,Gemmata obscuriglobus,-0.668525677497434,5.39353947126255e-05
MRPS10,Pseudocnuella soli,-0.622510078885259,0.000239362833298911
MRTFA,Streptomyces sp. HUAS CX7,-0.603237479078334,0.0004176910527269
MSH6,Pseudonocardia broussonetiae,-0.615008701215003,0.000298565022760534
MSL1,Lacticaseibacillus sp. NCIMB 15474,-0.626056664015225,0.000215187060464927
MSL2,Pseudoxanthomonas suwonensis,-0.611929378266973,0.000326392762597026
MSL2,Sphingomonas sp. LHG3406-1,-0.609895618239764,0.000346005275930454
MSL2,Heyndrickxia coagulans,0.686195831763525,2.83742548506427e-05
MSL3,Paracoccus sp. TOH,-0.658023889114472,7.74681428329886e-05
MSL3,Schizosaccharomyces osmophilus,-0.613365249505418,0.000313143972774552
MT-ATP8,Cloacibacterium normanense,0.605807295678371,0.000388604846260889
MT1M,Serratia sp. CMO1,0.608098069090634,0.000364198754165141
MT1M,Brochothrix thermosphacta,-0.611393003052628,0.000331467492296091
MTA3,Agrobacterium tumefaciens,-0.627268675304951,0.000207436173728899
MTA3,Bifidobacterium dentium,-0.681421627579692,3.38963231127724e-05
MTCH1,Fusobacterium sp. oral taxon 203,-0.661536208349103,6.8739429252787e-05
MTCO1P12,Pseudoxanthomonas suwonensis,0.624154478936561,0.000227869786430776
MTCO2P12,Talaromyces rugulosus,0.6245307783718,0.000225309540733414
MTMR1,Leptospira kobayashii,0.644853702599732,0.00011968016805795
MTND4P12,Stutzerimonas stutzeri,-0.611395564690569,0.00033144309155258
MTND4P12,Corynebacterium genitalium,0.620306758819879,0.000255565861891589
MTOR,Staphylococcus epidermidis,-0.63765864318838,0.000150499188660564
MTRNR2L1,Massilia forsythiae,-0.605608174419589,0.000390792920832785
MTRNR2L12,Pseudomonas putida,-0.600893355391506,0.000445879370132384
MUC1,Lactobacillus amylovorus,-0.616500975012065,0.00028585037952315
MUC21,Mycoplasmopsis felis,0.619443554865305,0.000262173785824044
MUC22,Ilumatobacter coccineus,0.605132628149923,0.000396062561591588
MVD,Fusarium pseudograminearum,0.642983748472406,0.000127095001578831
MVK,Lactobacillus sp. 3B(2020),-0.60198020722339,0.000432608029411157
MXD3,Sugiyamaella lignohabitans,0.622205079979546,0.00024155007700914
MXD4,Actinomyces oris,0.618616897206217,0.000268643221762916
MYADM,Stenotrophomonas sp. BIO128-Bstrain,-0.62656382779072,0.000211913027606801
MYBBP1A,Staphylococcus pettenkoferi,-0.629150534060884,0.000195891548837425
MYD88,Simonsiella muelleri,-0.627958849093889,0.000203133971548846
MYD88,Lacticaseibacillus sp. NCIMB 15474,-0.608461452037585,0.000360454226811669
MYL12A,Carnobacterium maltaromaticum,0.61022624031831,0.000342747786361281
MYL5,Plasmodium relictum,0.66511941822633,6.07500455371289e-05
MYL6,Acinetobacter towneri,0.635319655808035,0.000161936742537456
MYO15B,Pseudoxanthomonas suwonensis,-0.611730639590116,0.000328264998605817
MYO15B,Pseudomonas putida,-0.616160977365306,0.000288704358794894
MYO5B,Pseudomonas putida,-0.600447423402347,0.000451427508321027
MYOM1,Jeotgalicoccus sp. ATCC 8456,0.652125324262716,9.43699340407699e-05
MYOM1,Planktothrix agardhii,0.637800658245721,0.000149828452170584
MYOM1,Mycoplasmoides fastidiosum,0.73680282800341,3.43634379573185e-06
MYOM1,Lactobacillus apis,0.608474199207206,0.000360323491205861
MYOM1,Lacticaseibacillus sp. NCIMB 15474,0.602279350531927,0.000429016899935204
MYORG,Paracoccus aestuarii,0.612032949443369,0.000325420805005518
MYOZ1,Babesia microti,0.636535322251374,0.000155899345118339
MZT2B,Brettanomyces nanus,0.6086632345779,0.000358389641841564
NAA40,Bifidobacterium bifidum,0.651629049771594,9.59316451899872e-05
NAA50,Sugiyamaella lignohabitans,-0.702523884486502,1.50533334399689e-05
NAA60,Paracoccus sp. MC1862,0.615080074832685,0.000297945700669827
NAA60,Rothia mucilaginosa,0.647163515016685,0.000111054134204431
NAB1,Acinetobacter sp. WY4,0.634966164830233,0.000163730826128791
NACA,Jeotgalicoccus sp. ATCC 8456,0.640565229880582,0.000137289734261439
NAGA,Sphingomonas sp. SUN019,-0.617001368665951,0.00028169539954453
NAGK,Stenotrophomonas sp. BIO128-Bstrain,-0.635121454077539,0.00016294051951853
NAIF1,Methylorubrum extorquens,-0.683337666975263,3.1573953425413e-05
NAMPTP1,Cloacibacterium normanense,0.601428766019553,0.000439297408343835
NAPRT,Corynebacterium kroppenstedtii,0.705005561735261,1.36207491553309e-05
NAPRT,Sphingomonas insulae,0.608488831441402,0.000360173473884071
NARS,Flavobacterium sp. K5-23,0.616082866480757,0.000289363579015874
NBDY,Sphaerotilus sulfidivorans,0.64353640991952,0.00012486215151665
NBL1,Bifidobacterium sp. ESL0775,0.628665558695584,0.000198810857546713
NCAPH2,Lactobacillus paragasseri,0.766896407173703,7.70458520099828e-07
NCF1,Staphylococcus pettenkoferi,0.633780840980414,0.000169876262606234
NCK2,Fusobacterium vincentii,-0.633766464024351,0.000169952041520087
NCLN,Streptomyces sp. HUAS CX7,-0.688771639185189,2.57431636025363e-05
NCOA1,Lactobacillus johnsonii,0.666295884315907,5.83140826011117e-05
NCSTN,Rugamonas sp. DEMB1,-0.658301757185731,7.67432294815636e-05
NDEL1,Tardibacter chloracetimidivorans,-0.629707838308251,0.00019258385485414
NDFIP1,Fusobacterium sp. oral taxon 203,-0.611049828284302,0.000334750765893034
NDRG1,Gemella morbillorum,0.664863024324337,6.12928416461969e-05
NDRG3,Stenotrophomonas sp. BIO128-Bstrain,-0.607135971181927,0.000374279122083537
NDRG4,Candidatus Methylospira mobilis,0.666002550667165,5.89131383937022e-05
NDUFA10,Lactobacillus acetotolerans,0.630010521798659,0.000190808218967004
NDUFA10,Thalassiosira pseudonana,-0.657390083971893,7.91445489070027e-05
NDUFA10,Epilithonimonas vandammei,-0.610626756961308,0.000338837950285311
NDUFA10,Humisphaera borealis,-0.634745073607368,0.000164861888871138
NDUFA13,Methylobacterium sp. WL1,0.656445892384966,8.17019661844344e-05
NDUFA4,Methylobacterium sp. FF17,-0.604571428571429,0.000402361892032021
NDUFA4L2,Aquincola tertiaricarbonis,0.731130878586985,4.45483179087867e-06
NDUFAF3,Bacillus paralicheniformis,0.688081551605581,2.64256729444023e-05
NDUFB2,Lactobacillus acidophilus,0.630757216628085,0.000186489826690681
NDUFB2,Lactococcus lactis,-0.634152046783626,0.00016793004625726
NDUFB3,Sphingomonas sp. LHG3406-1,-0.687325806794741,2.71917064376011e-05
NDUFB4,Pseudomonas aeruginosa,-0.659250198761801,7.4314264675119e-05
NDUFB4,Nocardioides aquaticus,-0.602823679392434,0.000422549743111427
NDUFS3,Janthinobacterium sp. J1-1,0.618742857142857,0.00026764842613395
NDUFS5,Acinetobacter sp. WY4,0.601766360242298,0.000435191413984351
NEAT1,Lactobacillus sp. ESL0680,0.618037820947966,0.00027325881842227
NEAT1,Lactiplantibacillus plantarum,0.627586206896552,0.000205446907808185
NEBL,Sugiyamaella lignohabitans,-0.620845068875766,0.000251520070640426
NECTIN1,Bifidobacterium sp. ESL0775,0.684086466786578,3.07058454281563e-05
NELFE,Acinetobacter junii,0.637469774487208,0.000151395347743302
NEMF,Bacillus amyloliquefaciens,0.683964789339463,3.08454372090011e-05
NEMF,Streptococcus oralis,-0.604055393420362,0.000408232068648551
NEMF,Pseudomonas putida,-0.66875041650305,5.35108106420967e-05
NEMF,Ascochyta rabiei,-0.60000037202231,0.000457050534520767
NEMF,Corynebacterium matruchotii,-0.635857855279768,0.00015923872020513
NEMF,Sphingomonas naphthae,-0.64576429399855,0.000116210835251969
NEMF,Massilia forsythiae,-0.630086753287993,0.000190363317060057
NEU1,Lactobacillus crispatus,-0.626696329254728,0.000211064963274376
NEU1,Lactobacillus paragasseri,0.600349264896007,0.000452656899644787
NEU1,Lactobacillus gasseri,0.632035595105673,0.000179297512444196
NFAT5,Lactobacillus acidophilus,0.614070715936224,0.000306810507730952
NFAT5,Lactobacillus sp. ESL0680,0.603166860633931,0.000418516727492584
NFAT5,Lentilactobacillus buchneri,0.638326946728215,0.000147365894743211
NFAT5,Candidatus Karelsulcia muelleri,0.63697613917904,0.000153760017796549
NFAT5,Mycoplasma capricolum,0.618308179353479,0.000271095235569514
NFAT5,Brucella anthropi,-0.601756089499182,0.000435315831433852
NFATC1,Pseudomonas psychrotolerans,-0.647438561427895,0.000110064778990426
NFE2,Limosilactobacillus reuteri,0.624550574148363,0.00022517556377796
NFE2,Furfurilactobacillus rossiae,0.604922498851043,0.000398410950373179
NFE2L1,Pseudomonas oryzihabitans,-0.608039913516905,0.000364801202187746
NFIA,Nocardioides sp. JS614,0.627706739846532,0.000204696235473215
NFKB1,Staphylococcus pettenkoferi,0.611976240107241,0.00032595267319879
NFKBIB,Morococcus cerebrosus,0.626677713647791,0.000211183928943407
NFKBIL1,Agrobacterium pusense,-0.605992420440233,0.000386580276359758
NFKBIZ,Lacticaseibacillus sp. NCIMB 15474,-0.646505153610861,0.000113454521865061
NFKBIZ,Crinalium epipsammum,-0.602309913453952,0.000428651484447049
NFKBIZ,Lactobacillus crispatus,-0.627586206896552,0.000205446907808185
NFKBIZ,Mycoplasmopsis felis,-0.6919768804079,2.27759101779579e-05
NFKBIZ,Solibaculum mannosilyticum,-0.679317846217812,3.66215637386038e-05
NFX1,Rhizobium leguminosarum,-0.631111932290413,0.000184468936029244
NFX1,Campylobacter ureolyticus,-0.647946905723775,0.000108256874840435
NFX1,Kocuria palustris,-0.629741496146044,0.000192385685836704
NISCH,Iamia majanohamensis,-0.605276132226744,0.000394465795470468
NLRC5,Gemmata obscuriglobus,-0.655720615212731,8.37162241142952e-05
NMI,Cardiobacterium hominis,-0.612936981926109,0.000317044942232422
NMI,Stenotrophomonas sp. BIO128-Bstrain,-0.666527785575591,5.7844345469836e-05
NMRK1,Staphylococcus pettenkoferi,-0.628033830947535,0.000202671370314316
NMU,Staphylococcus saprophyticus,-0.6256,0.00021817336454714
NOP10,Psychrobacter sp. van23A,-0.649781623907808,0.000101949686426939
NOP14-AS1,Streptococcus sp. 116-D4,0.690023120444117,2.45456626997677e-05
NOP14-AS1,Pichia kudriavzevii,0.612002329693797,0.000325707887647038
NOP14-AS1,Tessaracoccus defluvii,-0.607285664993119,0.00037269471389071
NOP14-AS1,Rothia mucilaginosa,0.601679637472496,0.000436242939465044
NOP14-AS1,Staphylococcus nepalensis,-0.638500485540907,0.000146561811406197
NOP14-AS1,Pasteurella multocida,0.632277302778262,0.000177965655722326
NOP14-AS1,Streptomyces sp. T12,0.630937259042243,0.00018546164530542
NORAD,Lactobacillus amylovorus,0.601160894743761,0.000442579647871295
NORAD,Bacillus velezensis,0.649677340128057,0.000102299205873927
NOS3,Bacillus paralicheniformis,0.644148758339911,0.000122428969877199
NOSIP,Ureaplasma parvum,-0.606159870785227,0.000384757019111642
NPM1,Salmonella bongori,0.620788907544322,0.000251939498016202
NPR2,Pseudoclavibacter sp. Marseille-Q3772,-0.645127415221119,0.000118627767354849
NPW,Veillonella rogosae,0.62650192700068,0.000212310252438247
NPW,Gemmatirosa kalamazoonensis,0.613393716169819,0.000312886187910428
NPW,Brevundimonas vancanneytii,0.600331429352755,0.000452880598218426
NQO1,Comamonas thiooxydans,0.652484071562339,9.32551540503522e-05
NQO1,Porphyromonas gingivalis,-0.618733138065101,0.000267725068418798
NQO2,Trichocoleus desertorum,-0.600147969605992,0.000455187263151614
NR2F2,Candidatus Methylospira mobilis,0.620995591485064,0.000250398975751292
NR2F2,Pseudoxanthomonas suwonensis,-0.621483220532166,0.000246797424272326
NR6A1,Fusobacterium hwasookii,-0.604054874326895,0.000408238011432412
NRBF2,Empedobacter brevis,-0.615184011135637,0.000297045857367846
NRIP3,Corynebacterium hadale,-0.623789062223765,0.000230380621461597
NSA2,Corynebacterium minutissimum,0.673226113953813,4.565438612499e-05
NSA2,Pantoea agglomerans,-0.617931966659158,0.000274110085501358
NSD1,Methylophilus medardicus,0.610679306116573,0.000338327900778456
NSF,Microbacterium sediminis,-0.602844412102595,0.000422305126591842
NSMF,Lactobacillus sp. PV034,-0.672678690714763,4.65563714869325e-05
NSRP1,Pelosinus sp. UFO1,-0.610178455182998,0.000343216913851806
NSRP1,Veillonella rodentium,-0.636559842404434,0.000155779655621376
NTN4,Corynebacterium humireducens,0.629935558575464,0.000191246618255648
NUAK2,Undibacterium sp. 20NA77.5,0.639619745505124,0.000141468788890688
NUBP2,Streptococcus salivarius,0.629010835715854,0.000196728538943195
NUCB2,Lactobacillus panisapium,0.67683785234558,4.00850660384638e-05
NUCB2,Cellvibrio sp. KY-GH-1,0.641507335902116,0.000133235145699007
NUCB2,Staphylococcus warneri,-0.629844728792095,0.000191779005253964
NUDT2,Sphingomonas sp. LK11,0.616558265649906,0.000285371939684201
NUDT21,Leishmania mexicana,-0.68756976311709,2.69422794432113e-05
NUDT21,Lactobacillus johnsonii,0.632875652188008,0.000174706330185431
NUDT21,Cutibacterium acnes,-0.613175242781377,0.000314869424639751
NUDT21,Xanthomonas campestris,-0.636740918616987,0.000154898297921108
NUDT21,Salmonella bongori,0.601667272608013,0.000436393047378225
NUDT21,Corynebacterium accolens,-0.658241843058503,7.68990219666161e-05
NUDT21,Amylolactobacillus amylophilus,0.679294831574154,3.66524318794862e-05
NUDT21,Acetilactobacillus jinshanensis,0.633356688612547,0.000172124566931773
NUDT21,Schleiferilactobacillus harbinensis,0.653096449203958,9.13793298192723e-05
NUDT4,Pseudomonas oryzihabitans,-0.641444501247597,0.000133502217829033
NUDT5,Stenotrophomonas sp. BIO128-Bstrain,-0.642599988425595,0.000128666284398695
NUFIP2,Pseudomonas putida,-0.608028267218047,0.000364921954743707
NUFIP2,Aspergillus puulaauensis,-0.620886931022101,0.00025120783550633
NUMB,Aspergillus puulaauensis,-0.627140468456856,0.000208244188340691
NUP50,Stutzerimonas stutzeri,-0.625027833444667,0.000221966785170742
NUP58,Pseudoxanthomonas suwonensis,-0.690332771816781,2.42571938349887e-05
NUP58,Staphylococcus warneri,-0.633617346514281,0.000170739790642464
NUP58,Streptomyces albidoflavus,0.640873575107545,0.000135950780096429
NUP58,Sporisorium graminicola,-0.61872197309417,0.000267813136633015
NUP58,Salmonella bongori,0.67422106425074,4.4054967346288e-05
NUP58,Staphylococcus capitis,-0.610389921756619,0.000341145143293336
NUP58,Xanthomonas campestris,-0.62607905359694,0.000215041582485107
NUTM2B-AS1,Veillonella parvula,-0.602170966967792,0.000430314966498432
OAS1,Sphaerotilus sulfidivorans,-0.645476368614714,0.000117298019254904
OAZ1,Sphaerotilus sulfidivorans,0.606612189678236,0.000379869882700831
OAZ1,Pseudoroseomonas cervicalis,0.637003280372621,0.000153629155440672
ODC1,Methylorubrum extorquens,-0.689607894104062,2.4937316402098e-05
OFD1,Neobacillus sp. PS2-9,0.621386812295892,0.000247505820684818
OFD1,Pseudomonas putida,-0.634807833556743,0.000164540117232684
OGA,Pochonia chlamydosporia,-0.600745338312431,0.000447714250768934
OGA,Staphylococcus pettenkoferi,0.690792545917755,2.38344837103589e-05
OGT,Candidatus Ichthyocystis hellenicum,-0.601545230823707,0.000437877062988227
OGT,Methylomusa anaerophila,-0.620626310978484,0.000253157304662422
OPTN,Pasteurella multocida,0.610678531701891,0.000338335412430923
OPTN,Marasmius oreades,0.643256894361594,0.000125987043546026
ORAI2,Cardiobacterium hominis,-0.633185186191924,0.000173041123316661
ORMDL2,Flavisolibacter ginsenosidimutans,-0.617703722206111,0.000275953586599269
ORMDL2,Actinotignum schaalii,-0.614343130025952,0.000304395325753098
ORMDL2,Bacillus sp. 7D3,-0.632017548227098,0.000179397308245278
OSBPL1A,Bifidobacterium sp. ESL0775,-0.635445672802288,0.00016130139885152
OSBPL8,Acinetobacter radioresistens,-0.606139846758869,0.000384974647519677
OSBPL9,Empedobacter brevis,-0.608488831441402,0.000360173473884071
OSER1-DT,Massilia forsythiae,-0.628883936939307,0.00019749158907135
OSER1-DT,Massilia sp. NP310,-0.62092980616587,0.000250888400518068
OSER1-DT,Fusarium oxysporum,-0.610735440818759,0.000337783798622158
OSER1-DT,Acinetobacter sp. LUNF3,-0.645299190460951,0.000117971520497378
OSER1-DT,Granulicatella adiacens,-0.606380261320599,0.000382368896178562
OSMR,Bifidobacterium sp. ESL0775,0.63058319639369,0.000187488419895256
OSMR,Sphingomonas sp. CL5.1,-0.606005420592481,0.000386438453806243
OST4,Enterococcus faecium,0.605184117661863,0.000395488984562739
OSTF1,Veillonella atypica,-0.632875652188008,0.000174706330185431
OTULIN,Pseudomonas oryzihabitans,-0.637342934101953,0.000151999848161482
OXSR1,Fusarium poae,-0.636160481022873,0.000157739244062035
OXSR1,Pseudonocardia dioxanivorans,-0.602225364524552,0.000429663036684877
P4HA1,Variovorax paradoxus,-0.70410918709562,1.41233821048307e-05
PA2G4,Enterococcus faecium,0.624999729541494,0.000222154608502312
PA2G4,Amylolactobacillus amylophilus,0.669090150814092,5.28746457918233e-05
PABPC1,Bombilactobacillus folatiphilus,0.609014520381156,0.000354820275271584
PABPC1,Citrobacter sp. S171,0.655527861628842,8.42589391318074e-05
PABPN1,Aspergillus puulaauensis,-0.60414798206278,0.000407173297331006
PADI1,Janibacter limosus,-0.657994826087936,7.7544315423506e-05
PADI1,Fusobacterium pseudoperiodonticum,-0.647409869534368,0.000110167617206536
PADI3,Pseudoroseomonas cervicalis,-0.613680779258762,0.000310297100250152
PAFAH1B1,Cryptomonas paramecium,-0.6209695053037,0.000250592948576616
PAG1,Leptolyngbya sp. 7M,-0.619864162018746,0.000258935339265635
PAG1,Truepera radiovictrix,-0.615100930984371,0.000297764942545991
PAIP2,Acinetobacter sp. WY4,0.60201791947351,0.00043215385014389
PAK2,Porphyromonas endodontalis,0.626315331964586,0.000213511651602723
PALM2-AKAP2,Streptococcus dysgalactiae,-0.613336403057508,0.000313405388284736
PAN3,Lactobacillus johnsonii,0.633323388765431,0.000172302192621846
PAN3,Staphylococcus capitis,-0.705856714308026,1.31584336445174e-05
PANX2,Lactobacillus amylolyticus,-0.641744548286605,0.000132231176565173
PANX2,Aerococcus christensenii,-0.615371869971388,0.000295425537252252
PAPOLA,Colletotrichum higginsianum,-0.612507459908285,0.000321000406861756
PAPOLA,Thalassiosira pseudonana,-0.619938394806579,0.000258367477612275
PAPOLA,Leptolyngbya sp. 7M,-0.604563159154043,0.000402455371014639
PAQR4,Brevundimonas naejangsanensis,0.601274864420113,0.000441180540239214
PAQR4,Massilia sp. NP310,0.630324414774079,0.000188982178784862
PAQR7,Megasphaera massiliensis,0.64188596204434,0.000131635868150998
PARP4,Pseudomonas aeruginosa,-0.609656847951986,0.000348374756122591
PATJ,Lactobacillus sp. IBH004,0.660250815517538,7.18262754601607e-05
PAWR,Fusobacterium canifelinum,-0.651963817187216,9.48756702949044e-05
PAWR,Streptococcus dysgalactiae,-0.633157431210067,0.000173189860215913
PAX8,Ezakiella coagulans,-0.609958153712027,0.000345387050363627
PBX2,Stenotrophomonas sp. BIO128-Bstrain,-0.714260025271047,9.29619805059727e-06
PCAT6,Mycoplasmopsis felis,0.614720085860509,0.000301081013606043
PCAT6,Crinalium epipsammum,0.699657142857143,1.68758529653953e-05
PCAT6,Lactobacillus gasseri,-0.660939856358492,7.01565108138472e-05
PCAT6,Lacticaseibacillus sp. NCIMB 15474,0.617231641489452,0.000279801360490461
PCBD1,Bombilactobacillus folatiphilus,0.631814610724351,0.000180522912547336
PCBD1,Lactococcus garvieae,0.601430376972489,0.00043927773432653
PCM1,Aeromonas caviae,0.65902555203492,7.48832997204728e-05
PCMTD1,Carnobacterium maltaromaticum,0.617069899088235,0.000281130541707781
PCNP,Lawsonella clevelandensis,-0.672478614858829,4.68899926797017e-05
PCNP,Pseudoroseomonas cervicalis,-0.649969661345677,0.000101322144080648
PCNP,Cutibacterium acnes,-0.613070009228657,0.000315828661588336
PCNP,Veillonella rogosae,-0.607494331189686,0.000370495999265365
PCYOX1L,Staphylococcus cohnii,-0.756113515029127,1.34891393787081e-06
PDCD6IP,Veillonella atypica,-0.609145613584567,0.000353496318718008
PDCD6IP,Comamonas aquatica,-0.701018779999315,1.59868315024974e-05
PDCL,Parafannyhessea umbonata,0.632691625646877,0.000175703069864953
PDPK1,Sphaerotilus sulfidivorans,-0.648848875662475,0.000105114044362008
PDPR,Methylobacterium indicum,0.634163899696723,0.00016786822944811
PDZD11,Latilactobacillus sakei,0.647906654591164,0.00010839905603
PDZD11,Janthinobacterium sp. J1-1,0.676308886921407,4.08606925552456e-05
PDZD11,Kingella potus,0.626053805010232,0.000215205643342351
PDZD8,Enhydrobacter sp.,-0.625427057700429,0.000219313853832827
PEBP1,Acinetobacter pittii,0.634705228031146,0.00016506646788973
PEF1,Saccharomycodes ludwigii,-0.605542172135405,0.000391520591412162
PEF1,Nocardioides sp. S-1144,-0.6007636241019,0.000447487213013825
PELI1,Sugiyamaella lignohabitans,-0.610418317080116,0.000340867792714437
PER2,Haemophilus influenzae,-0.721735992192553,6.75397945608855e-06
PERM1,Porphyromonas asaccharolytica,-0.643654922890341,0.000124387907497496
PEX19,Stutzerimonas stutzeri,-0.675350701402806,4.2299975492347e-05
PFDN6,Variovorax paradoxus,-0.634133443391285,0.000168027109773942
PFDN6,Pseudoxanthomonas suwonensis,-0.615303545772187,0.000296013940650088
PFKFB2,Crinalium epipsammum,0.607721908183602,0.000368111079507613
PFKFB2,Lactobacillus amylovorus,0.639243506459165,0.000143162971094044
PFKFB2,Lactiplantibacillus pentosus,0.632480533926585,0.000176852615024919
PFKFB3,Enterococcus faecalis,0.61245828698554,0.00032145600975249
PFKL,Cardiobacterium hominis,0.652926099615886,9.18977347144292e-05
PGAM1,Nocardioides seonyuensis,-0.620901088667462,0.000251102316247096
PGAP2,Arabiibacter massiliensis,0.604278283151581,0.000405687377808539
PGD,Brochothrix thermosphacta,0.613193907454446,0.000314699559350698
PHACTR2,Aerococcus urinaeequi,-0.620422455980174,0.000254691486618072
PHACTR4,Tepidimonas taiwanensis,-0.60321191257556,0.000417989811699404
PHACTR4,Massilia sp. REN29,-0.602145051263068,0.000430625860856693
PHACTR4,Micrococcus lylae,-0.638525213224912,0.000146447554876501
PHF1,Stenotrophomonas sp. BIO128-Bstrain,-0.654475067730598,8.72789216268364e-05
PHF20,Pseudomonas putida,-0.604305068745385,0.00040538251512565
PHF20L1,Methylobacterium sp. FF17,-0.610066582615069,0.000344317433965207
PHF20L1,Toxoplasma gondii,-0.608640117425873,0.000358625639681236
PHF20L1,Stenotrophomonas sp. BIO128-Bstrain,-0.6932878323402,2.16535503838434e-05
PHF21A,Niveispirillum cyanobacteriorum,-0.620656052344786,0.000252934160822502
PHF3,Paracoccus sp. TOH,-0.671378885844188,4.87622460204166e-05
PHF3,Rothia mucilaginosa,-0.687051778056242,2.74743490114314e-05
PHGDH,Rhizobium leguminosarum,-0.636325604988466,0.000156926373705471
PHGDH,Fusarium keratoplasticum,-0.617563784179565,0.000277089263913872
PHGDH,[Candida] auris,-0.602159789284209,0.000430449033845715
PHGDH,Fusarium oxysporum,-0.687543096732142,2.6969443527587e-05
PHGDH,Nocardioides sp. S-1144,-0.621793795507006,0.000244527546414306
PHKB,Veillonella atypica,-0.670784011592409,4.98026234536656e-05
PHKB,Delftia sp. Cs1-4,0.637084571023906,0.000153237801080686
PI4K2A,Pseudonocardia sp. EC080619-01,-0.654951028340651,8.59018592349235e-05
PIAS1,Lacticaseibacillus sp. NCIMB 15474,-0.619874562509568,0.000258855711714406
PIAS1,Mycoplasmopsis felis,-0.621682237752422,0.000245340744369492
PIAS1,Bacillus paralicheniformis,-0.606690471250571,0.000379029662581858
PIAS4,Fusobacterium canifelinum,0.613383182667756,0.000312981554015792
PIGQ,Citrobacter freundii,0.600324019833011,0.000452973559201874
PIGT,Pseudonocardia sp. EC080619-01,0.630135764512168,0.000190077764197088
PIH1D1,Fusobacterium vincentii,-0.63360488291418,0.000170805779162777
PIH1D1,Fusobacterium hwasookii,-0.683301278241545,3.16166951485576e-05
PIK3C2A,Schleiferilactobacillus harbinensis,0.757677310530942,1.24589571245482e-06
PIK3C2A,Solibacillus silvestris,0.634477747842984,0.000166238741736666
PIK3C2B,Pseudomonas oryzihabitans,-0.660897436764673,7.02582968722863e-05
PIK3C3,Pseudomonas putida,-0.629418713575631,0.000194293621750507
PIK3C3,Acetilactobacillus jinshanensis,0.659644520521752,7.33247646841429e-05
PIK3C3,Lactobacillus sp. JM1,0.658309888862712,7.67221067034922e-05
PIK3C3,Cutibacterium acnes,-0.629369887102201,0.000194583686789323
PINK1,Solibaculum mannosilyticum,0.627483302824223,0.000206089718798372
PINK1-AS,Solibaculum mannosilyticum,0.622252293857897,0.000241210337810867
PIP5K1A,Limosilactobacillus pontis,0.614643553543242,0.000301751316543855
PITPNB,Bacillus paralicheniformis,-0.600714764209628,0.000448094087876713
PITPNM1,Streptomyces sp. HUAS CX7,-0.665540054165203,5.98688403138026e-05
PITX1,Corynebacterium kroppenstedtii,0.612013348164627,0.000325604555630016
PITX1,Pseudomonas psychrotolerans,0.62091933762746,0.000250966361633205
PITX1,Heyndrickxia coagulans,-0.676529477196885,4.05356205906965e-05
PITX2,Streptococcus dysgalactiae,-0.629833660766866,0.000191843968821664
PKN2,Tessaracoccus defluvii,0.630272543133924,0.000189282863236915
PKNOX2,Rheinheimera mangrovi,0.607780844978929,0.000367495657589889
PKP1,Neisseria arctica,0.60510507864798,0.00039636975561681
PKP1,Candidatus Methylospira mobilis,0.617021284891572,0.000281531137883734
PKP3,Micrococcus yunnanensis,0.626221808486789,0.000214116069898225
PLA2G4D,Paenibacillus physcomitrellae,0.682267042165669,3.28533924653635e-05
PLAC8,Lacticaseibacillus sp. NCIMB 15474,-0.634149882094244,0.000167941338001065
PLAGL1,Leptotrichia sp. oral taxon 212,-0.74967618134781,1.8594250964536e-06
PLAT,Fusobacterium hwasookii,-0.623734899579003,0.00023075485937766
PLAT,Sphaerotilus sulfidivorans,-0.605625790219428,0.000390598909676512
PLAT,Massilia sp. LPB0304,-0.611350077535331,0.000331876613134241
PLBD1,Amylolactobacillus amylophilus,0.615846933927486,0.000291362831635796
PLBD1-AS1,Loigolactobacillus coryniformis,0.661808391873434,6.81011901985342e-05
PLCB3,Deinococcus radiopugnans,-0.723735384162636,6.19020717559446e-06
PLCG2,Staphylococcus pettenkoferi,0.652209019211288,9.41088015867943e-05
PLD2,Peptacetobacter hiranonis,0.618640273719506,0.00026845835387586
PLD3,Bacteriovorax stolpii,0.642100317021778,0.000130738043840218
PLD3,Truepera radiovictrix,0.608256602978913,0.000362560919711963
PLD6,Lacticaseibacillus rhamnosus,0.612439922784514,0.000321626306435949
PLEC,Paracoccus sp. MC1862,0.603913043699194,0.000409864604311318
PLEC,Corynebacterium kroppenstedtii,0.61245828698554,0.00032145600975249
PLEC,Vibrio anguillarum,0.626571773417452,0.000211862087299154
PLEC,Sphingomonas insulae,0.64865990960681,0.000105765666486011
PLEC,Massilia sp. H6,0.650309523768189,0.000100196636956123
PLEC,Rothia mucilaginosa,0.604004449388209,0.000408815659489756
PLEC,Empedobacter brevis,0.610033872909302,0.000344639796203729
PLEKHA5,Bacillus atrophaeus,0.65032254512858,0.000100153737130737
PLEKHA5,Streptococcus mitis,-0.708543133772566,1.17904063084184e-05
PLEKHA5,Salmonella bongori,0.72654594345836,5.46944692545204e-06
PLEKHA5,Xanthomonas campestris,-0.700795756015671,1.6129497118539e-05
PLEKHA7,Fusobacterium nucleatum,-0.610260391608985,0.000342412855317349
PLEKHG1,Bacillus sp. 7D3,0.643211062163706,0.000126172350014932
PLEKHG4B,Iamia majanohamensis,0.627977585257292,0.000203018290960316
PLEKHG4B,Tardibacter chloracetimidivorans,0.631529351691437,0.000182115713827995
PLK3,Listeria innocua,-0.635105725886936,0.000163020409819091
PLK3,Bacillus velezensis,-0.612903225806452,0.000317354235112394
PLOD1,Porphyromonas somerae,-0.609383118804027,0.000351108774804142
PLOD2,Methylobacterium sp. WL1,-0.603213611277243,0.000417969955573165
PLP2,Enterococcus faecalis,0.605163647758885,0.000395716925070551
PLPBP,Corynebacterium durum,-0.62996549954199,0.000191071410696872
PLPBP,Corynebacterium ureicelerivorans,-0.615707679329766,0.000292548575063981
PLSCR1,Mycoplasmopsis felis,-0.623025447484693,0.000235706798326299
PLXDC2,Staphylococcus pettenkoferi,0.643942828733598,0.000123242485923916
PLXNA2,Shinella sp. HZN7,-0.619534687859975,0.000261469085509827
PLXNB2,Empedobacter brevis,0.652265006365244,9.39344785174251e-05
PMAIP1,Methylobacterium sp. WL1,-0.66439959867396,6.22849361188734e-05
PMAIP1,Plasmodium relictum,-0.681592231511292,3.3683502224654e-05
PMEPA1,Bifidobacterium sp. ESL0775,0.684791403906674,2.99082100510316e-05
PMPCB,Candidatus Karelsulcia muelleri,0.701995681241251,1.53751975396847e-05
PNLIPRP3,Lactobacillus crispatus,0.683203559510567,3.17317310667805e-05
PNLIPRP3,Geobacillus thermoleovorans,0.664818761231333,6.13869857084686e-05
PNN,Schaalia turicensis,-0.610122502777052,0.000343766943607469
PNN,Acutalibacter muris,-0.601087173538288,0.000443486740715467
PNN,Dialister pneumosintes,-0.632432371105988,0.00017711582934311
PNN,Selenomonas sputigena,-0.669282511210762,5.25174502993029e-05
PNPLA7,Micrococcus yunnanensis,0.657177308647929,7.97145494628048e-05
POF1B,Lactobacillus sp. ESL0785,0.613793103448276,0.000309289188282674
POF1B,Haemophilus parainfluenzae,-0.610678531701891,0.000338335412430923
POF1B,Corynebacterium kroppenstedtii,-0.601334816462736,0.000440446126112294
POF1B,Micrococcus luteus,-0.701446051167964,1.57166769818246e-05
POF1B,Lactiplantibacillus pentosus,0.680533926585094,3.50232622164842e-05
POF1B,Heyndrickxia coagulans,0.640934371523915,0.000135688153163833
POF1B,Ligilactobacillus salivarius,0.604004449388209,0.000408815659489756
POF1B,Mycoplasma capricolum,0.604563159154043,0.000402455371014639
POF1B,Staphylococcus nepalensis,0.648994168975251,0.000104615455364879
POF1B,Massilia sp. H6,-0.600377165453264,0.000452307157979771
POGZ,Amylolactobacillus amylophilus,0.600773282060675,0.000447367340004295
POGZ,Priestia megaterium,0.646056870851955,0.000115115283848601
POLDIP2,Arachnia propionica,-0.615119938322771,0.000297600292345623
POLR1D,Bifidobacterium dentium,-0.630412522917188,0.000188472413174062
POLR2A,Pediococcus pentosaceus,-0.671413978361782,4.87014843777423e-05
POLR2E,Cryptosporidium parvum,-0.659206301066505,7.44251541566654e-05
POLR2E,Stenotrophomonas sp. BIO128-Bstrain,-0.626940153303857,0.000209512246636281
POLR2J,Morococcus cerebrosus,0.631307813716501,0.000183361306234448
POLR2L,Morococcus cerebrosus,0.603647242773238,0.000412928354293197
POLR2M,Massilia sp. WG5,0.607060248458696,0.000375082857600681
POLR3C,Sphaerotilus sulfidivorans,-0.619449443607728,0.000262128199447467
POM121,Lacticaseibacillus rhamnosus,0.605120483418627,0.000396197956983401
POM121,Deinococcus radiopugnans,-0.626097947537563,0.000214918885518396
POM121C,Lactobacillus paragasseri,0.688761620190606,2.57529583161211e-05
POR,Lactiplantibacillus pentosus,-0.669410456062291,5.22810649464306e-05
POR,Bombilactobacillus folatiphilus,-0.603266931476086,0.000417347118250247
PORCN,Lactobacillus gasseri,-0.603559510567297,0.00041394402096593
PORCN,Crinalium epipsammum,0.616290899838881,0.000287610813680009
PORCN,Lacticaseibacillus sp. NCIMB 15474,0.661722634240172,6.83017086485359e-05
PORCN,Lactiplantibacillus pentosus,0.707675194660734,1.22176907246419e-05
PORCN,Mycoplasmopsis felis,0.604220511232909,0.000406345602548397
PORCN,Bifidobacterium dentium,-0.624411451780422,0.000226118634953635
POU2F1,Corynebacterium ureicelerivorans,-0.601177178801736,0.000442379503412571
POU2F1,Variovorax paradoxus,-0.614593599316399,0.000302189548372507
POU2F1,Marmoricola scoriae,-0.62614795919607,0.000214594409995077
POU2F1,Micrococcus yunnanensis,-0.658371693901933,7.656173191528e-05
PPARA,Selenobaculum gbiensis,0.605879264445702,0.000387816669537047
PPARD,Cellvibrio sp. PSBB006,0.603598159255707,0.000413496317987541
PPARD,Veillonella atypica,0.605115984387756,0.000396248124737289
PPARD,Veillonella rogosae,0.624999729541494,0.000222154608502312
PPCDC,Brevibacterium aurantiacum,-0.610780304506994,0.000337349499885076
PPCDC,Deinococcus radiopugnans,-0.609694234669564,0.000348002798838998
PPFIBP1,Gemmata obscuriglobus,-0.641991093749413,0.000131194841897001
PPIL2,Capillimicrobium parvum,-0.618798349283728,0.00026721120034919
PPL,Cryptosporidium parvum,0.617392838990382,0.000278482190896816
PPM1A,Pseudoroseomonas cervicalis,-0.601280799418571,0.000441107788255952
PPM1B,Urbifossiella limnaea,-0.7062717719996,1.29381532477885e-05
PPP1CA,Lysinibacillus timonensis,-0.667927953999417,5.50793290688196e-05
PPP1CA,Lactobacillus kefiranofaciens,-0.67394251141036,4.44976169166572e-05
PPP1CA,Lactiplantibacillus paraplantarum,-0.611395564690569,0.00033144309155258
PPP1R10,Aquincola tertiaricarbonis,-0.604295069384375,0.000405496300126369
PPP1R13L,Leptolyngbya sp. 7M,0.625448884934624,0.000219169620736097
PPP1R13L,Amylolactobacillus amylophilus,-0.674159870931101,4.41518707014698e-05
PPP1R15A,Acinetobacter sp. WY4,0.634172234580239,0.00016782477241076
PPP1R3B,Lactobacillus sp. 3B(2020),0.64093491058163,0.000135685826573992
PPP1R3G,Bacillus paralicheniformis,0.619176566947018,0.00026424799721376
PPP1R8,Malassezia restricta,-0.670938811198345,4.95300004399707e-05
PPP1R8,Aspergillus fumigatus,-0.656436088860206,8.17289019649343e-05
PPP1R8,Bacillus subtilis,0.62197841146225,0.000243187034235674
PPP1R8,Fusobacterium nucleatum,-0.618401473627766,0.00027035215973655
PPP1R9B,Staphylococcus pettenkoferi,0.614013452914798,0.000307320342029866
PPP2CB,Pseudomonas putida,-0.626311478773559,0.000213536523888343
PPP2CB,Sugiyamaella lignohabitans,-0.674565507475093,4.35130630479955e-05
PPP2CB,Aspergillus puulaauensis,-0.602126318717836,0.000430850706632228
PPP2R1B,Malassezia restricta,-0.689461795904924,2.50764486355889e-05
PPP2R1B,Cutibacterium acnes,-0.644905530400465,0.000119480259473493
PPP2R5A,Phocaeicola vulgatus,0.611296253476967,0.000332390237648263
PPP2R5B,Nocardioides seonyuensis,-0.667362130138341,5.61821465005375e-05
PPP3CB-AS1,Aspergillus fumigatus,-0.618524008012518,0.000269378928583857
PPP3CC,Enterobacter asburiae,-0.663567072108283,6.41032886443113e-05
PPP4R1,Methylobacterium sp. WL1,-0.648227062553006,0.000107271853815007
PPP6C,Cellvibrio sp. PSBB006,-0.63980012497808,0.000140662889407367
PPP6R2,Shinella sp. HZN7,-0.610280478964598,0.000342215988157563
PPT1,Lactobacillus gasseri,0.691657397107898,2.30572279120391e-05
PPTC7,Gemella morbillorum,-0.61967950087211,0.000260352743905963
PRDM2,Pseudomonas putida,-0.607582335228888,0.000369572138516681
PRDX2,Bacillus sp. 7D3,0.605430332135119,0.000392756348411002
PRDX2,Sphaerotilus sulfidivorans,0.605607448991399,0.000390800912139451
PRELID1,Sugiyamaella lignohabitans,0.606338283768775,0.000382822748569697
PRELID3B,Corynebacterium bovis,-0.690525685212428,2.40790193094912e-05
PRKAA1,Veillonella atypica,-0.613116132676528,0.000315407914432855
PRKAB1,Enterococcus faecalis,-0.613793103448276,0.000309289188282674
PRKACA,Tardibacter chloracetimidivorans,-0.60446464827585,0.000403570429678353
PRKAR1A,Neisseria meningitidis,-0.601858913893148,0.000434071652936583
PRKCB,Stenotrophomonas sp. BIO128-Bstrain,-0.604629890756414,0.000401701570992782
PRKCSH,Pseudoroseomonas cervicalis,0.633002362505768,0.000174022952147069
PRKDC,Stenotrophomonas sp. BIO128-Bstrain,-0.607766627081534,0.000367644038647895
PRMT5,Lacticaseibacillus sp. NCIMB 15474,0.614643553543242,0.000301751316543855
PRMT5-AS1,Mycoplasmopsis felis,0.633323388765431,0.000172302192621846
PRMT5-AS1,Lacticaseibacillus sp. NCIMB 15474,0.666953643206497,5.69905311299056e-05
PRPF8,Listeria monocytogenes,0.671934186312642,4.78086689449125e-05
PRRC2A,Cardiobacterium hominis,-0.62488362957378,0.000222932018456331
PRRG2,Streptomyces sp. T12,0.677275829396943,3.945286212642e-05
PRRG2,Stenotrophomonas maltophilia,0.618517755469637,0.000269428514341369
PRSS8,Comamonas aquatica,0.665431754395705,6.00946226572875e-05
PRSS8,Aspergillus puulaauensis,0.607709834284581,0.000368237268155956
PRXL2B,Streptococcus anginosus,-0.618793141839234,0.000267252203217025
PSD4,Corynebacterium simulans,-0.646718703598411,0.000112670905891251
PSG4,Neisseria meningitidis,0.642248173378142,0.00013012192658343
PSKH1,Gemmata obscuriglobus,-0.601584361791262,0.000437400750794094
PSMA3-AS1,Rhizoctonia solani,-0.622504012605666,0.000239406164969612
PSMA3-AS1,Fusarium oxysporum,-0.61768756790758,0.000276084477416255
PSMA4,Sphingomonas sp. SUN019,-0.608585621211492,0.000359182522319
PSMA4,Hydrogenophaga sp. NH-16,-0.600914285714286,0.000445620444677078
PSMA4,Cryptosporidium parvum,-0.638006832468225,0.000148859419384645
PSMA4,Sphingomonas sp. CL5.1,-0.606579731171682,0.000380218751498858
PSMB7,Furfurilactobacillus rossiae,-0.646776640127727,0.000112459141969136
PSMB8,Solibaculum mannosilyticum,-0.601157358138813,0.000442623126198071
PSMB8-AS1,Lacticaseibacillus sp. NCIMB 15474,-0.635556445554048,0.000160744741860133
PSMB9,Cardiobacterium hominis,-0.605618745732514,0.000390676483753947
PSMC4,Sphaerotilus sulfidivorans,-0.622713986789935,0.000237910345744945
PSMC4,Streptococcus dysgalactiae,-0.64793931676361,0.000108283669013021
PSMD11,Salmonella bongori,0.616509206848843,0.000285781591020112
PSMD11,Fusobacterium nucleatum,-0.690796016630702,2.38313180908879e-05
PSMD4,Neisseria sp. oral taxon 014,0.623190411011058,0.000234547039461418
PSMD6,Stenotrophomonas sp. BIO128-Bstrain,-0.637423545166766,0.000151615421241008
PSMD7,Leptospira kobayashii,-0.661823054586118,6.80669585209009e-05
PSMG2,Humisphaera borealis,-0.610993184519594,0.000335295449719094
PTAR1,Comamonas thiooxydans,0.627405284415339,0.000206578264279599
PTAR1,Sphingomonas profundi,-0.612107238799124,0.000324725216670995
PTBP1,Gardnerella vaginalis,0.606459173354399,0.000381517000845138
PTCD1,Stenotrophomonas sp. BIO128-Bstrain,-0.618183773293459,0.000272088923552614
PTK6,Cardiobacterium hominis,0.635453429344475,0.000161262364884428
PTOV1-AS2,Nocardioides sp. zg-1228,-0.648309723009625,0.000106982751602396
PTOV1-AS2,Agrobacterium pusense,-0.607424854881451,0.000371226796142138
PTOV1-AS2,Corynebacterium sp. FDAARGOS 1242,0.655311778290993,8.48710695802733e-05
PTP4A2,Nitrosomonas stercoris,0.613707239008735,0.000310059409542568
PTPN23,Limosilactobacillus reuteri,-0.624471635150167,0.000225710240305117
PTPRF,Cupriavidus metallidurans,-0.63251625840404,0.000176657601740211
PTPRH,Fusobacterium pseudoperiodonticum,-0.656228571428572,8.23009302583402e-05
PURB,Neisseria elongata,-0.607406722221618,0.000371417736424539
PUSL1,Acinetobacter towneri,-0.62573853353014,0.000217263582773773
PWWP2B,Paracoccus sp. MC1862,0.604583065567204,0.000402230377769748
PYM1,Paracoccus aestuarii,0.664253314425347,6.26010643999231e-05
QKI,Sphingomonas insulae,-0.615184011135637,0.000297045857367846
QRICH1,Corynebacterium accolens,-0.65352928078379,9.00738509996837e-05
QRICH1,Malassezia restricta,-0.623859398553937,0.00022989543363594
QRICH1,Cutibacterium acnes,-0.620298303164403,0.000255629869133697
RAB11A,Veillonella rogosae,-0.655991451667518,8.2958927559612e-05
RAB11FIP5,Aureimonas sp. AU12,-0.609658548805802,0.000348357826853654
RAB11FIP5,Sphingomonas insulae,0.648144895784176,0.000107559918641663
RAB1B,Duodenibacillus massiliensis,-0.614028883306577,0.000307182885775752
RAB25,Furfurilactobacillus rossiae,-0.649477546272845,0.000102971821354317
RAB27A,Roseomonas mucosa,-0.648811298525418,0.000105243338139649
RAB31,Sphingomonas insulae,-0.622394204652505,0.000240191729342513
RAB31,Deinococcus radiopugnans,-0.682972481877898,3.20052531684715e-05
RAB35,Bifidobacterium sp. ESL0775,0.618572616360143,0.00026899371565123
RAB35,Scardovia inopinata,0.619171448263707,0.000264287905392664
RAB35,Lactiplantibacillus pentosus,-0.617352614015573,0.000278810858251411
RAB5B,Nocardioides seonyuensis,0.600377165453264,0.000452307157979771
RAB8A,Actinomyces sp. HMT 175,-0.60608416167106,0.000385580424357824
RAB8A,Paracoccus sp. MC1862,-0.706766315420582,1.26800248380265e-05
RAB8A,Paracoccus sanguinis,-0.671882586113317,4.78965696926704e-05
RAB8A,Stenotrophomonas sp. BIO128-Bstrain,-0.631508215734707,0.000182234225413338
RABGEF1,Fusarium oxysporum,-0.608796871170155,0.000357028060770216
RABGEF1,Parascardovia denticolens,-0.601807701245131,0.000434690935344494
RABIF,Sphingomonas sp. SUN019,-0.653349019250102,9.06155101703457e-05
RAD21,Enterobacter hormaechei,-0.637813815016765,0.000149766447443652
RAD21,Candidatus Hodgkinia cicadicola,0.614410052964676,0.000303804574775467
RAD23B,Leptolyngbya sp. 7M,-0.661156738688522,6.96381547606102e-05
RAD23B,Bacillus velezensis,0.615127919911012,0.000297531176202573
RAD9A,Acetilactobacillus jinshanensis,-0.680624030029762,3.49073643923881e-05
RAI1,Nocardioides seonyuensis,-0.638062608133652,0.000148598228934535
RAI1,Variovorax paradoxus,-0.613816371762456,0.00030908075826836
RAI1,Pseudomonas putida,-0.647254815184112,0.000110724848763543
RAI1,Sphaerotilus sulfidivorans,-0.681265604300391,3.40920094180429e-05
RAI1,Massilia sp. REN29,-0.606616338840936,0.000379825307256195
RALGPS2,Pseudomonas putida,-0.619006116109067,0.000265579801032264
RALGPS2,Sphaerotilus sulfidivorans,-0.73177688843111,4.326456892586e-06
RALY,Lactobacillus sp. 3B(2020),-0.711229553237107,1.05517907546274e-05
RALY,Microbacterium aurum,0.661483239701329,6.88642535973219e-05
RAN,Streptomyces albidoflavus,0.600434561603724,0.000451588428933494
RANBP2,Staphylococcus pettenkoferi,0.619556289519116,0.000261302293231798
RAP1A,Truepera radiovictrix,-0.63128767298155,0.000183474921057023
RAP1B,Staphylococcus pettenkoferi,0.604339248722104,0.000404993785987812
RAP1GDS1,Lactiplantibacillus pentosus,0.647451655509598,0.000110017875259289
RAPGEF5,Staphylococcus pseudintermedius,0.600786274981817,0.000447206118620192
RAPGEF5,Lactobacillus panisapium,0.63384068713695,0.000169561144156871
RASGEF1B,Lactiplantibacillus plantarum,0.684093437152391,3.06978660093895e-05
RASGEF1B,Ligilactobacillus murinus,0.60748877681034,0.000370554377100765
RASGEF1B,Lactobacillus acidophilus,0.62313681868743,0.000234923259179839
RASGEF1B,Staphylococcus nepalensis,0.640487174004206,0.00013763053717608
RASGEF1B,Lactobacillus sp. ESL0785,0.616907675194661,0.000282469286590434
RASGRP1,Malassezia restricta,-0.612507459908285,0.000321000406861756
RASSF1,Aspergillus fumigatus,-0.682227622872685,3.29013745180141e-05
RASSF3,Staphylococcus pettenkoferi,0.641434268307724,0.000133545756917983
RASSF5,Paracoccus aestuarii,-0.659817771487337,7.28937444858725e-05
RBBP5,Acinetobacter ursingii,-0.648303907457909,0.000107003068588418
RBBP5,Priestia megaterium,0.60959335016199,0.000349007294693432
RBBP5,Gemmata obscuriglobus,-0.60688783691469,0.000376918551001583
RBKS,Streptococcus pyogenes,0.626311478773559,0.000213536523888343
RBM14,Roseomonas haemaphysalidis,0.608982095539657,0.000355148419717103
RBM14,Roseomonas sp. OT10,0.646658985476986,0.00011288955316695
RBM14,Helicobacter pylori,0.675221341797822,4.2497722796582e-05
RBM33,Agrobacterium pusense,-0.618775406081091,0.000267391894476493
RBM4,Sphaerotilus sulfidivorans,-0.608050284331063,0.00036469370395208
RBM4,Comamonas aquatica,-0.604034441168394,0.000408471998785923
RBM42,Prevotella sp. E13-17,-0.601830442533875,0.00043441584316737
RBM47,Haemophilus influenzae,-0.626816028653771,0.000210301425379978
RBP1,Mycoplasmoides fastidiosum,0.663433080291834,6.44003335812744e-05
RBP1,Clostridium chauvoei,0.639313572787145,0.000142846106852864
RBP1,[Ruminococcus] gnavus,0.631054604935955,0.000184794219888451
RBSN,Methylorubrum extorquens,-0.650025317800971,0.000101137061471783
RBSN,Modestobacter sp. L9-4,-0.630728311510307,0.000186655367545646
RC3H1,Cutibacterium modestum,-0.613825383077112,0.000309000071188421
RC3H1,Amylolactobacillus amylophilus,0.615401797003794,0.000295168133511301
RCC2-AS1,Bifidobacterium bifidum,-0.638327272020686,0.00014736438385701
RCSD1,Lactobacillus johnsonii,0.602754896801593,0.000423362174749258
REEP4,Solibaculum mannosilyticum,0.63128767298155,0.000183474921057023
REEP5,Staphylococcus pettenkoferi,0.652881253093356,9.20346460299496e-05
REEP5,Roseomonas mucosa,-0.613951904569159,0.000307869165028473
RELB,Enterococcus faecalis,0.624304535477629,0.000226845766604379
REPS1,Streptococcus sp. 116-D4,-0.621929644235877,0.000243540503273996
REST,Lactobacillus sp. ESL0680,0.635901933984231,0.000159019530533771
REST,Methylobacterium sp. WL1,-0.652495635494547,9.32194161039526e-05
REST,Pochonia chlamydosporia,-0.620007203849188,0.000257842090878476
REST,Ustilaginoidea virens,-0.70353502356599,1.44540441744088e-05
REST,Cutibacterium modestum,-0.639732294888989,0.000140965460656572
REST,Pseudomonas putida,-0.795972022612052,1.45013834863534e-07
REST,Malassezia restricta,-0.657291452517281,7.94083175123635e-05
REST,Amylolactobacillus amylophilus,0.633452575641444,0.000171614000721297
REST,Corynebacterium durum,-0.625855613534985,0.000216497314441479
REST,Nocardioides seonyuensis,-0.703222802825808,1.46367611138365e-05
RETSAT,Brevibacillus sp. NSP2.1,0.612341660237962,0.000322538879240396
RETSAT,Staphylococcus warneri,-0.68563570761415,2.89773673016813e-05
RFK,Corynebacterium bovis,-0.6182847029687,0.000271282506014473
RFNG,Lactobacillus sp. 3B(2020),-0.60878235048871,0.000357175785939098
RFX1,Crinalium epipsammum,-0.617654828250347,0.000276349920190644
RFXANK,Sutterella wadsworthensis,0.695519487815726,1.98567021186485e-05
RFXANK,Simonsiella muelleri,0.638533943502728,0.000146407234739202
RGL2,Granulicatella adiacens,0.606593131171232,0.000380074692086791
RGP1,Staphylococcus epidermidis,-0.610626756961308,0.000338837950285311
RGS14,Latilactobacillus sakei,0.617980759073064,0.000273717411924015
RGS16,Dolosigranulum pigrum,-0.739857557015724,2.97988728073868e-06
RGS16,Cupriavidus metallidurans,-0.733227742024626,4.05024449640031e-06
RGS16,Pseudomonas putida,-0.629883372224498,0.000191552341322771
RGS16,Malassezia restricta,-0.623120337248799,0.000235039066787614
RGS17,Rhizoctonia solani,-0.64614757306015,0.000114777522056226
RHBDD2,Lacticaseibacillus sp. NCIMB 15474,-0.649843912533517,0.000101741426529473
RHBDD2,Lactobacillus crispatus,-0.617595037720069,0.000276835265561656
RHBG,Niveispirillum cyanobacteriorum,-0.637563274653556,0.000150951109934373
RHOB,Lactococcus cremoris,-0.619646238120694,0.000260608787565506
RHOU,Bifidobacterium dentium,0.620486842115014,0.000254206039514205
RIC8A,Pseudomonas sp. BIOMIG1BAC,0.607278607449769,0.00037276928007079
RIN3,Plasmodium relictum,0.610871654114709,0.000336466722690109
RING1,Cloacibacterium normanense,0.606301725737812,0.000383218393378977
RING1,Staphylococcus pettenkoferi,0.675500501415251,4.20720112124886e-05
RIOK3,Lactobacillus amylovorus,0.689633821234111,2.49126979915619e-05
RIOK3,Bacillus altitudinis,0.628476084538376,0.000199961836380296
RIOK3,Lactobacillus amylolyticus,0.606074094305483,0.000385690033104623
RLIM,Lactobacillus johnsonii,0.600638618613522,0.000449041316422806
RLIM,Candidatus Karelsulcia muelleri,0.673246836735105,4.56205506747456e-05
RMC1,Sphingomonas hankookensis,-0.613427840872047,0.000312577412867287
RMC1,Blastococcus sp. PRF04-17,-0.622313599124824,0.000240769831993156
RMDN1,Pseudomonas oryzihabitans,-0.642140254390504,0.000130571369645995
RMND5A,Pseudocnuella soli,-0.614821496139231,0.000300194846603714
RMND5B,Latilactobacillus curvatus,-0.671936468123661,4.78047852225637e-05
RMND5B,Candida albicans,0.617210166416304,0.000279977519634801
RNASEH2C,Acinetobacter pittii,0.653452520977527,9.03041489689032e-05
RNASEK,Pseudoroseomonas cervicalis,0.630144564029444,0.000190026536045624
RNASEK,Sphaerotilus sulfidivorans,0.70356966595807,1.44338978558056e-05
RND1,Haemophilus influenzae,-0.604830608248646,0.000399441766219751
RND3,Pseudoroseomonas cervicalis,-0.629573004334179,0.000193379540678338
RND3,Sphaerotilus sulfidivorans,-0.659361075737213,7.40348358584709e-05
RNF103-CHMP3,Pseudomonas sp. FP215,-0.619829613645719,0.000259200001876672
RNF103-CHMP3,Rothia mucilaginosa,0.622494818040964,0.000239471855346505
RNF11,Nocardioides okcheonensis,-0.601053011440742,0.000443907638896083
RNF114,Veillonella rogosae,-0.637185919311203,0.000152751124665246
RNF126,Colletotrichum higginsianum,0.628295812715808,0.000201062396174641
RNF126,Lactobacillus sp. 3B(2020),-0.700833521063303,1.61052590745067e-05
RNF126,Roseomonas sp. OT10,0.600812495619793,0.000446880918300098
RNF135,Brevundimonas sp. Bb-A,0.659612260908923,7.34052720882173e-05
RNF135,Hymenobacter swuensis,0.677012459041157,3.98319484179835e-05
RNF135,Saccharomycodes ludwigii,0.610314395908801,0.000341883810266502
RNF135,Sphingobium xenophagum,0.650082927353771,0.000100945801210586
RNF145,Veillonella rodentium,-0.642619558495955,0.000128585739761602
RNF166,Acinetobacter ursingii,-0.6487577428849,0.000105427854839061
RNF170,Sphingomonas sp. SUN019,-0.625009221184216,0.000222091158439917
RNF181,Corynebacterium urealyticum,0.637943613915394,0.000149155957117982
RNF19B,Lactobacillus intestinalis,-0.679501514015401,3.63760546314468e-05
RNF223,Bifidobacterium dentium,-0.622011023325716,0.000242950914190703
RNF26,Acinetobacter variabilis,-0.608248451202416,0.000362644977960083
RNF26,Streptococcus toyakuensis,-0.744355017740778,2.40720785781533e-06
RNF34,Pseudomonas putida,-0.649352876601735,0.000103393520893989
RNF34,Malassezia restricta,-0.609054713085351,0.000354413890402419
RNF34,Cupriavidus metallidurans,-0.657575544613707,7.86506901764788e-05
RNF34,Cutibacterium acnes,-0.630389594259063,0.000188604953517264
RNF39,Eremothecium sinecaudum,-0.601830442533875,0.00043441584316737
RNF4,Sphaerotilus sulfidivorans,-0.601906628046261,0.000433495375453143
RNF40,Priestia megaterium,0.648341929356981,0.000106870298933859
RNF43,Mobiluncus sp. Marseille-Q7826,-0.608045912592547,0.000364739015613489
RNF7,Methylobacterium brachiatum,-0.629532711887712,0.000193617880734195
RNF7,Kocuria rosea,-0.626756003145704,0.00021068400916388
RNPEPL1,Heyndrickxia coagulans,-0.639599555061179,0.000141559250683686
RNPEPL1,Corynebacterium jeddahense,0.613740031096667,0.000309765058081742
RNU4-1,Selenobaculum gbiensis,0.616165985420168,0.000288662138437977
RPL12,Pseudomonas sp. FP215,0.612287082716568,0.000323046732989134
RPL15,Streptococcus oralis,-0.616292070851178,0.000287600974060456
RPL21,Bacteriovorax stolpii,-0.603407702801744,0.000415706687687532
RPL22,Carnobacterium maltaromaticum,0.627135273066061,0.0002082769906683
RPL23A,Megasphaera hexanoica,-0.614586819699988,0.000302249067031911
RPL23AP82,Sugiyamaella lignohabitans,-0.716843669057668,8.33387459419951e-06
RPL23AP82,Vibrio anguillarum,-0.653574770674848,8.9937617546184e-05
RPL28,Acinetobacter pittii,0.626251390433815,0.000213924725576682
RPL35,Pseudomonas psychrotolerans,-0.607928284022103,0.000365960064887074
RPL37,Acinetobacter towneri,0.693718877311395,2.12955185397719e-05
RPL5,Aeromonas caviae,0.603700804372306,0.000412309357985257
RPL9,Sphingomonas insulae,-0.604368720860335,0.000404658863091701
RPL9,Leishmania mexicana,-0.608784616824953,0.000357152725967854
RPL9,Heyndrickxia coagulans,0.614238042269188,0.000305325019461377
RPL9,Bacillus halotolerans,0.705756367636633,1.32121939466893e-05
RPL9,Fulvia fulva,-0.604718510835193,0.000400702443660282
RPL9,Amylolactobacillus amylophilus,0.638103780112072,0.000148405687060664
RPLP0,Cupriavidus taiwanensis,0.63775853885697,0.000150027104238687
RPS11,Morococcus cerebrosus,0.631474590624865,0.000182422906066832
RPS13,Bacillus paralicheniformis,-0.638797574470006,0.000145194312336009
RPS14,Pseudoroseomonas cervicalis,0.607853735914116,0.000366735781758239
RPS15A,Scardovia inopinata,-0.642280484060973,0.000129987632334131
RPS16,Enterococcus faecalis,0.609788654060067,0.000347064988943445
RPS2,Parascardovia denticolens,-0.608711075457014,0.000357901680383665
RPS2,Scardovia inopinata,-0.60485389347627,0.000399180333556818
RPS25,Pseudomonas sp. CBS,0.601294495173743,0.000440939944251123
RPS26,Neisseria sp. oral taxon 014,0.600081375213792,0.000456027120395843
RPS29,Granulicatella adiacens,-0.639200862081026,0.000143356129450069
RPS3,Lawsonella clevelandensis,0.617352614015573,0.000278810858251411
RPS3,Fenollaria massiliensis,0.6540756173969,8.84497770051167e-05
RPS6KA2,Sphingomonas hankookensis,-0.609424450041757,0.000350694746205383
RPS6KA3,Massilia sp. WG5,-0.607161331423805,0.000374010283545654
RPS6KA3,Schaalia odontolytica,-0.67669355581617,4.02953306196128e-05
RPS6KB2,Dermabacter jinjuensis,0.68625591865905,2.83102298645995e-05
RPS6KB2,Corynebacterium amycolatum,0.646948607154614,0.000111832670044416
RPSA,Rhizoctonia solani,0.63765864318838,0.000150499188660564
RPSA,Sporisorium graminicola,0.611953306115308,0.00032616798559745
RPSA,Lysinibacillus timonensis,-0.604273373911502,0.00040574327469061
RPSA,Thalassiosira pseudonana,0.601578244905543,0.000437475176977196
RPSA,Marasmius oreades,0.76544225939111,8.32327090363739e-07
RPSA,Phaeodactylum tricornutum,0.615567466285747,0.000293746788606649
RPTN,Anaerobutyricum hallii,-0.626796351114017,0.00021042677594559
RRAGD,Empedobacter brevis,-0.61288169757562,0.000317551628293674
RRAS2,Aspergillus fumigatus,0.674521917064454,4.35813114175749e-05
RREB1,Pseudomonas sp. CBS,-0.606124169833773,0.000385145105834933
RSAD1,Sutterella wadsworthensis,0.666640922674815,5.76164057048628e-05
RSRC2,Prevotella veroralis,-0.62966543142717,0.000192833793838584
RSRC2,Enterocloster bolteae,-0.628361367980908,0.000200661561264338
RSRP1,Staphylococcus cohnii,-0.656471116459495,8.16326978988391e-05
RTL8A,Pseudomonas psychrotolerans,-0.604280773791666,0.000405659021837838
RTL8A,Corynebacterium matruchotii,-0.600190882036098,0.000454646793900198
RTRAF,Streptococcus sanguinis,-0.692755345158223,2.21033003687757e-05
RTRAF,Paracoccus sp. TOH,-0.628668830340155,0.000198791035337127
RTRAF,Bacillus velezensis,0.636567914524212,0.000155740271285479
RTRAF,Epilithonimonas vandammei,-0.649054010220658,0.00010441071712621
RTRAF,Pseudomonas aeruginosa,-0.600960206741259,0.000445052827627018
RTRAF,Streptococcus oralis,-0.660050125249272,7.23192367426289e-05
RUVBL2,Acinetobacter towneri,-0.607028130735755,0.000375424221009511
RYK,Paracoccus sanguinis,-0.7225916412701,6.50727413940259e-06
S100A13,Ottowia testudinis,0.618267322975032,0.00027142121944531
S100P,Lacticaseibacillus sp. NCIMB 15474,-0.618923469970236,0.000266227685460051
S100P,Lactobacillus gasseri,0.610233592880979,0.000342675653340854
S1PR4,Talaromyces marneffei,-0.600324892070997,0.000452962615095963
SAFB2,Paracoccus sp. TOH,-0.693330056372659,2.16182412488711e-05
SAFB2,Acinetobacter ursingii,-0.611543237871566,0.000330039118085516
SAFB2,Schizosaccharomyces osmophilus,-0.663509448391593,6.42308836946247e-05
SAMD4B,Helicobacter pylori,-0.653723863385626,8.94924002526158e-05
SAMD4B,Candidatus Karelsulcia muelleri,-0.712426303218119,1.00387711520366e-05
SAMD8,Methylobacterium sp. WL1,-0.662758424636989,6.59147310739621e-05
SAMD9,Neisseria macacae,-0.60395081623676,0.000409430850409626
SAMHD1,Cardiobacterium hominis,-0.661202627639186,6.95289179163145e-05
SARAF,Roseomonas mucosa,-0.655593298161572,8.40743459509564e-05
SASH1,Candidatus Methylospira mobilis,0.619874562509568,0.000258855711714406
SASH3,Rhizobium sp. BT-175,-0.601040751601032,0.00044405877350818
SATB1,Sphingomonas hankookensis,-0.656338723412789,8.19968497521808e-05
SATB1,Sphingomonas profundi,-0.625874956115688,0.000216370951407596
SBF2,Deinococcus radiopugnans,-0.608909953822361,0.000355879466450599
SBF2,Penicillium oxalicum,-0.663280476548641,6.47401360520638e-05
SBF2,Leptolyngbya sp. 7M,-0.739438729109862,3.03903939171422e-06
SBNO2,Gardnerella vaginalis,0.651225348104393,9.72189847654081e-05
SBSN,Candidatus Methylospira mobilis,0.603230443071259,0.000417773253647652
SBSN,Staphylococcus condimenti,0.638351642480847,0.000147251229501749
SCAF8,Aristaeella lactis,0.605058573354797,0.000396888795281188
SCAF8,Roseburia intestinalis,0.600173845394721,0.000454861297608298
SCAMP2,Scheffersomyces stipitis,0.622727840127563,0.000237811948703578
SCAMP2,Paracoccus sp. TOH,0.600349264896007,0.000452656899644787
SCAMP3,Blautia wexlerae,0.609930072576992,0.000345664539650159
SCAND1,Undibacterium parvum,-0.600332560385501,0.000452866409584933
SCAND1,Staphylococcus pseudintermedius,-0.636040044493882,0.000158334484201835
SCAND1,Acetilactobacillus jinshanensis,-0.61959949330589,0.000260968987524771
SCAP,Stenotrophomonas sp. BIO128-Bstrain,-0.652571367556337,9.29856702773907e-05
SCEL,Bacillus velezensis,0.610233592880979,0.000342675653340854
SCEL-AS1,Pseudomonas putida,-0.60369419150301,0.000412385736756417
SCNN1A,Aureimonas sp. AU12,-0.652318729244433,9.376747617401e-05
SCNN1D,Candidatus Karelsulcia muelleri,-0.655467798026415,8.44286935982844e-05
SCOC,Paracoccus sp. M09,-0.663453913865318,6.43540673029852e-05
SCOC,Clostridium chauvoei,-0.601658523072907,0.000436499293142362
SCRIB,Nocardioides okcheonensis,0.627374738337906,0.0002067698210633
SCYL1,Brettanomyces nanus,0.669962634978979,5.12717594059354e-05
SCYL2,Ezakiella coagulans,0.616481451283502,0.000286013586119569
SDF2L1,Colletotrichum higginsianum,0.608672146790048,0.000358298695680131
SDF2L1,Lactobacillus sp. 3B(2020),-0.70437924342259,1.39702225272833e-05
SDF2L1,Limosilactobacillus gastricus,-0.694754221672003,2.04571733422676e-05
SDHC,Corynebacterium amycolatum,-0.605320053693937,0.000393978218687944
SDHC,Fusobacterium nucleatum,-0.64766944148089,0.000109240358946887
SDR9C7,Pseudomonas sp. CBS,0.607399156123009,0.000371497434474492
SEC13,Neisseria subflava,-0.649541126788436,0.000102757348475418
SEC13,Lactobacillus sp. ESL0680,0.669384906417179,5.2328193191613e-05
SEC13,Pseudomonas putida,-0.61608938547486,0.000289308510816475
SEC16A,Staphylococcus pettenkoferi,-0.640987587062385,0.000135458644265386
SEC22B,Brevibacterium aurantiacum,-0.610184056448061,0.000343161894471083
SEC31A,Salmonella bongori,0.60110136195841,0.000443312033979555
SEC31A,Citrobacter sp. S171,0.600505915210735,0.000450696324179583
SEC62,Stenotrophomonas sp. BIO128-Bstrain,-0.662749564520686,6.59348291404479e-05
SECISBP2,Methylobacterium sp. WL1,-0.623591999897302,0.000231744813659512
SECISBP2,Lawsonella clevelandensis,-0.732572446196318,4.17296179275462e-06
SEL1L,Kocuria rhizophila,-0.610690801813354,0.000338216412362435
SEL1L,Thalassiosira pseudonana,-0.600660079770702,0.000448774167642167
SELENOF,Empedobacter brevis,-0.620686498708386,0.00025270590789201
SELENON,Acidovorax temperans,0.628472329294419,0.000199984707558159
SEMA3C,Lactobacillus sp. ESL0785,0.624973682806082,0.000222328809148211
SEMA4B,Lacticaseibacillus sp. NCIMB 15474,-0.633895362299178,0.000169273707200445
SEMA4B,Paracoccus sp. M09,-0.618115302372287,0.000272637205762331
SEMA4D,Staphylococcus pettenkoferi,0.646419670307512,0.000113769557774128
SEMA5A,Clostridioides difficile,0.667253850209751,5.63954249822512e-05
SEMA5A,Enterobacter bugandensis,0.614760493284018,0.000300727639252041
SENP5,Amylolactobacillus amylophilus,0.66629595272713,5.83139435267543e-05
SENP5,Acinetobacter ursingii,-0.67326332055361,4.55936524838505e-05
SENP5,Priestia megaterium,0.726646176334293,5.44520347615853e-06
SEPTIN10,Methylobacterium sp. WL1,-0.639477985635112,0.000142105021214133
SEPTIN10,Limnobacter sp. SAORIC-580,-0.651040144172053,9.78147038403488e-05
SEPTIN10,Thalassiosira pseudonana,-0.614498350391457,0.000303026694871348
SEPTIN10,Pseudomonas aeruginosa,-0.718656139723462,7.71341463716961e-06
SEPTIN10,Paracoccus marcusii,-0.620044927880516,0.000257554453128043
SEPTIN11,Stenotrophomonas maltophilia,0.625361512791991,0.000219747476453176
SEPTIN7,Corynebacterium sp. SCR221107,-0.60200146467966,0.000432351968163133
SEPTIN7,Veillonella rogosae,-0.716946498068424,8.29750458859346e-06
SEPTIN8,Pseudomonas oryzihabitans,-0.744029941414925,2.44498517835793e-06
SEPTIN9,Gardnerella piotii,0.630755510599927,0.000186499593569117
SERF2,Variovorax sp. PAMC 28711,-0.601322792483255,0.00044059333375693
SERINC5,Acetilactobacillus jinshanensis,0.612914056542285,0.000317254968677949
SERPINB13,Sphingomonas sp. PAMC26645,-0.608854768281485,0.000356439584557049
SERPINB7,Staphylococcus sp. T93,0.601499258606176,0.000438437232530422
SERPINB9P1,Streptococcus toyakuensis,-0.60728207793978,0.000372732611108203
SETD1B,Agrobacterium pusense,-0.604990542552721,0.000397649158305173
SETD7,Prevotella veroralis,-0.609797289301541,0.000346979331867179
SETD7,Anaerostipes hadrus,-0.612275752496447,0.000323152251258769
SETX,Cryptosporidium parvum,-0.655865921787709,8.33091636047096e-05
SF3A1,Eggerthella lenta,0.60657628897435,0.00038025576531572
SF3B1,Roseomonas mucosa,-0.622688040667639,0.000238094732038572
SF3B2,Roseomonas mucosa,-0.636322825058922,0.00015694002785671
SFPQ,Roseomonas mucosa,-0.658335484809362,7.66556527401193e-05
SFPQ,Micrococcus luteus,-0.643430243048424,0.000125288356338629
SFXN4,Phocaeicola dorei,0.61805802579781,0.00027309659960514
SH3BGRL2,Streptococcus pseudopneumoniae,-0.640323052105204,0.000138349570850017
SH3BP1,Microbacterium aurum,0.638682615006213,0.000145722119313257
SH3BP1,Sugiyamaella lignohabitans,0.660738727919992,7.06402900423367e-05
SH3BP1,Cryptomonas paramecium,0.600048281689248,0.000456444987917893
SH3D19,Sphaerotilus sulfidivorans,-0.625451077556442,0.000219155136665568
SH3D21,Sphaerotilus sulfidivorans,0.67367863052465,4.4920618309106e-05
SH3GL3,Eremothecium sinecaudum,-0.693539704158739,2.14436913779049e-05
SH3PXD2A,Nocardioides okcheonensis,0.70513250036439,1.35508862101197e-05
SH3YL1,Methylobacterium sp. WL1,-0.621242458666984,0.000248569880180907
SH3YL1,Bacillus amyloliquefaciens,0.607582335228888,0.000369572138516681
SH3YL1,Xanthomonas campestris,-0.64622007869116,0.000114508156390839
SH3YL1,Corynebacterium matruchotii,-0.766334123369427,7.93868301198362e-07
SH3YL1,Salmonella bongori,0.710814277784318,1.07352538162177e-05
SH3YL1,Ligilactobacillus salivarius,0.606244539261412,0.000383838010554809
SHOC2,Pseudomonas putida,-0.606960591687486,0.000376142954695116
SHOC2,Sphingomonas naphthae,-0.732066776011682,4.26994489116937e-06
SHOC2,Massilia forsythiae,-0.677717270976505,3.88247071657343e-05
SHOC2,Leptolyngbya sp. 7M,-0.655384811929048,8.46637344460592e-05
SHOC2,Vibrio anguillarum,-0.604832332435035,0.000399422402906781
SHOC2,Sphingomonas profundi,-0.758225595009939,1.21150190044447e-06
SHPK,Porphyromonas sp. oral taxon 275,0.630249698896153,0.000189415419038373
SHPK,Streptococcus anginosus,0.638189729076772,0.000148004458699716
SHPK,Leptolyngbya sp. 7M,0.725879732076463,5.6330766512481e-06
SIGIRR,Nocardioides sp. S-1144,-0.603116273869912,0.000419109074960501
SIGIRR,Brevundimonas sp. Bb-A,-0.601170509039261,0.000442461470630866
SIK1,Geobacillus thermoleovorans,-0.699375122644015,1.70654484495806e-05
SIN3A,Stenotrophomonas sp. BIO128-Bstrain,-0.61785007199497,0.000274770281015085
SIPA1L2,Staphylococcus pettenkoferi,0.646223630281494,0.000114494976346608
SIRT1,Enterobacter ludwigii,-0.614164044737111,0.000305981168207493
SIRT7,Comamonas thiooxydans,-0.637507965798494,0.000151213753122101
SKAP2,Lactobacillus paragasseri,0.62362502578403,0.000231515689318951
SKIL,Mobiluncus sp. Marseille-Q7826,0.636551230618379,0.000155821682774304
SKIL,Fructilactobacillus lindneri,0.61399542240979,0.000307481029360448
SKP1,Sphingomonas profundi,-0.617570250733618,0.000277036693149849
SKP1,Vibrio anguillarum,-0.680694998289712,3.48163217454689e-05
SLA,Nitrosomonas stercoris,0.607782413496153,0.000367479291441788
SLBP,Rhizoctonia solani,-0.604564123302151,0.000402444471124625
SLC11A2,Bifidobacterium dentium,0.628012094462482,0.000202805377515592
SLC12A6,Limosilactobacillus gastricus,0.600995019570939,0.000444622940556069
SLC20A1,Acinetobacter sp. WY4,0.614433942138485,0.000303593942699023
SLC24A4,Kingella potus,0.626119765672388,0.000214777276077783
SLC25A25-AS1,Phascolarctobacterium sp. Marseille-Q4147,0.621285388752839,0.000248253011602094
SLC25A25-AS1,Dysosmobacter welbionis,0.66461862839675,6.18142668862767e-05
SLC2A5,Lacticaseibacillus sp. NCIMB 15474,0.673540101964896,4.51441170656414e-05
SLC2A5,Lactobacillus apis,0.672430882019142,4.69699012698056e-05
SLC2A5,Mycoplasmopsis felis,0.627393557107457,0.000206651788508045
SLC35A3,Tessaracoccus defluvii,0.608297523430787,0.00036213922221979
SLC35A3,Paenibacillus physcomitrellae,0.613321689320093,0.000313538803022725
SLC35A4,Geobacillus thermoleovorans,-0.674867248827466,4.30432515505471e-05
SLC35E1,Enterocloster bolteae,0.601509432424098,0.000438313210602144
SLC35E1,Lancefieldella sp. Marseille-Q7238,0.657177832135597,7.97131426176415e-05
SLC35E1,Methylorubrum extorquens,-0.61126935223652,0.000332647210017593
SLC35E2A,Candidatus Karelsulcia muelleri,0.655727528838212,8.36968162303131e-05
SLC35F5,Staphylococcus warneri,-0.637459778502529,0.000151442909307707
SLC35F6,Deinococcus metallilatus,-0.644747228742195,0.000120091789804125
SLC37A2,Cellvibrio sp. PSBB006,0.616593736694507,0.000285076072556703
SLC39A7,Brevundimonas vancanneytii,-0.610337834307659,0.000341654424216818
SLC43A3,Hydrogenophaga sp. NH-16,-0.600949251755271,0.000445188181271169
SLC44A2,Paracoccus sp. TOH,-0.632374080727336,0.000177434856720178
SLC44A4,Pseudomonas putida,-0.673211249190915,4.56786706320455e-05
SLC44A4,Cutibacterium modestum,-0.634947821453551,0.00016382440468082
SLC44A4,Malassezia restricta,-0.614220000106355,0.000305484887638589
SLC44A4,Schleiferilactobacillus harbinensis,0.632256548614341,0.000178079669640413
SLC45A4,Lactiplantibacillus paraplantarum,-0.643294415379431,0.00012583552070052
SLC50A1,Salmonella bongori,0.661954253669045,6.77613432853981e-05
SLC50A1,Bordetella parapertussis,0.649980408447362,0.000101286381672618
SLC50A1,Eggerthella lenta,0.652889571122313,9.20092383118405e-05
SLC50A1,Methylophilus medardicus,0.677948737230295,3.84989319774368e-05
SLC7A2,Simonsiella muelleri,0.655311531905435,8.4871769809686e-05
SLC7A2,Eggerthella lenta,0.641661377447849,0.000132582417257596
SLC7A2,Candidatus Ichthyocystis hellenicum,0.632049424557812,0.000179221071553728
SLC7A2,Mycoplasmoides fastidiosum,0.606645130604613,0.00037951611757791
SLC7A2,Lactobacillus apis,0.605462381927869,0.00039240186848799
SLC9A3R2,Lactobacillus gasseri,-0.602669632925473,0.00042437118772126
SLC9A7,Lactobacillus apis,0.642365030383276,0.00012963681201382
SLC9A7,Lacticaseibacillus sp. NCIMB 15474,0.629385487902887,0.000194490964871752
SLC9A7,Lactiplantibacillus pentosus,0.6587319243604,7.56329265100183e-05
SLFN5,Aspergillus fumigatus,-0.760246383764017,1.09204520293258e-06
SLTM,Amylolactobacillus amylophilus,0.600714764209628,0.000448094087876713
SLTM,Pochonia chlamydosporia,-0.629996083746363,0.000190892586081666
SLTM,Schizosaccharomyces osmophilus,-0.606687261733383,0.00037906407904957
SLTM,Lactobacillus johnsonii,0.613379451087953,0.000313015344404972
SLTM,Pseudomonas putida,-0.691620111731843,2.30902616142652e-05
SLTM,Malassezia restricta,-0.660648241938788,7.08589078518988e-05
SLU7,Malassezia restricta,-0.610950427766877,0.000335707114980692
SLU7,Fusobacterium pseudoperiodonticum,-0.617918895818321,0.00027421536214466
SLU7,Methylobacterium sp. FF17,-0.614309292921974,0.00030469440340297
SMAP1,Lactobacillus johnsonii,0.657053427368873,8.0048097295177e-05
SMAP1,Pseudomonas putida,-0.638775682718885,0.000145294691546213
SMAP1,Geobacillus thermoleovorans,-0.619274665259217,0.000263484196470966
SMAP2,Cardiobacterium hominis,-0.604646352813303,0.000401515807216547
SMARCA2,Pseudomonas fluorescens,0.603274958716288,0.000417253422343318
SMARCA5,Salmonella bongori,0.604312169782134,0.000405301727913281
SMC1A,Xanthomonas campestris,-0.607288555713985,0.000372664175899892
SMC1A,Lactobacillus johnsonii,0.629685141050339,0.000192717592889065
SMC1A,Staphylococcus capitis,-0.629911809567635,0.0001913856932532
SMC1A,Staphylococcus warneri,-0.713325823932835,9.66808080212737e-06
SMC1A,Lactobacillus panisapium,0.659152048298915,7.4562405487588e-05
SMC4,Blastococcus sp. PRF04-17,-0.671214262335028,4.90481928955402e-05
SMCHD1,Paracoccus sp. TOH,-0.613563590228946,0.000311351758784007
SMCHD1,Vibrio anguillarum,-0.641209234937966,0.000134506425926478
SMCHD1,Brevundimonas sp. Bb-A,-0.609299801257863,0.000351944706131614
SMCHD1,Schizosaccharomyces osmophilus,-0.621891553262745,0.000243816906272481
SMCHD1,Leptolyngbya sp. 7M,-0.634689225185792,0.000165148694676644
SMCR8,Vaginimicrobium propionicum,0.661980551464481,6.7700232802593e-05
SMIM14,Comamonas thiooxydans,0.611384707940715,0.000331546517824587
SMIM15,Malassezia restricta,-0.667312114921597,5.62805714810175e-05
SMIM15,Corynebacterium durum,-0.601392550318704,0.000439739903303548
SMIM15,Schleiferilactobacillus harbinensis,0.611619696787538,0.000329314266376708
SMIM3,Sphingomonas sp. LHG3406-1,-0.623551858167303,0.000232023576154452
SMIM5,Brevundimonas sp. Bb-A,0.642280484060973,0.000129987632334131
SMIM5,Cardiobacterium hominis,0.662582048976403,6.63158485475825e-05
SMIM6,Porphyromonas endodontalis,-0.760198589404368,1.09474236608617e-06
SMIM6,Lawsonella clevelandensis,-0.699274819026846,1.71333404307818e-05
SMNDC1,Colletotrichum higginsianum,-0.621996578572563,0.000243055473643762
SMNDC1,Porphyromonas sp. oral taxon 275,-0.658760359216152,7.55600410735297e-05
SMNDC1,Sphingomonas hankookensis,-0.604208945834617,0.000406477486068035
SMNDC1,Leptolyngbya sp. 7M,-0.649625935162095,0.000102471888135674
SMNDC1,Haemophilus haemolyticus,-0.60048539029332,0.000450952779552198
SMNDC1,Sphingomonas paucimobilis,-0.629408122196051,0.000194356509714156
SMS,Acinetobacter sp. LUNF3,-0.622428508143369,0.000239946077898438
SNAPC3,Staphylococcus equorum,0.601208159847534,0.00044199894108973
SND1,Streptococcus sanguinis,-0.620886931022101,0.00025120783550633
SND1,Bacillus halotolerans,0.630941704035874,0.000185436324701935
SND1,Staphylococcus warneri,-0.624460380984818,0.000225786559543891
SND1,Methylobacterium sp. WL1,-0.656488062389272,8.15861917973772e-05
SND1,Bacillus velezensis,0.652154618195876,9.4278462132308e-05
SND1,Rothia dentocariosa,-0.614186712342006,0.00030578003839155
SND1,Corynebacterium matruchotii,-0.77164185132423,5.96482080190615e-07
SND1,Staphylococcus epidermidis,-0.600562934359147,0.000449984553737836
SND1,Staphylococcus capitis,-0.603466362453855,0.000415024797193602
SNHG3,Phocaeicola salanitronis,0.646083313121205,0.000115016725449874
SNIP1,Staphylococcus warneri,-0.619100206040742,0.000264843904429497
SNIP1,Bordetella parapertussis,0.613993673863927,0.000307496616299053
SNIP1,Salmonella bongori,0.607806625177128,0.000367226744655382
SNORD17,Xanthomonas albilineans,-0.607985905767919,0.000365361469410118
SNORD17,Clostridium tetani,-0.613708698596454,0.000310046302597531
SNORD17,Leptotrichia sp. oral taxon 212,-0.615827714282107,0.000291526232402499
SNORD17,Clostridium perfringens,0.645150281895015,0.000118540220917801
SNORD17,Brevibacillus sp. NSP2.1,0.604876640312491,0.000398925091358023
SNORD17,Megasphaera massiliensis,0.635295434743071,0.000162059112930616
SNORD17,Staphylococcus epidermidis,-0.63366540432988,0.000170485560407176
SNORD17,Mycoplasmopsis cynos,0.638627700127065,0.000145974848223283
SNORD3A,Pseudomonas sp. CBS,-0.63942413155517,0.000142347389490517
SNRNP200,Brucella anthropi,-0.600445930880714,0.000451446179439419
SNRNP200,Pseudomonas putida,-0.600000373684979,0.000457050513493454
SNRPA,Babesia bigemina,-0.61959059886102,0.000261037575023889
SNRPA,Stenotrophomonas maltophilia,-0.681607045429252,3.36650791438266e-05
SNRPA,Microbacterium oxydans,-0.608203195532983,0.00036311195139676
SNX19,Staphylococcus epidermidis,-0.649921211969177,0.000101483505510058
SNX19,Staphylococcus cohnii,-0.627130044843049,0.000208310004913885
SNX2,Neisseria elongata,-0.608938547486033,0.000355589554329743
SNX3,Corynebacterium kroppenstedtii,-0.623414261630245,0.000232981364720515
SNX8,Corynebacterium kroppenstedtii,0.72769744160178,5.19671549052222e-06
SON,Pseudoxanthomonas mexicana,-0.63894773854918,0.000144507431847443
SON,Ascochyta rabiei,-0.645383759733037,0.000117649622117739
SORD,Stenotrophomonas sp. BIO128-Bstrain,0.653304733338538,9.07490262518844e-05
SORL1,Paracoccus sp. TOH,-0.64304901933778,0.000126829459092002
SOS1,Brevundimonas sp. Bb-A,-0.627867299831775,0.000203700054778933
SOS2,Colletotrichum higginsianum,-0.62665102136613,0.000211354613459618
SOS2,Pseudonocardia broussonetiae,-0.687800960126951,2.67077943852124e-05
SOS2,Aspergillus puulaauensis,-0.601679637472496,0.000436242939465044
SOS2,Comamonas aquatica,-0.607032532892345,0.00037537741645556
SOWAHC,Acinetobacter junii,-0.603230443071259,0.000417773253647652
SOX12,Neisseria macacae,0.677226548965381,3.95235480088698e-05
SOX7,Lactobacillus apis,0.635754189944134,0.000159755273660567
SOX7,Bacillus amyloliquefaciens,0.622298090871129,0.000240881198380002
SOX7,Lactobacillus amylovorus,0.66659217877095,5.77145124921001e-05
SP100,Staphylococcus pettenkoferi,0.601970630646302,0.000432723429787222
SP6,Kocuria palustris,0.63559510567297,0.00016055086843835
SPAG1,Veillonella atypica,-0.646307749510711,0.000114183202188058
SPAG1,Veillonella rogosae,-0.632859948921283,0.000174791187209288
SPAST,Staphylococcus pettenkoferi,0.618879918024008,0.000266569662779702
SPCS2,Paenibacillus physcomitrellae,-0.60054409430968,0.000450219624580198
SPG11,Amylolactobacillus amylophilus,0.621682899313863,0.000245335914881754
SPG11,Massilia forsythiae,-0.602193902480344,0.000430039988655109
SPG11,Aspergillus fumigatus,-0.618849862768063,0.000266805888406583
SPG21,Stenotrophomonas sp. BIO128-Bstrain,-0.612131005734043,0.000324502958906315
SPG7,Megasphaera hexanoica,-0.697833160015669,1.81363434587873e-05
SPG7,Veillonella rodentium,-0.700786839880185,1.61352243814647e-05
SPG7,Streptococcus dysgalactiae,-0.607935168387241,0.000365888502118737
SPG7,Candidatus Formimonas warabiya,-0.611742958057202,0.000328148676160176
SPG7,Dialister succinatiphilus,-0.624137544590601,0.00022798560700951
SPG7,Veillonella atypica,-0.680977286585339,3.44562868403025e-05
SPG7,Methylomusa anaerophila,-0.621585939768637,0.000246044631195968
SPG7,Selenobaculum gbiensis,-0.606664758892727,0.000379305460173516
SPG7,Prevotella ruminicola,-0.628876033434964,0.000197539200037807
SPIN1,Kingella potus,0.60141928413198,0.000439413223130241
SPINK5,Mycoplasmopsis felis,0.611384296471684,0.000331550438223908
SPINK5,Lactiplantibacillus pentosus,0.6146829810901,0.000301405828571885
SPIRE1,Cryptosporidium parvum,0.620514362914494,0.000253998793081718
SPNS2,Vibrio anguillarum,0.723589338333702,6.22990174464111e-06
SPOP,Stenotrophomonas sp. BIO128-Bstrain,-0.616472786948169,0.000286086041134777
SPOPL,Babesia microti,-0.609877596910459,0.000346183616032702
SPP1,Nocardioides aquaticus,-0.608331774116308,0.000361786591565438
SPPL3,Corynebacterium fournieri,0.605542172135405,0.000391520591412162
SPPL3,Corynebacterium coyleae,0.614028883306577,0.000307182885775752
SPRED2,Brevundimonas nasdae,-0.648841499682808,0.000105139412147378
SPRED2,Niveispirillum cyanobacteriorum,-0.644569908744545,0.000120780095218845
SPRR1B,Curtobacterium flaccumfaciens,0.634957390250299,0.000163775583636231
SPRR2F,Sphingomonas sp. PAMC26645,-0.667023858356147,5.68508416732727e-05
SPRR5,Corynebacterium sanguinis,-0.666036761824894,5.88429890794849e-05
SPRR5,Massilia forsythiae,-0.608425289536876,0.000360825339129991
SPRR5,Phocaeicola coprophilus,-0.633440445467832,0.000171678515449632
SPRR5,Kocuria palustris,-0.643652960335737,0.0001243957478304
SPSB1,Iamia sp. SCSIO 61187,0.60136709205998,0.000440051195461435
SPSB3,Neisseria macacae,0.603709332503758,0.000412210876313159
SPSB3,Staphylococcus pseudintermedius,-0.604894327030033,0.000398726728222834
SPSB3,Malassezia restricta,0.608898776418243,0.000355992851242684
SPSB3,Cutibacterium modestum,0.631216730654306,0.000183875607702115
SPSB3,Lactobacillus sp. ESL0680,-0.610402179264743,0.000341025393966682
SPSB3,Cutibacterium acnes,0.660066740823137,7.22783090714466e-05
SPSB3,Pseudomonas putida,0.618730634957859,0.000267744810458561
SPSB3,Cardiobacterium hominis,0.646488800042209,0.000113514730353113
SPSB3,Amylolactobacillus amylophilus,-0.682617472481243,3.24295900214612e-05
SPSB3,Pochonia chlamydosporia,0.666771181102657,5.73549656728372e-05
SPSB3,Corynebacterium durum,0.661250900144041,6.94141722486189e-05
SPSB3,Listeria innocua,-0.610402179264743,0.000341025393966682
SPTBN2,Cloacibacterium normanense,0.678725026497664,3.74241475911593e-05
SPTY2D1OS,Pseudomonas putida,-0.674660198387902,4.33651374589799e-05
SPTY2D1OS,Acetilactobacillus jinshanensis,0.609232768869906,0.000352618522249556
SPTY2D1OS,Neobacillus sp. PS2-9,0.600545450701812,0.000450202697006867
SPTY2D1OS,Lactobacillus sp. ESL0680,0.797782885018401,1.29550766789515e-07
SREK1IP1,Rhodococcus qingshengii,-0.659109890565504,7.46692141191018e-05
SRI,Streptococcus pseudopneumoniae,-0.600324019833011,0.000452973559201874
SRI,Thalassiosira pseudonana,-0.600114786113075,0.00045560558732435
SRI,Oscillatoria acuminata,-0.605371249233937,0.000393410562659893
SRI,Limnobacter sp. SAORIC-580,-0.638123705022123,0.000148312587307586
SRI,Rhodococcus qingshengii,-0.645308058160435,0.0001179377303795
SRI,Lachnospira eligens,-0.602052885908322,0.000431733115024493
SRI,Bacillus velezensis,0.621234501174999,0.00024862865405021
SRI,Pseudoroseomonas cervicalis,-0.65797576242736,7.75943165141456e-05
SRP9,Comamonas aquatica,-0.606101206306281,0.000385394913025032
SRRD,Candidatus Ichthyocystis hellenicum,-0.632050351004599,0.000179215951747123
SRRD,Buchnera aphidicola,-0.612853262281283,0.0003178125188911
SRRD,Corynebacterium kefirresidentii,-0.617668574976653,0.000276238438603047
SRRM2,Massilia forsythiae,-0.634616496869212,0.00016552285016065
SRSF4,Veillonella atypica,-0.675711344167235,4.1753016030396e-05
SRSF5,Humisphaera borealis,-0.609014520381156,0.000354820275271584
SRSF9,Enhydrobacter sp.,-0.639036843320225,0.00014410121553665
SSBP3,Ligilactobacillus salivarius,0.628921023359288,0.000197268315164374
SSBP3,Veillonella parvula,-0.655464120136049,8.44390981208436e-05
SSH2,Flavisolibacter ginsenosidimutans,-0.635814981942052,0.000159452173361912
SSH2,Paracoccus sp. M09,-0.605349056854781,0.000393656543063415
ST3GAL1,Ligilactobacillus salivarius,0.63559510567297,0.00016055086843835
ST3GAL1,Bacillus velezensis,0.655617352614016,8.40065802553851e-05
ST3GAL1,Rothia dentocariosa,-0.660956618464961,7.01163263453134e-05
ST3GAL1,Lactobacillus amylovorus,0.62943300269767,0.000194208806466225
ST6GALNAC1,Lactobacillus gasseri,-0.60133667574619,0.000440423367073864
STAM2,Shigella flexneri,0.667514101869152,5.58840245217228e-05
STARD5,Sphingomonas sp. SUN019,0.644286657554557,0.000121886879427145
STARD5,Verrucomicrobium spinosum,0.607635549987377,0.000369014480328072
STAT2,Bifidobacterium sp. ESL0775,0.606107975129931,0.000385321263978931
STAT3,Geobacillus thermoleovorans,-0.62197841146225,0.000243187034235674
STAT3,Lactobacillus gasseri,0.619132369299221,0.000264592763161741
STAU1,Pseudomonas putida,-0.661540105917105,6.87302523440014e-05
STIP1,Iamia majanohamensis,-0.629148468729219,0.000195903900049158
STIP1,Streptococcus dysgalactiae,-0.647499119334194,0.00010984800632599
STK17A,Salmonella bongori,0.612575603365125,0.000320369979085224
STK17A,Mycoplasmoides fastidiosum,0.615966065660892,0.000290351808034584
STK17A,Xanthomonas campestris,-0.645297754389264,0.000117976993418439
STK3,Rhizoctonia solani,-0.636418110662097,0.000156472615907101
STK3,Comamonas aquatica,-0.618538444927206,0.000269264467554328
STK4,Sphingomonas insulae,-0.638752218005511,0.000145402351663908
STK4,Enterococcus faecalis,0.688296025266634,2.62118360282147e-05
STK40,Streptococcus mitis,0.619577308120133,0.000261140093295019
STK40,Veillonella parvula,0.605163647758885,0.000395716925070551
STN1,Gardnerella piotii,-0.692092378782309,2.26749702229767e-05
STRBP,Fusobacterium sp. oral taxon 203,-0.637713316999764,0.000150240649296028
STRIP1,Capillimicrobium parvum,-0.612649727767145,0.000319685461168823
STRN4,Pseudoclavibacter sp. Marseille-Q3772,0.611078003611071,0.000334480124423906
STS,Cutibacterium modestum,-0.607582335228888,0.000369572138516681
STS,Stutzerimonas stutzeri,-0.654573846288665,8.69915250566926e-05
STUB1,Achromobacter spanius,0.607985905767919,0.000365361469410118
STX10,Lysinibacillus timonensis,-0.614956660080103,0.00029901731050016
STX10,Lactobacillus kefiranofaciens,-0.667929144652898,5.50770289809862e-05
STX10,Lactobacillus acetotolerans,-0.610523977523585,0.00033983750539538
STX16,Stenotrophomonas sp. BIO128-Bstrain,-0.612698371284372,0.000319236954638447
STX16,Cryptosporidium parvum,-0.621282600940542,0.000248273577686522
STX4,Aureimonas sp. AU12,0.614820694896823,0.00030020183916049
STX5,Fusarium graminearum,0.656597323342764,8.12869050102503e-05
STX5,Staphylococcus equorum,0.63942585106999,0.000142339645203259
STX5,Rhizobium sp. BT-175,0.66953794965766,5.20464601662936e-05
STXBP1,Rheinheimera sp. MM224,-0.623784500524884,0.000230412119866961
SUCLA2,Salmonella bongori,0.630111650876679,0.000190218209344586
SUCO,Abyssicoccus albus,-0.644401138677222,0.000121438470533675
SUCO,Geobacillus thermoleovorans,-0.624983030869795,0.000222266275349875
SUCO,Lacticaseibacillus sp. NCIMB 15474,-0.643308029061627,0.000125780584037629
SUDS3,Micrococcus yunnanensis,-0.745030979553609,2.33034066334993e-06
SUDS3,Variovorax paradoxus,-0.669564581073437,5.19975739284277e-05
SUGP1,Pseudomonas psychrotolerans,-0.610308991306953,0.000341936723115179
SUGP1,Enterococcus faecium,0.614410052964676,0.000303804574775467
SULT1B1,Limosilactobacillus reuteri,0.62313681868743,0.000234923259179839
SUMO2,Methylorubrum extorquens,-0.607853735914116,0.000366735781758239
SUMO3,Micrococcus lylae,-0.650128873646793,0.000100793493305232
SURF4,Clostridium intestinale,0.616537478291346,0.00028554545506402
SWI5,Brettanomyces nanus,0.612070914129175,0.000325065168625021
SWI5,Streptococcus pseudopneumoniae,0.640042548048347,0.000139586220411989
SYDE1,Paracoccus aestuarii,0.614579138860929,0.000302316510099422
SYDE1,Sphaerotilus sulfidivorans,-0.61182746085382,0.000327351703190146
SYF2,Iamia majanohamensis,-0.600374951718298,0.000452334899098807
SYMPK,Methylobacterium sp. FF17,-0.60255456872466,0.000425736218197546
SYMPK,Lactobacillus sp. ESL0680,0.616526864656541,0.000285634084734542
SYMPK,Pseudomonas putida,-0.660606825936254,7.09591719329815e-05
SYNCRIP,Comamonas aquatica,-0.620726332106049,0.000252407556775208
SYNCRIP,Leptolyngbya sp. 7M,-0.62412231282882,0.000228089827500996
SYNCRIP,Fusobacterium sp. oral taxon 203,-0.6499123264151,0.000101513123819748
SYNCRIP,Fusobacterium vincentii,-0.619371651476853,0.000262730975869945
SYNCRIP,Fusobacterium pseudoperiodonticum,-0.603432513126161,0.000415418159049448
SYNGR3,Sphingomonas profundi,0.624135171156372,0.000228001844015645
SYNGR3,Massilia forsythiae,0.604926296979028,0.000398368394046507
SYNRG,Bifidobacterium sp. ESL0775,0.616344099471558,0.000287164095528189
SYT17,Lysinibacillus timonensis,-0.617457136495212,0.00027795754513062
SYTL4,Iamia majanohamensis,-0.628982619324368,0.000196897979406948
SYTL4,Sphingomonas hankookensis,-0.656563745714281,8.13787761935998e-05
TACC1,Acinetobacter pittii,-0.694771968854282,2.04430651880763e-05
TADA3,Stenotrophomonas sp. BIO128-Bstrain,-0.625427057700429,0.000219313853832827
TAF10,Hydrogenophaga sp. NH-16,-0.64109587568311,0.000134992680794552
TAF15,Aquincola tertiaricarbonis,-0.602814850813168,0.000422653945714272
TAF1B,Neisseria sp. oral taxon 014,0.63142460054461,0.000182703735949831
TAF8,Filifactor alocis,0.6111387281543,0.000333897484608708
TALDO1,Stenotrophomonas sp. BIO128-Bstrain,-0.642329433324451,0.000129784417282464
TALDO1,Flavisolibacter ginsenosidimutans,-0.61324488828712,0.000314236000593308
TAOK2,Comamonas terrigena,0.706360169120416,1.28916698597787e-05
TAOK2,Tessaracoccus defluvii,-0.610184056448061,0.000343161894471083
TAOK3,Colletotrichum higginsianum,-0.610677782211764,0.000338342682460933
TAOK3,Comamonas aquatica,-0.621183084373971,0.000249008714142755
TAOK3,Malassezia restricta,-0.622494818040964,0.000239471855346505
TBC1D10B,Lactobacillus paragasseri,0.674910067929185,4.29769513778974e-05
TBC1D14,Pseudoroseomonas cervicalis,-0.646148235496858,0.000114775058486871
TBC1D14,Sphaerotilus sulfidivorans,-0.601839671415757,0.000434304248887234
TBC1D17,Halalkalicoccus jeotgali,0.620849163184604,0.000251489517470012
TBC1D22B,Paracoccus aestuarii,0.613677789799287,0.000310323965000459
TBC1D23,Vibrio anguillarum,-0.629940438865932,0.000191218050215146
TBC1D25,Neisseria sicca,0.60976427767592,0.000347306890674138
TBC1D7,Pseudomonas oryzihabitans,-0.601388930440193,0.000439784153715157
TBC1D7,Acinetobacter sp. SCLZS86,0.650872658626498,9.83562290151085e-05
TBC1D9,Formosa agariphila,0.705988873670807,1.30879302309088e-05
TBC1D9B,Sphaerotilus sulfidivorans,-0.602107632101971,0.00043107510420634
TBK1,Lactobacillus sp. JM1,0.614627496560596,0.000301892117807326
TBK1,Verrucomicrobium spinosum,0.613037235190522,0.000316127934156598
TBL3,Actinomyces sp. oral taxon 169,0.602347317251275,0.000428204651621052
TBL3,Methylobacterium sp. WL1,0.60739803693617,0.000371509224791684
TBL3,Aspergillus puulaauensis,0.637637477722337,0.0001505993811721
TBL3,Glutamicibacter protophormiae,0.602654638584535,0.000424548849799619
TBL3,Lactobacillus acidophilus,-0.616017797552836,0.000289913746976317
TBL3,Malassezia restricta,0.622691879866518,0.000238067440770333
TBL3,Cutibacterium acnes,0.684093437152391,3.06978660093895e-05
TBL3,Heyndrickxia coagulans,-0.621802002224694,0.000244467818068814
TBL3,Acetilactobacillus jinshanensis,-0.6314035095335,0.000182822334201711
TBL3,Lentilactobacillus buchneri,-0.630324866675988,0.000188979561107016
TBL3,Pseudomonas putida,0.672688405646076,4.65402263003714e-05
TBL3,Massilia oculi,0.65220068077385,9.4134789016691e-05
TBL3,Lactobacillus sp. ESL0680,-0.608156402299089,0.000363595348324277
TBL3,Corynebacterium durum,0.625639946248704,0.000217910682519121
TC2N,Cutibacterium acnes,-0.720922797945445,6.99623275375204e-06
TC2N,Staphylococcus pseudintermedius,0.616741899399685,0.000283843165423377
TC2N,Listeria innocua,0.640569911745823,0.000137269316452844
TC2N,Amylolactobacillus amylophilus,0.64093011428253,0.000135706528796226
TC2N,Fulvia fulva,-0.602578083508848,0.000425456943211441
TC2N,Methylobacterium sp. WL1,-0.626152379278623,0.00021456575340353
TC2N,Fusobacterium nucleatum,-0.621504852959586,0.000246638718546316
TC2N,Pseudomonas putida,-0.742420277951866,2.64007455361108e-06
TC2N,Lactobacillus sp. ESL0680,0.616212775798132,0.00028826793635941
TC2N,Pochonia chlamydosporia,-0.643984463514191,0.000123077622703096
TC2N,Schleiferilactobacillus harbinensis,0.742202340554017,2.66754400196772e-06
TC2N,Malassezia restricta,-0.75610076368817,1.34978479995865e-06
TC2N,Cutibacterium modestum,-0.730216108999233,4.64250465287157e-06
TC2N,Heyndrickxia coagulans,0.612231903791643,0.000323560900994959
TC2N,Corynebacterium durum,-0.606187686405195,0.000384454888934672
TCAF2,Corynebacterium afermentans,-0.600090091292958,0.000455917119709283
TCAF2,Cupriavidus taiwanensis,0.612278949355377,0.000323122475848018
TCAIM,Acinetobacter variabilis,-0.644293944893551,0.000121858291947426
TCAIM,Gemmata obscuriglobus,-0.612518106735053,0.000320901835772617
TCEA1,Staphylococcus xylosus,-0.601224212196781,0.000441801872096452
TCEA1,Comamonas aquatica,-0.618772605192327,0.000267413960881899
TCF25,Stenotrophomonas sp. BIO128-Bstrain,-0.628405830231895,0.000200390102141768
TCP1,Pochonia chlamydosporia,-0.695966281656158,1.95134896374892e-05
TCP1,Pseudomonas putida,-0.655297058068882,8.49129135925337e-05
TCP1,Aspergillus fumigatus,-0.654357572478495,8.76218766565134e-05
TCP1,Ustilaginoidea virens,-0.60383882546638,0.000410718055945379
TCP1,Nocardioides seonyuensis,-0.670282467094159,5.06951542241054e-05
TCP11L2,Blautia sp. SC05B48,0.67251150836319,4.68349971366016e-05
TCTEX1D4,Altererythrobacter sp. TH136,-0.640014236736012,0.000139711579916628
TEDDM1,Pochonia chlamydosporia,-0.60000300299104,0.000457017262455804
TEF,Tessaracoccus defluvii,-0.60336570823118,0.000416195461050697
TEN1,Aspergillus puulaauensis,0.662651627461357,6.61573519913241e-05
TEN1,Massilia putida,0.651408545068603,9.66329037970417e-05
TEN1,Sphingomonas sp. SUN019,0.607008345483803,0.000375634645107103
TENT4B,Delftia sp. Cs1-4,-0.700199511474678,1.65165459144024e-05
TENT5A,Streptococcus dysgalactiae,-0.631050489278683,0.000184817592302608
TERF2IP,Herbaspirillum huttiense,-0.635260370348393,0.00016223641182029
TES,Sphingomonas profundi,-0.647297325441934,0.000110571827031308
TES,Comamonas thiooxydans,0.648528348099062,0.000106221459066198
TFAP2A,Malassezia restricta,-0.724659249797672,5.94434967478816e-06
TFAP2A,Bacillus subtilis,0.609964980045522,0.000345319624328002
TFAP2A,Streptococcus sanguinis,-0.609511643010929,0.00034982271919391
TFAP2A,Corynebacterium durum,-0.613638099985826,0.000310680832013563
TFAP2C,Malassezia restricta,-0.678166103244326,3.819523337236e-05
TFAP2C,Cupriavidus metallidurans,-0.600354256876608,0.00045259430620974
TFAP2C,Pseudomonas putida,-0.677449216080446,3.92050621574338e-05
TFAP2C,Nocardioides seonyuensis,-0.652026338977395,9.46796064617504e-05
TFAP2C,Capillimicrobium parvum,-0.613503787288051,0.000311891183299277
TFAP2C,Pochonia chlamydosporia,-0.642353506103925,0.000129684581753635
TFAP2C,Methylobacterium sp. WL1,-0.63843649632613,0.000146857847268427
TFAP2C,Porphyromonas endodontalis,-0.613681983106317,0.000310286282465615
TFAP2C,Cutibacterium acnes,-0.60115741544566,0.00044262242164895
TFG,Iamia majanohamensis,-0.639232110397148,0.000143214567066474
TFG,Sphingomonas hankookensis,-0.666457690158234,5.79859722364596e-05
TFIP11,Stenotrophomonas sp. BIO128-Bstrain,-0.623266931479019,0.000234010788447231
TGM1,Ligilactobacillus ruminis,-0.603118414044698,0.000419083999544576
TGM2,Cutibacterium modestum,-0.687166146365719,2.73560667710754e-05
TGM2,Malassezia restricta,-0.619160709430793,0.000264371648801184
TGM2,Cutibacterium acnes,-0.618711554037663,0.000267895344267257
TGM5,Aureimonas sp. AU12,-0.609895618239764,0.000346005275930454
THAP4,Roseococcus microcysteis,0.617416216106498,0.000278291340326597
THBD,Niveispirillum cyanobacteriorum,-0.608202926938463,0.000363114724489642
THBS2,Fusobacterium vincentii,-0.662243263608742,6.70924416583605e-05
THOC5,Paracoccus contaminans,-0.604571428571429,0.000402361892032021
THUMPD3-AS1,Lawsonella clevelandensis,-0.623025447484693,0.000235706798326299
TIMM17B,Pseudoroseomonas cervicalis,0.615352464309888,0.000295592552263799
TINCR,Sphingomonas profundi,0.617284470885986,0.000279368420296052
TIPARP,Fusobacterium pseudoperiodonticum,-0.626212890176572,0.000214173785779379
TJP1,Megasphaera massiliensis,0.667019056851456,5.68603842645187e-05
TLE3,Geobacillus thermoleovorans,-0.610191648562819,0.000343087332063048
TLR4,Xanthomonas albilineans,-0.636297433986318,0.000157064789773739
TM9SF2,Pseudoroseomonas cervicalis,-0.604954782164407,0.000398049358038335
TM9SF2,Sphaerotilus sulfidivorans,-0.643750512265839,0.000124006563256286
TM9SF4,Lacticaseibacillus sp. NCIMB 15474,-0.609819626611477,0.000346757844033802
TM9SF4,Bacillus sp. 7D3,-0.613131782281525,0.000315265268246242
TM9SF4,Leptospira kobayashii,-0.68486373226076,2.9827430985613e-05
TMBIM6,Lactobacillus acetotolerans,0.725330964550615,5.77116623620129e-06
TMC5,Sphaerotilus sulfidivorans,-0.603665119864426,0.000412721662751213
TMC8,Aspergillus fumigatus,-0.619300131741013,0.00026328623226317
TMCO4,Lactobacillus sp. ESL0677,0.612402746891812,0.000321971293548897
TMCO4,Abyssibius alkaniclasticus,0.604883734682968,0.000398845514895196
TMCO4,Cloacibacterium normanense,0.669171822447356,5.27227246115868e-05
TMED10,Porphyromonas sp. oral taxon 275,-0.632498275283229,0.000176755744386005
TMED10,Leptolyngbya sp. 7M,-0.62147561989907,0.000246853207575745
TMED7,Pseudoroseomonas cervicalis,-0.616269639863517,0.000287789505822765
TMED9,Lactobacillus gasseri,0.631216730654306,0.000183875607702115
TMEM102,Capillimicrobium parvum,-0.705429182663685,1.33888576996697e-05
TMEM120A,Streptococcus pyogenes,0.610060153919494,0.000344380769318631
TMEM123,Vibrio anguillarum,-0.656880525957833,8.05157122879018e-05
TMEM144,Pseudomonas oryzihabitans,-0.646646158661098,0.00011293656551904
TMEM154,Rhizobium sp. BT-175,-0.700874451740622,1.60790262826377e-05
TMEM159,Simonsiella muelleri,0.60085271172293,0.000446382544688017
TMEM173,Lacticaseibacillus sp. NCIMB 15474,-0.701773754551702,1.55122666961542e-05
TMEM183A,Microlunatus phosphovorus,-0.627372370692891,0.000206784675319952
TMEM183A,Sphingomonas sp. MM-1,-0.619156545651231,0.000264404125042405
TMEM184A,Amylolactobacillus amylophilus,-0.68439802017601,3.0351000937002e-05
TMEM184B,Enterococcus faecalis,-0.604004449388209,0.000408815659489756
TMEM189,Schleiferilactobacillus harbinensis,-0.605406611822768,0.000393018883741976
TMEM189,Lactobacillus johnsonii,-0.66273637374861,6.5964760897434e-05
TMEM189,Bordetella parapertussis,-0.603915883275146,0.00040983198249033
TMEM189,Amylolactobacillus amylophilus,-0.62207885085917,0.00024246047182039
TMEM200B,Paracoccus contaminans,-0.64026686375575,0.000138596503641128
TMEM208,Ustilaginoidea virens,-0.612391345636724,0.000322077161100368
TMEM248,Micrococcus sp. KBS0714,-0.626601308936793,0.00021167282690837
TMEM254,Brevundimonas sp.,-0.640486108166291,0.000137635195974691
TMEM30A,Ezakiella coagulans,0.612917974686488,0.000317219064653719
TMEM33,Pseudomonas putida,-0.601231960836887,0.000441706772502709
TMEM33,Acetilactobacillus jinshanensis,0.755061640991871,1.42249034790252e-06
TMEM33,Lactobacillus panisapium,0.620440249776761,0.000254557246137307
TMEM33,Lactobacillus johnsonii,0.613963371719336,0.000307766847506216
TMEM33,Lactobacillus sp. ESL0677,0.630680102786267,0.000186931751042344
TMEM40,Aspergillus puulaauensis,0.615526756078025,0.000294095496220236
TMEM59,Comamonas aquatica,-0.619807362596205,0.000259370585863822
TMEM59,Methylobacterium sp. WL1,-0.667050834103625,5.67972562251896e-05
TMEM59,Salmonella bongori,0.61752614300623,0.000277395448369156
TMEM63B,Agrobacterium pusense,-0.602473899647827,0.000426695518577202
TMEM87A,Methylobacterium sp. WL1,-0.602457218413994,0.000426894126003353
TMEM87A,Sphingomonas hankookensis,-0.70061602702435,1.62452993859707e-05
TMEM91,Staphylococcus pettenkoferi,0.611304722652844,0.000332309372690332
TMPRSS11D,Bacillus amyloliquefaciens,0.628921023359288,0.000197268315164374
TMPRSS11D,Methylobacterium sp. WL1,-0.639477985635112,0.000142105021214133
TMPRSS11D,Bacillus velezensis,0.642269187986652,0.000130034568661183
TMPRSS11D,Lawsonella clevelandensis,-0.640934371523915,0.000135688153163833
TMPRSS11F,Pseudomonas psychrotolerans,-0.616499265384583,0.0002858646676868
TMPRSS11F,Amylolactobacillus amylophilus,0.721909754419252,6.7032071422047e-06
TMPRSS11F,Pochonia chlamydosporia,-0.600389494055661,0.000452152691189105
TMPRSS11F,Enterococcus faecium,0.613878197234679,0.000308527548768056
TMUB1,Toxoplasma gondii,-0.646532835243644,0.000113352671935191
TMX2,Cardiobacterium hominis,-0.636851934817918,0.000154360138518115
TMX2,Brevundimonas sp. Bb-A,-0.614832032222647,0.000300102910095746
TMX4,Furfurilactobacillus rossiae,0.644342301624768,0.000121668744568939
TNF,Fenollaria massiliensis,0.642171438834386,0.000130441356237175
TNFAIP1,Massilia forsythiae,-0.602193902480344,0.000430039988655109
TNFAIP1,Pseudomonas putida,-0.614748603351955,0.000300831581982309
TNFAIP3,Enterococcus faecalis,0.608898776418243,0.000355992851242684
TNFRSF14,Staphylococcus pettenkoferi,0.60882653739793,0.000356726421063996
TNFSF10,Pochonia chlamydosporia,-0.606808936119697,0.000377761261169514
TNFSF10,Malassezia restricta,-0.608008898776418,0.000365122851071456
TNFSF10,Amylolactobacillus amylophilus,0.686623704794469,2.79211551646635e-05
TNIP1,Staphylococcus pseudintermedius,-0.604449388209121,0.000403743404033715
TNIP1,Amylolactobacillus amylophilus,-0.604718510835193,0.000400702443660282
TNIP2,Gardnerella vaginalis,0.605461595262252,0.000392410565856349
TNK1,Penicillium oxalicum,0.607334941200375,0.000372174454860506
TNK2,Latilactobacillus curvatus,-0.612198800837266,0.000323869707661677
TNKS2,Sphingomonas hankookensis,-0.673550209326687,4.51277764931531e-05
TNKS2,Sphingomonas profundi,-0.614682123187623,0.00030141334230821
TNNT1,Loigolactobacillus coryniformis,0.656413938588805,8.17897903511507e-05
TNPO3,Pseudomonas oryzihabitans,-0.612400768025473,0.00032198966631468
TNPO3,Staphylococcus capitis,-0.617813243251401,0.000275067634944911
TNRC18,Priestia megaterium,0.610505290843186,0.000340019517424723
TNRC6B,Janthinobacterium sp. J1-1,0.668810996623177,5.33968732925574e-05
TOM1,Neisseria macacae,0.60081152770774,0.000446892919082403
TOM1L2,Neisseria macacae,0.668668456681163,5.36653042864476e-05
TOMM20,Pseudoxanthomonas mexicana,-0.707857288434733,1.2126908129574e-05
TOMM22,Mycoplasmopsis felis,-0.623836541246393,0.000230053006506314
TOP1,Sphaerotilus sulfidivorans,-0.614398930001228,0.000303902690584689
TOP1,Pseudomonas putida,-0.641473166404959,0.000133380320581121
TOP1,Cutibacterium modestum,-0.701673984941399,1.55742449635888e-05
TOP1,Lactobacillus sp. ESL0680,0.628143817293409,0.000201994498552477
TOP1,Aspergillus puulaauensis,-0.624013699739478,0.000228834216683619
TOP1,Massilia sp. LPB0304,-0.646488559957145,0.000113515614479555
TOR1AIP1,Lactobacillus iners,0.611568409343715,0.000329800330091866
TOR1AIP2,Staphylococcus pettenkoferi,-0.603019681208515,0.000420242183406997
TOR1B,Cutibacterium modestum,-0.613854748603352,0.00030873726218909
TOR1B,Stutzerimonas stutzeri,-0.610083505426414,0.000344150760010115
TOR2A,Staphylococcus capitis,-0.629458472533042,0.000194057707768627
TOR2A,Acetilactobacillus jinshanensis,0.606219646054941,0.000384108005188767
TOR2A,Serratia sp. CMO1,0.689983743060453,2.45825661779546e-05
TOX4,Listeria innocua,0.668343224978615,5.42823022831376e-05
TOX4,Actinomyces sp. oral taxon 169,-0.619130276854078,0.000264609095248023
TP53I11,Lactobacillus crispatus,0.616017797552836,0.000289913746976317
TP53I11,Corynebacterium gottingense,0.660505227527379,7.12056683381383e-05
TP53I11,Geobacillus thermoleovorans,0.629231804015745,0.000195406081661497
TP53I11,Lacticaseibacillus sp. NCIMB 15474,0.692633141768458,2.22076919743261e-05
TP53I11,Mycoplasmopsis felis,0.641830383736476,0.000131869550829889
TP53I11,Lactobacillus gasseri,-0.704115684093437,1.41196797379263e-05
TP53I3,Gardnerella piotii,-0.652972014036065,9.17577513334713e-05
TP53INP1,Veillonella rogosae,-0.680548712832734,3.50042194168848e-05
TRAF1,Janibacter limosus,0.600360081478832,0.000452521282339822
TRAF2,Prevotella intermedia,-0.60212731744275,0.000430838716377777
TRAF4,Rhizobium sp. BT-175,0.603382581548385,0.000415999012235943
TRAF6,Capillimicrobium parvum,-0.624394908051676,0.000226231012686207
TRAFD1,Janibacter sp. YB324,-0.602974741015495,0.000420770287387013
TRAFD1,Streptomyces sp. HUAS CX7,-0.637743304874093,0.000150099011471519
TRAK1,Enterococcus faecalis,0.602349659340506,0.000428176686244335
TRAPPC1,Scardovia inopinata,-0.622627448582116,0.000238525823075536
TRAPPC6B,Pseudomonas putida,-0.612960893854749,0.000316826008664767
TRAPPC8,Pseudomonas fluorescens,0.610644985597413,0.000338660943700373
TRAPPC9,Lactobacillus johnsonii,0.619485057771985,0.000261852649865129
TRIM14,Bifidobacterium sp. ESL0775,0.620217976795146,0.000256238628120839
TRIM17,Agrobacterium pusense,-0.696327830917039,1.92396712005901e-05
TRIM25,Gardnerella piotii,0.627857705803909,0.000203759459125422
TRIM25,Solibaculum mannosilyticum,-0.635567589408544,0.000160688836151361
TRIM25,Lacticaseibacillus sp. NCIMB 15474,-0.654589440195182,8.69462317317924e-05
TRIM25,Lactobacillus sp. PV034,0.636323232417305,0.000156938026972759
TRIM25,Lactobacillus gasseri,0.600889877641824,0.000445922405621272
TRIM29,Campylobacter hominis,-0.603956642144695,0.000409363985722074
TRIM39,Aspergillus puulaauensis,-0.635927029314072,0.000158894859025821
TRIM39,Bifidobacterium animalis,0.635623058413622,0.000160410819950749
TRIM8,Enterobacter ludwigii,0.665900851527338,5.91221119960967e-05
TRIOBP,Sphingomonas insulae,0.617759080248804,0.000275505462240913
TRNAU1AP,Aspergillus fumigatus,-0.638073394944849,0.000148547762671294
TRPM4,Gemmata obscuriglobus,-0.62200367739672,0.00024300408328256
TSC1,Veillonella atypica,-0.65868199144808,7.57610685151223e-05
TSC1,Veillonella rodentium,-0.627349239990919,0.000206929843719331
TSC22D2,Shigella flexneri,-0.656793280287228,8.07525935200127e-05
TSC22D4,Bacillus altitudinis,-0.604004449388209,0.000408815659489756
TSEN54,Blautia wexlerae,0.618102225655774,0.000272742028912604
TSIX,Agrobacterium pusense,-0.619139329026937,0.000264538447068749
TSPAN13,Staphylococcus pseudintermedius,0.657972650003835,7.76024826601555e-05
TSPAN18,Brevundimonas sp.,-0.677531959587791,3.90872992208301e-05
TSPAN3,Nocardioides seonyuensis,-0.648071416220461,0.000107818110615114
TSPYL1,Limosilactobacillus mucosae,0.622584879876181,0.000238829097472502
TSR2,Pseudomonas oryzihabitans,-0.628536175371098,0.000199596170718612
TST,Roseomonas mucosa,0.632986632707725,0.000174107657387677
TTC1,Lactobacillus sp. JM1,0.61467708439164,0.000301457476755733
TTC1,Roseomonas mucosa,-0.605205210442209,0.000395254229223046
TTC19,Scardovia inopinata,-0.639802183360441,0.000140653716565995
TTN,Comamonas thiooxydans,0.600665568271421,0.000448705869198586
TUBB4B,Lacticaseibacillus sp. NCIMB 15474,0.613216914734244,0.000314490283879024
TUBGCP2,Streptomyces albidoflavus,0.701517863980538,1.56716764708077e-05
TUFM,Sugiyamaella lignohabitans,-0.703203965691232,1.46478510990013e-05
TUFM,Leptolyngbya sp. 7M,-0.620352606491229,0.000255219053173031
TULP3,Pseudomonas oryzihabitans,-0.610508609877103,0.000339987183079915
TULP4,Corynebacterium coyleae,0.6079058517464,0.000366193333433287
TWF1,Veillonella rogosae,-0.606808936119697,0.000377761261169514
TXN,Vibrio anguillarum,-0.638923546728548,0.000144617894528548
TXNL1,Bacillus halotolerans,0.632422816566629,0.000177168087103911
TXNL1,Enterococcus faecalis,0.614699712984995,0.000301259319322585
TYK2,Stenotrophomonas sp. BIO128-Bstrain,-0.614202857930754,0.000305636849741037
TYK2,Geobacillus thermoleovorans,-0.624940634563095,0.000222550010105527
UAP1,Stutzerimonas stutzeri,-0.605453567415935,0.000392499331378984
UAP1,Agrobacterium pusense,-0.620607859674915,0.000253295828875983
UBA3,Leptolyngbya sp. 7M,-0.679551423726576,3.63095955082369e-05
UBA3,Deinococcus radiopugnans,-0.607393366141608,0.000371558433857859
UBALD1,Corynebacterium fournieri,0.643985085865542,0.000123075159838021
UBALD2,Sugiyamaella lignohabitans,0.620165063323876,0.000256640337254908
UBAP2,Salmonella enterica,0.600511740282856,0.000450623564300505
UBC,Pseudomonas putida,-0.617838770979541,0.0002748614947442
UBE2A,Cryptosporidium parvum,-0.668229085754488,5.45003347947465e-05
UBE2B,Phocaeicola dorei,-0.632204412997936,0.000178366364971279
UBE2G1,Pseudocnuella soli,-0.601830442533875,0.00043441584316737
UBE2H,Bifidobacterium bifidum,0.622566104810298,0.000238962966116517
UBE2L3,Stenotrophomonas sp. BIO128-Bstrain,-0.625047122929809,0.000221837951592524
UBE2N,Pikeienuella piscinae,0.628131417205592,0.000202070710084428
UBE2S,Enterocloster bolteae,0.646470339799664,0.000113582729098312
UBE2W,Streptococcus dysgalactiae,-0.638275740561836,0.000147603903778267
UBE3A,Streptomyces sp. HUAS CX7,0.650152431556818,0.000100715480332624
UBE3A,Lactobacillus gasseri,-0.600889877641824,0.000445922405621272
UBE3A,Lactiplantibacillus pentosus,0.749944382647386,1.83507554659516e-06
UBE3A,Solibaculum mannosilyticum,0.614643553543242,0.000301751316543855
UBE3A,Crinalium epipsammum,0.633428883149439,0.000171740030062254
UBE3B,Fusobacterium canifelinum,-0.638488517495781,0.00014661713929941
UBL3,Sugiyamaella lignohabitans,-0.638978550259505,0.000144366850557678
UBL4A,Tessaracoccus defluvii,-0.621181057337895,0.00024902370801753
UBN1,Pelosinus sp. UFO1,0.605882686100772,0.000387779231912823
UBN1,Veillonella rogosae,0.638698969031983,0.000145646930104921
UBN2,Citrobacter sp. S171,0.643841948161545,0.000123642762588719
UBP1,Sphingomonas sp. MM-1,0.605741487162121,0.000389326794547321
UBQLN4,Corynebacterium ihumii,0.604010937092912,0.000408741298546846
UBXN4,Roseomonas mucosa,-0.625016366498728,0.000222043403788491
UBXN6,Iamia majanohamensis,0.624621447914874,0.000224696471763845
UBXN6,Massilia sp. NP310,0.610836603001959,0.000336805205358516
UBXN6,Acetilactobacillus jinshanensis,-0.601113958458877,0.000443156979902199
UBXN6,Sphingomonas profundi,0.606139056828322,0.000384983234998543
UBXN7,Bacillus cereus,0.625361512791991,0.000219747476453176
UBXN7,Brevundimonas diminuta,-0.674209169763719,4.40737880746218e-05
UFC1,Fusobacterium hwasookii,-0.628019753120115,0.000202758152305825
UFSP2,Undibacterium sp. 20NA77.5,-0.657436980073594,7.90194097720726e-05
UGP2,Salmonella bongori,0.63486341189004,0.000164255631635464
ULK1,Comamonas aquatica,0.61661365517024,0.000284910049755473
UPF2,Schleiferilactobacillus harbinensis,0.631244105503097,0.000183720900961164
UPF2,Malassezia restricta,-0.628467887980593,0.000200011760213975
UPF2,Cutibacterium acnes,-0.706941811560516,1.25895445445687e-05
UPF2,Corynebacterium accolens,-0.712219771485374,1.01256692404113e-05
UPK3B,Gardnerella piotii,-0.601777462639746,0.000435056957311709
UPP1,Bifidobacterium dentium,-0.608208559711156,0.000363056573078127
UQCR11,Corynebacterium glaucum,0.65240046453929,9.351390227266e-05
UQCRB,Stenotrophomonas sp. BIO128-Bstrain,-0.639036843320225,0.00014410121553665
UQCRH,Acinetobacter sp. SWBY1,0.617924769084059,0.00027416805259951
URM1,Pikeienuella piscinae,0.600314002160623,0.000453099269200653
USP11,Amylolactobacillus amylophilus,0.631426726256696,0.000182691786506264
USP11,Enterococcus faecium,0.616462736373749,0.000286170108831745
USP11,Marmoricola scoriae,-0.706081517675165,1.30387100764593e-05
USP11,Periweissella cryptocerci,0.610257927163841,0.0003424370151249
USP11,Lactobacillus panisapium,0.662291434927697,6.69815262601098e-05
USP12,Bacillus paralicheniformis,-0.687264087831365,2.72551368775689e-05
USP2,Pseudoclavibacter sp. Marseille-Q3772,-0.601241737959384,0.000441586802944641
USP25,Lacticaseibacillus rhamnosus,0.633000458610941,0.000174033202708169
USP25,Lactiplantibacillus pentosus,0.676084538375973,4.11936950315481e-05
USP53,Enterobacter hormaechei,-0.723700443528956,6.19968304486964e-06
USP53,Ilumatobacter coccineus,-0.662198180509837,6.71963949147764e-05
USP53,Streptococcus pseudopneumoniae,-0.73590785230806,3.58156321969073e-06
USP53,Sugiyamaella lignohabitans,-0.600218233801763,0.000454302601650806
USP53,Halalkalicoccus jeotgali,-0.651749992542611,9.55489466678254e-05
USP53,Staphylococcus equorum,-0.62847599703811,0.000199962369271114
USP53,Brettanomyces nanus,-0.704223421216082,1.40584120312351e-05
USP54,Corynebacterium singulare,-0.70147502391731,1.56985076417872e-05
USP8,Amylolactobacillus amylophilus,0.625891405428918,0.000216263541219531
USP8,Lactobacillus johnsonii,0.620044927880516,0.000257554453128043
USP9X,Corynebacterium jeddahense,-0.629820555928894,0.000191920912662117
VAMP2,Enterococcus faecalis,0.632480533926585,0.000176852615024919
VAMP3,Candida albicans,-0.610008881052186,0.000344886276709722
VAPA,Hydrogenophaga sp. PBC,-0.610501063283598,0.000340060706645846
VASN,Marasmius oreades,0.616055043022906,0.000289598717613508
VAT1,Gardnerella piotii,-0.655145367633079,8.53451848380757e-05
VAT1,Lactobacillus sp. PV034,-0.610950427766877,0.000335707114980692
VDR,Janibacter sp. YB324,-0.619979615513608,0.000258052626055963
VDR,Lacticaseibacillus sp. NCIMB 15474,-0.607340147423468,0.000372119524920858
VEGFA,Enterococcus faecalis,0.610678531701891,0.000338335412430923
VEZT,Prevotella ruminicola,-0.642682191975464,0.000128328260201819
VEZT,Phascolarctobacterium faecium,-0.636180080963377,0.000157642562479289
VEZT,Pelosinus sp. UFO1,-0.726068279585734,5.58632444105425e-06
VEZT,Megasphaera stantonii,-0.675147816756864,4.26104863132148e-05
VEZT,Veillonella parvula,-0.653804297771415,8.92530257472681e-05
VEZT,Megasphaera elsdenii,-0.608428047856657,0.00036079702040404
VEZT,Prevotella bivia,-0.608474199207206,0.000360323491205861
VEZT,Selenobaculum gbiensis,-0.60814606807076,0.000363702182485521
VEZT,Veillonella atypica,-0.672430882019142,4.69699012698056e-05
VEZT,Megasphaera hexanoica,-0.721343105002183,6.87006036172917e-06
VEZT,Selenomonas sputigena,-0.626301945801046,0.000213598070108123
VEZT,Dialister succinatiphilus,-0.618570563395512,0.000269009975185393
VEZT,Veillonella rodentium,-0.737335492394476,3.35246227652093e-06
VGLL1,Aspergillus fumigatus,-0.652533275848847,9.31031743599083e-05
VGLL1,Cutibacterium acnes,-0.633323388765431,0.000172302192621846
VGLL1,Pochonia chlamydosporia,-0.623957925144355,0.000229217308386022
VGLL1,Malassezia restricta,-0.683469885436855,3.14190870842506e-05
VGLL1,Pseudomonas putida,-0.713265857170121,9.69240371374333e-06
VGLL1,Nocardioides seonyuensis,-0.609894749523453,0.000346013870935145
VGLL1,Cutibacterium modestum,-0.623518659036101,0.000232254350444047
VGLL1,Fusobacterium nucleatum,-0.63412810252488,0.000168054985036911
VHL,Corynebacterium sanguinis,-0.621453506383534,0.000247015568726782
VMP1,Rugamonas sp. DEMB1,-0.684814111482378,2.98828282631208e-05
VMP1,Streptococcus dysgalactiae,-0.606906930697449,0.000376714866838248
VPS13D,Bacillus velezensis,0.621188577011787,0.000248968089418903
VPS18,Acinetobacter towneri,0.624608726383386,0.000224782400122518
VPS25,Fusobacterium polymorphum,-0.646810217231213,0.000112336576475625
VPS25,Fusobacterium hwasookii,-0.603357632381092,0.00041628951365615
VPS26C,Variovorax paradoxus,-0.618587869394803,0.000268872938441341
VPS26C,Candidatus Hodgkinia cicadicola,0.617348379742418,0.000278845475300379
VPS28,Massilia sp. LPB0304,0.616979763002083,0.00028187369092164
VPS37B,Latilactobacillus curvatus,-0.678898376717188,3.71878445518852e-05
VPS37B,Paracoccus sp. MC1862,0.636967455854328,0.000153801905700254
VPS37B,Streptococcus gordonii,0.608474199207206,0.000360323491205861
VPS37B,Rothia mucilaginosa,0.619132369299221,0.000264592763161741
VPS37B,Lactobacillus acetotolerans,-0.600734234443761,0.000447852166769337
VPS37C,Modestobacter sp. L9-4,-0.664447908758976,6.21808490860873e-05
VPS37C,Nocardioides sp. zg-1228,-0.772454915719234,5.7054440866658e-07
VPS37C,Sphingomonas naphthae,-0.609883376992383,0.000346126407172725
VPS4B,Pseudoroseomonas cervicalis,-0.615284011952559,0.000296182354938997
VPS52,Acinetobacter sp. SCLZS86,0.600599850051632,0.000449524263200544
VSIG10,Corynebacterium ureicelerivorans,0.694078836176183,2.10006155386213e-05
VSIG10,Marmoricola scoriae,0.681214185675933,3.41567207290928e-05
VSIG10,Cryptosporidium parvum,0.649054010220658,0.00010441071712621
VSIG10L,Eremothecium sinecaudum,-0.686669976283143,2.78725465954623e-05
VSIR,Lactobacillus crispatus,-0.644938820912125,0.000119352009132332
VSIR,Lactobacillus amylolyticus,-0.600956728604666,0.000445095797596967
VSIR,Geobacillus thermoleovorans,-0.61291167077038,0.000317276832524582
VSIR,Lactobacillus kefiranofaciens,-0.681514899179016,3.37798220629795e-05
VTA1,Cupriavidus metallidurans,-0.607406879696711,0.000371416077809505
VTA1,Pseudomonas putida,-0.741579108805885,2.74753149960956e-06
VTA1,Malassezia restricta,-0.691462567785764,2.32303103045219e-05
VTA1,Cutibacterium acnes,-0.630713918419573,0.000186737846007373
VTI1A,Sphaerotilus sulfidivorans,-0.68825982502797,2.62478195139941e-05
VWA1,Fusobacterium pseudoperiodonticum,-0.607721908183602,0.000368111079507613
VWA5A,Cutibacterium acnes,-0.662778744575662,6.58686584935301e-05
VWA5A,Malassezia restricta,-0.66504542974863,6.09062394960334e-05
VWA5A,Pseudomonas putida,-0.607918893596322,0.00036605769799775
VWA5A,Fusobacterium nucleatum,-0.625311641609591,0.000220077915859696
WAC,Veillonella atypica,-0.723318440827539,6.30413918928825e-06
WAC,Cloacibacterium normanense,0.637887244377314,0.000149420810910063
WAC,Lactiplantibacillus paraplantarum,-0.609169880072111,0.000353251721863271
WARS,Lactobacillus sp. PV034,0.61947694048476,0.00026191543138799
WARS,Gardnerella vaginalis,0.675242571076842,4.24652137211843e-05
WARS,Lactobacillus crispatus,-0.695516746989332,1.98588241626325e-05
WARS,Lacticaseibacillus sp. NCIMB 15474,-0.658942657991555,7.50942522359532e-05
WARS,Geobacillus thermoleovorans,-0.641543269795676,0.000133082626081458
WARS,Lactobacillus gasseri,0.606964070949104,0.000376105899620726
WARS,Solibaculum mannosilyticum,-0.603297554429655,0.000416989779225415
WASHC2C,Leptolyngbya sp. 7M,-0.611539333484471,0.000330076170549908
WASHC4,Paracoccus sp. TOH,-0.640709560239466,0.000136661543450591
WASHC4,Bacillus anthracis,0.612872533926962,0.000317635683055851
WBP11,Comamonas aquatica,-0.619028375227497,0.000265405544714193
WBP1L,Sphaerotilus sulfidivorans,0.632484262364306,0.000176832253250076
WDFY1,Veillonella rogosae,-0.627086357911191,0.000208586052715029
WDFY2,Staphylococcus epidermidis,-0.620508175610186,0.000254045373775956
WDFY3,Micrococcus luteus,-0.636040044493882,0.000158334484201835
WDFY3,Roseomonas mucosa,-0.64378759509123,0.000123858905289498
WDFY4,Janthinobacterium sp. J1-1,0.704093295253586,1.4132441881391e-05
WDR13,Cutibacterium modestum,0.603568947326459,0.000413834666966461
WDR13,Sphingomonas sp. PAMC26645,0.674157803365304,4.41551481471036e-05
WDR34,Furfurilactobacillus rossiae,-0.658991860447199,7.4968975722123e-05
WDR37,Malassezia restricta,-0.601858913893148,0.000434071652936583
WDR37,Aspergillus puulaauensis,-0.617346058795274,0.000278864451679115
WDR47,Fusobacterium canifelinum,-0.634665139060365,0.000165272524032368
WDR48,Sphaerotilus sulfidivorans,-0.617435399069896,0.00027813481721445
WDR48,Pseudomonas putida,-0.645999791130029,0.000115328293698145
WDR55,Bifidobacterium sp. ESL0775,0.631695628521645,0.00018118576453424
WDTC1,Niveispirillum cyanobacteriorum,-0.603156060248707,0.000418643132973353
WFDC12,Scardovia inopinata,-0.610128782082168,0.000343705177311211
WFS1,Lactobacillus amylovorus,0.617841818465083,0.000274836894978997
WFS1,Ligilactobacillus ruminis,0.605686423184741,0.000389931779428369
WIPF2,Murdochiella vaginalis,-0.640094987283548,0.000139354289120888
WNK2,Acinetobacter pittii,0.645098600226517,0.000118738169231071
WNT2B,Citrobacter sp. S171,0.604281871039696,0.000405646530208931
WNT7A,Agrobacterium tumefaciens,-0.609381786130452,0.000351122131812494
WWC2,Cloacibacterium normanense,-0.602029974657048,0.000432008754834793
WWC2,Micrococcus sp. KBS0714,-0.607656807980624,0.000368791917204466
XBP1,Fusarium musae,-0.622994791591048,0.000235922880144482
XIAP,Janibacter sp. YB324,-0.606408238370127,0.000382066677940932
XKR8,Nitrosomonas stercoris,0.633104052596406,0.000173476231308112
XPO1,Pochonia chlamydosporia,-0.600166973326014,0.000454947847183443
XPO1,Pseudomonas putida,-0.624063554286389,0.000228492267452858
XPO1,Amylolactobacillus amylophilus,0.638144816942491,0.000148213997845447
XRCC1,Enhydrobacter sp.,-0.600218467499564,0.00045429966180724
XRCC1,Enterococcus faecium,0.611324991149303,0.000332115916608927
XRCC5,Stenotrophomonas sp. BIO128-Bstrain,-0.689523223385026,2.50178653649613e-05
XRN1,Aspergillus fumigatus,-0.636676791295208,0.000155209918837867
XRN1,Pseudomonas oryzihabitans,-0.605077477884666,0.00039667773195796
XRN2,Stenotrophomonas sp. BIO128-Bstrain,-0.627138216145206,0.000208258408280179
XRRA1,Pseudomonas fluorescens,-0.637845207673021,0.000149618593431372
XYLT1,Campylobacter ureolyticus,0.686839474714033,2.76951347952386e-05
XYLT1,Streptococcus agalactiae,0.617817755007382,0.000275031191897535
XYLT1,Morococcus cerebrosus,-0.607490205739493,0.000370539357943243
YAP1,Sphingomonas hankookensis,-0.606096716141193,0.000385443775688361
YES1,Clostridium beijerinckii,-0.662195905127491,6.72016453346768e-05
YIPF2,Undibacterium sp. 20NA77.5,-0.609167692443764,0.000353273766185369
YPEL1,Xanthomonas albilineans,0.69210233592881,2.26662869971482e-05
YPEL5,Candidatus Hodgkinia cicadicola,0.639200862081026,0.000143356129450069
YTHDF3,Acinetobacter junii,-0.611314729655581,0.00033221384672897
YWHAB,Fenollaria massiliensis,0.631085261776622,0.000184620205203149
YY1,Methylobacterium brachiatum,-0.685609482111277,2.90058852190354e-05
YY1,Phaeodactylum tricornutum,-0.615342888589182,0.000295674996551898
YY1,Plasmodium relictum,-0.676605524130763,4.04240922661623e-05
YY1,Thermothielavioides terrestris,-0.757051502959713,1.28623321150449e-06
YY1AP1,Corynebacterium stationis,0.605158234901767,0.000395777218754615
YY1AP1,Lactiplantibacillus paraplantarum,0.711996509444896,1.02203683269272e-05
YY1AP1,Planktothrix agardhii,0.608380979995654,0.000361280519024015
ZBP1,Gemmata obscuriglobus,-0.603090297955149,0.000419413527939439
ZBTB1,Massilia sp. H6,-0.60469191157528,0.000401002100646231
ZBTB1,Paracoccus sp. MC1862,-0.670230456091095,5.07885248890834e-05
ZBTB1,Paenibacillus polymyxa,0.660870230468356,7.03236479087771e-05
ZBTB38,Schleiferilactobacillus harbinensis,0.672776795772712,4.63935612562892e-05
ZBTB38,Pseudomonas putida,-0.698825830875935,1.74402304733014e-05
ZBTB38,Stutzerimonas stutzeri,-0.661829463509685,6.8052001026483e-05
ZBTB38,Lactobacillus sp. ESL0680,0.666676837011654,5.7544216362445e-05
ZBTB7A,Fusobacterium vincentii,-0.621235014351222,0.000248624863370258
ZC3H4,Sporomusa termitida,0.62289834490766,0.000236603841125588
ZC3H4,Pseudomonas putida,-0.600446802534447,0.000451435275159687
ZC3H4,Staphylococcus warneri,-0.62939905394768,0.000194410368195011
ZCCHC17,Dermacoccus nishinomiyaensis,0.620839949375616,0.000251558278771579
ZCCHC3,Neobacillus sp. PS2-9,0.635736356085717,0.000159844287780711
ZDHHC12,Iamia sp. SCSIO 61187,-0.62735391142547,0.000206900518494311
ZDHHC13,Fusobacterium nucleatum,-0.628940576451274,0.000197150688500767
ZDHHC13,Fusobacterium sp. oral taxon 203,-0.625011954238336,0.000222072891402785
ZDHHC21,Sphaerotilus sulfidivorans,-0.674701761452999,4.33003501516831e-05
ZDHHC3,Comamonas terrigena,0.617058199221843,0.000281226906167176
ZDHHC5,Lacticaseibacillus sp. NCIMB 15474,-0.640323052105204,0.000138349570850017
ZEB2,Staphylococcus pettenkoferi,0.705682866972392,1.32516969471337e-05
ZFP36,Acinetobacter sp. KCTC 92772,0.622727840127563,0.000237811948703578
ZFYVE1,Neisseria meningitidis,0.629369887102201,0.000194583686789323
ZHX1-C8orf76,Streptococcus toyakuensis,-0.780567403969429,3.62448040942259e-07
ZHX1-C8orf76,Marmoricola scoriae,-0.611919754895295,0.000326483202644545
ZHX3,Bifidobacterium sp. ESL0775,-0.6217145388616,0.000245105040173355
ZHX3,Bifidobacterium animalis,-0.611123307660957,0.000334045356167021
ZMIZ1,Rothia dentocariosa,-0.603626658535527,0.000413166458388592
ZMIZ1,Sphingomonas hankookensis,-0.604013902059143,0.000408707318590621
ZMYND11,Neisseria sp. oral taxon 014,0.617503950679962,0.000277576107534327
ZNF148,Frigidibacter mobilis,-0.610411630975196,0.000340933081138906
ZNF148,Colletotrichum higginsianum,-0.605933464464784,0.000387224021206492
ZNF148,Lactobacillus sp. 3B(2020),0.612104442694416,0.00032475137343377
ZNF165,Pseudomonas psychrotolerans,-0.6724355792884,4.69620322640842e-05
ZNF213,Staphylococcus saprophyticus,0.638009851542787,0.000148845271000552
ZNF292,Pseudoxanthomonas mexicana,-0.612768672729548,0.000318589738524664
ZNF292,Salmonella bongori,0.618735581499523,0.000267705798261709
ZNF333,Enterococcus faecalis,0.628987070708512,0.00019687124008664
ZNF337-AS1,Rothia dentocariosa,-0.601534091768368,0.000438012733982438
ZNF394,Paenibacillus physcomitrellae,-0.618951270611578,0.00026600959312528
ZNF430,Acinetobacter pittii,0.615609111033747,0.000293390454401765
ZNF431,Methylophilus medardicus,0.630223595818921,0.000189566985362027
ZNF431,Bacillus altitudinis,0.6293659621802,0.000194607020372468
ZNF431,Lactobacillus kefiranofaciens,0.604677435055892,0.000401165270555809
ZNF431,Lactobacillus amylolyticus,0.60028924612195,0.000453410060185822
ZNF431,Staphylococcus epidermidis,-0.710789766407119,1.07461718664347e-05
ZNF431,Eggerthella lenta,0.647181997675905,0.000110987403894143
ZNF433,Paracoccus stylophorae,0.637713033551413,0.000150241988637105
ZNF516,Toxoplasma gondii,-0.610673829514929,0.000338381025775037
ZNF524,Gemella morbillorum,0.6000888881338,0.000455932302707182
ZNF524,Lactobacillus sp. 3B(2020),-0.634477277233588,0.000166241174570907
ZNF555,Nocardioides seonyuensis,-0.611560360094949,0.000329876672310025
ZNF555,Pseudomonas putida,-0.630331050527429,0.000188943743886015
ZNF555,Ustilaginoidea virens,-0.641471875328235,0.00013338580869556
ZNF555,Nocardioides sp. zg-1228,-0.601565181866818,0.000437634156680974
ZNF561-AS1,Abyssicoccus albus,-0.622882099800797,0.000236718710702618
ZNF575,Lacticaseibacillus sp. NCIMB 15474,-0.61060554298317,0.000339044048481065
ZNF598,Lactiplantibacillus pentosus,-0.611123470522803,0.000334043794135627
ZNF638,Comamonas terrigena,0.609452262546448,0.000350416381888835
ZNF710,Sugiyamaella lignohabitans,0.644418594674627,0.000121370226603466
ZNF710,Vibrio anguillarum,0.629940438865932,0.000191218050215146
ZNF714,Kingella potus,0.689844867783345,2.47131143947232e-05
ZNF766,Nocardioides seonyuensis,-0.620813116041367,0.000251758626823771
ZNF766,Pseudomonas putida,-0.67425487945102,4.40015006100812e-05
ZNF766,Sphaerotilus sulfidivorans,-0.698802201032666,1.74565178385079e-05
ZNF766,Corynebacterium accolens,-0.608974581416667,0.00035522450203819
ZNF766,Pseudoroseomonas cervicalis,-0.608133626646984,0.000363830837367568
ZNF766,Malassezia restricta,-0.699672606749695,1.68655119389913e-05
ZNF766,Cutibacterium acnes,-0.673681451872094,4.49160767202723e-05
ZNF783,Streptomyces sp. T12,-0.602541959884954,0.000425886034510487
ZNF783,Paracoccus yeei,-0.605910625333435,0.000387473657466571
ZNF800,Leptolyngbya sp. BL0902,-0.65020495107471,0.000100541753423389
ZNF800,Streptococcus pseudopneumoniae,-0.603705989340925,0.000412249480219206
ZNF812P,Sphaerotilus sulfidivorans,-0.651825520585931,9.53106443746991e-05
ZNF812P,Massilia sp. LPB0304,-0.601241737959384,0.000441586802944641
ZNF83,Bombilactobacillus folatiphilus,0.705422582267758,1.33924433580966e-05
ZNF83,Aristaeella lactis,0.649286094942271,0.000103620044287001
ZNF844,Neobacillus sp. PS2-9,0.714699721202023,9.1256692535525e-06
ZNF844,Enterobacter bugandensis,0.635388497818083,0.000161589384817677
ZNF844,Methylobacterium sp. WL1,-0.677520664266103,3.9103356353913e-05
ZNF844,Pseudoxanthomonas mexicana,-0.718468980139188,7.77549711118734e-06
ZNRD1,Sphingomonas hankookensis,-0.63297374675491,0.000174177075740258
ZNRD1,Acinetobacter sp. KCTC 92772,0.644740254729297,0.000120118794839842
ZNRD1,Trichocoleus desertorum,-0.697307994659311,1.85146277206353e-05
ZNRF1,Undibacterium sp. 20NA77.5,-0.60777530914675,0.000367553424449579
ZRANB1,Agrobacterium tumefaciens,-0.650475063588523,9.96524708149127e-05
ZSCAN18,Sphaerotilus sulfidivorans,-0.689444838655613,2.50926424014722e-05
ZSWIM8,Geobacillus thermoleovorans,-0.676907492441657,3.9983940510491e-05
ZZEF1,Pseudomonas putida,-0.676020769944503,4.12887894807609e-05
ZZEF1,Malassezia restricta,-0.637353017962242,0.000151951711795558
AAGAB,turquoise,0.332369411777541,NA
AAGAB,turquoise,0.332369411777541,NA
AAGAB,turquoise,0.332369411777541,NA
AAGAB,turquoise,0.332369411777541,NA
AAGAB,turquoise,0.332369411777541,NA
AAGAB,turquoise,0.332369411777541,NA
AAGAB,turquoise,0.332369411777541,NA
AAGAB,turquoise,0.332369411777541,NA
AATF,turquoise,0.282974824132687,NA
ABALON,purple,0.0954299743625474,NA
ABALON,purple,0.0954299743625474,NA
ABALON,purple,0.0954299743625474,NA
ABCA1,turquoise,0.512878524310712,NA
ABCD1,turquoise,-7.71226539858557e-05,NA
ABHD2,turquoise,0.602459233611315,NA
ABHD8,grey,-0.18499058556673,NA
ABL2,green,-0.147387924738713,NA
ABL2,green,-0.147387924738713,NA
ABL2,green,-0.147387924738713,NA
ABL2,green,-0.147387924738713,NA
ABR,brown,-0.00930365046363393,NA
ABRAXAS2,blue,0.412259202013529,NA
ABRAXAS2,blue,0.412259202013529,NA
ABRAXAS2,blue,0.412259202013529,NA
ABRAXAS2,blue,0.412259202013529,NA
AC002350.2,red,0.082297944457561,NA
AC003991.1,brown,0.321082973138366,NA
AC003991.1,brown,0.321082973138366,NA
AC004882.3,turquoise,0.274136619349547,NA
AC005037.1,green,0.0144246360855403,NA
AC005091.1,blue,0.240002375420548,NA
AC005091.1,blue,0.240002375420548,NA
AC005091.1,blue,0.240002375420548,NA
AC005261.1,purple,0.145373679515119,NA
AC005261.1,purple,0.145373679515119,NA
AC005261.1,purple,0.145373679515119,NA
AC005261.1,purple,0.145373679515119,NA
AC005264.1,brown,0.205748275884335,NA
AC005264.1,brown,0.205748275884335,NA
AC005606.1,pink,0.117323764439551,NA
AC005606.2,pink,-0.187585618690219,NA
AC005722.4,pink,0.0327564739109215,NA
AC005722.4,pink,0.0327564739109215,NA
AC007292.2,black,-0.0924327377501029,NA
AC007292.2,black,-0.0924327377501029,NA
AC007292.2,black,-0.0924327377501029,NA
AC007622.2,yellow,-0.145077816435623,NA
AC008114.1,blue,0.343475925253011,NA
AC008114.1,blue,0.343475925253011,NA
AC008750.3,greenyellow,0.387954294900713,NA
AC008750.4,yellow,-0.128919272035817,NA
AC008761.1,grey,-0.20595787972881,NA
AC008875.3,grey,-0.123213186644677,NA
AC008875.3,grey,-0.123213186644677,NA
AC008875.3,grey,-0.123213186644677,NA
AC008894.2,turquoise,0.225336399651386,NA
AC008894.2,turquoise,0.225336399651386,NA
AC008894.2,turquoise,0.225336399651386,NA
AC008894.2,turquoise,0.225336399651386,NA
AC008894.2,turquoise,0.225336399651386,NA
AC008914.1,black,0.14222359812706,NA
AC008914.1,black,0.14222359812706,NA
AC009088.3,red,0.180263914036511,NA
AC009088.3,red,0.180263914036511,NA
AC010168.2,brown,0.329049046496375,NA
AC010168.2,brown,0.329049046496375,NA
AC010168.2,brown,0.329049046496375,NA
AC010969.1,yellow,-0.139823598958235,NA
AC011346.1,black,0.153531963093009,NA
AC011346.1,black,0.153531963093009,NA
AC011346.1,black,0.153531963093009,NA
AC011346.1,black,0.153531963093009,NA
AC011445.2,turquoise,0.0456163543036125,NA
AC011446.2,grey,-0.0657046147139409,NA
AC011446.2,grey,-0.0657046147139409,NA
AC011446.2,grey,-0.0657046147139409,NA
AC011462.2,grey,0.0814728276421878,NA
AC012613.2,black,0.185192423638944,NA
AC012613.2,black,0.185192423638944,NA
AC015712.2,brown,0.197922021827062,NA
AC015912.1,turquoise,0.0516912105831173,NA
AC015912.1,turquoise,0.0516912105831173,NA
AC016588.1,red,0.0885026846581081,NA
AC016876.1,black,-0.0221752397684804,NA
AC020656.1,turquoise,0.281776765389683,NA
AC020659.2,pink,0.0675961876439496,NA
AC021078.1,grey,0.0725378280393842,NA
AC021078.1,grey,0.0725378280393842,NA
AC021739.2,purple,-0.117102612653053,NA
AC022150.4,greenyellow,0.318684241927198,NA
AC022150.4,greenyellow,0.318684241927198,NA
AC022150.4,greenyellow,0.318684241927198,NA
AC022150.4,greenyellow,0.318684241927198,NA
AC022400.5,grey,0.0899536686239972,NA
AC022400.5,grey,0.0899536686239972,NA
AC022400.5,grey,0.0899536686239972,NA
AC022400.5,grey,0.0899536686239972,NA
AC022400.5,grey,0.0899536686239972,NA
AC023157.3,black,0.152303681328185,NA
AC024267.6,yellow,0.0834970727587646,NA
AC024592.2,turquoise,-0.0756559389728465,NA
AC026333.3,turquoise,0.364368070907403,NA
AC026954.3,purple,-0.0830551457875622,NA
AC027290.1,red,0.00367119792758698,NA
AC027290.1,red,0.00367119792758698,NA
AC027290.1,red,0.00367119792758698,NA
AC027290.1,red,0.00367119792758698,NA
AC027290.2,greenyellow,0.0630546410657042,NA
AC027290.2,greenyellow,0.0630546410657042,NA
AC027290.2,greenyellow,0.0630546410657042,NA
AC027290.2,greenyellow,0.0630546410657042,NA
AC067930.4,red,0.162453955385286,NA
AC068580.3,yellow,0.0699373980044724,NA
AC068580.3,yellow,0.0699373980044724,NA
AC068831.4,turquoise,0.409464176595078,NA
AC073957.3,brown,0.347202007616716,NA
AC074033.1,yellow,-0.194589176824715,NA
AC083798.2,yellow,-0.00434305841016251,NA
AC083799.1,turquoise,0.383458879535278,NA
AC087190.3,turquoise,0.247204603040561,NA
AC087190.3,turquoise,0.247204603040561,NA
AC087190.3,turquoise,0.247204603040561,NA
AC087284.1,grey,0.00764196638145856,NA
AC090559.1,turquoise,0.506479848790252,NA
AC090559.1,turquoise,0.506479848790252,NA
AC090607.4,brown,0.343704121383818,NA
AC090607.4,brown,0.343704121383818,NA
AC090617.3,red,0.233083550596225,NA
AC090617.3,red,0.233083550596225,NA
AC090971.2,brown,0.286356600090084,NA
AC090971.2,brown,0.286356600090084,NA
AC091117.1,yellow,-0.0303839777597104,NA
AC091117.1,yellow,-0.0303839777597104,NA
AC091117.1,yellow,-0.0303839777597104,NA
AC092069.1,purple,-0.0460255594358071,NA
AC092118.1,yellow,-0.253785516302264,NA
AC093503.2,turquoise,0.187019994287169,NA
AC093503.2,turquoise,0.187019994287169,NA
AC099494.2,magenta,-0.37213103723392,NA
AC100788.2,greenyellow,0.162774165575618,NA
AC103563.2,purple,0.145546193067595,NA
AC103691.1,yellow,-0.136330242961361,NA
AC104794.5,green,0.146770088949564,NA
AC105020.1,purple,0.165319861591384,NA
AC108134.1,blue,0.377020048505364,NA
AC108134.1,blue,0.377020048505364,NA
AC108134.1,blue,0.377020048505364,NA
AC113208.4,turquoise,0.227268308434008,NA
AC113208.4,turquoise,0.227268308434008,NA
AC127496.6,grey,0.214583056696804,NA
AC132872.3,blue,-0.069983861439918,NA
AC132872.3,blue,-0.069983861439918,NA
AC132872.3,blue,-0.069983861439918,NA
AC133550.2,grey,0.00302222418455427,NA
AC133550.2,grey,0.00302222418455427,NA
AC133550.2,grey,0.00302222418455427,NA
AC133550.2,grey,0.00302222418455427,NA
AC133550.2,grey,0.00302222418455427,NA
AC135050.6,brown,0.156551520853062,NA
AC139887.2,brown,0.228411675054874,NA
AC245140.2,pink,0.196986007218313,NA
AC245140.2,pink,0.196986007218313,NA
AC245140.2,pink,0.196986007218313,NA
AC254629.1,blue,0.0802570751360447,NA
ACAD8,pink,0.0518230233223701,NA
ACADVL,red,0.263256285056821,NA
ACAP2,magenta,-0.0684963428941592,NA
ACBD3,brown,-0.0444928369833025,NA
ACBD6,yellow,-0.263316457367825,NA
ACOT11,brown,-0.414052322436851,NA
ACOT4,green,-0.0582247180368337,NA
ACOT9,turquoise,0.333829944377252,NA
ACSL3,turquoise,0.386931938651924,NA
ACTBP11,green,0.053939336404441,NA
ACTBP11,green,0.053939336404441,NA
ACTBP11,green,0.053939336404441,NA
ACTBP11,green,0.053939336404441,NA
ACTR1A,turquoise,0.0197475719872865,NA
ACVR2A,grey,-0.190947843007426,NA
ADAM10,turquoise,0.333697147867187,NA
ADAM17,grey,0.0313188094291362,NA
ADAM17,grey,0.0313188094291362,NA
ADAM9,greenyellow,0.27156143552003,NA
ADCY7,turquoise,-0.0612140629277059,NA
ADCY7,turquoise,-0.0612140629277059,NA
ADGRE5,turquoise,0.518299034161891,NA
ADGRF1,brown,0.405145651737579,NA
ADIPOR1,turquoise,0.237438171516329,NA
ADNP,yellow,0.161867641502111,NA
ADORA2A-AS1,turquoise,-0.150022112908401,NA
ADRM1,black,-0.0202892917403466,NA
ADRM1,black,-0.0202892917403466,NA
AFTPH,blue,-0.126386137816893,NA
AFTPH,blue,-0.126386137816893,NA
AGAP2,turquoise,0.628030335146703,NA
AGAP3,turquoise,0.147328849673892,NA
AGAP3,turquoise,0.147328849673892,NA
AGAP3,turquoise,0.147328849673892,NA
AGAP3,turquoise,0.147328849673892,NA
AGAP3,turquoise,0.147328849673892,NA
AGO1,tan,-0.0289386627947587,NA
AGO2,turquoise,0.277167235994758,NA
AGO2,turquoise,0.277167235994758,NA
AGO4,turquoise,0.638435252691233,NA
AGPAT2,pink,-0.112139845380593,NA
AGTPBP1,turquoise,0.551454327333748,NA
AGTRAP,turquoise,0.156033256329294,NA
AHNAK,greenyellow,0.250908625570452,NA
AHSA1,brown,0.11859253617804,NA
AHSA1,brown,0.11859253617804,NA
AIF1L,green,0.0572908276032968,NA
AIF1L,green,0.0572908276032968,NA
AIF1L,green,0.0572908276032968,NA
AIFM2,black,-0.143967756706492,NA
AK1,purple,0.139611431701361,NA
AK1,purple,0.139611431701361,NA
AK3,turquoise,0.13981040624907,NA
AKAP10,brown,-0.267273058370542,NA
AKAP10,brown,-0.267273058370542,NA
AKAP10,brown,-0.267273058370542,NA
AKAP10,brown,-0.267273058370542,NA
AKAP13,black,0.192810553067056,NA
AKAP13,black,0.192810553067056,NA
AKIRIN2,black,0.145437524018799,NA
AL031714.1,turquoise,-0.0694598265162687,NA
AL033384.1,brown,0.13855614278118,NA
AL035661.1,yellow,0.0726633445305839,NA
AL035661.1,yellow,0.0726633445305839,NA
AL109628.2,yellow,0.406650779771497,NA
AL109628.2,yellow,0.406650779771497,NA
AL121761.1,green,0.311825914109324,NA
AL121761.1,green,0.311825914109324,NA
AL121761.1,green,0.311825914109324,NA
AL121761.1,green,0.311825914109324,NA
AL121985.1,turquoise,0.0156181667853572,NA
AL132857.1,green,0.280494402567467,NA
AL132857.1,green,0.280494402567467,NA
AL132857.1,green,0.280494402567467,NA
AL136982.5,green,0.134661097090193,NA
AL138767.1,greenyellow,0.42225327755673,NA
AL139393.2,blue,-0.226322495995686,NA
AL139423.1,grey,0.0262620347210897,NA
AL139423.1,grey,0.0262620347210897,NA
AL139423.1,grey,0.0262620347210897,NA
AL139423.1,grey,0.0262620347210897,NA
AL139423.1,grey,0.0262620347210897,NA
AL139423.1,grey,0.0262620347210897,NA
AL157935.1,red,0.21038546380795,NA
AL157935.1,red,0.21038546380795,NA
AL162742.1,yellow,0.137698957675513,NA
AL355075.3,turquoise,-0.0817662387042901,NA
AL355075.3,turquoise,-0.0817662387042901,NA
AL356123.2,brown,0.0168361434216843,NA
AL356356.1,turquoise,0.356116681106212,NA
AL356867.1,brown,0.220621860225595,NA
AL357153.1,grey,0.12319617017691,NA
AL390719.1,magenta,-0.181489506940632,NA
AL391056.2,turquoise,0.249419888207469,NA
AL391863.1,greenyellow,0.122247356756929,NA
AL450467.1,grey,-0.117581725341726,NA
AL512791.1,black,0.00750347284538921,NA
AL583722.2,turquoise,0.124439907404082,NA
AL583722.2,turquoise,0.124439907404082,NA
AL590714.1,blue,-0.138149982747237,NA
AL590714.1,blue,-0.138149982747237,NA
AL592166.1,blue,0.210891255079395,NA
AL592166.1,blue,0.210891255079395,NA
AL732437.1,brown,-0.241066421294375,NA
ALDH3A1,pink,0.052903983022814,NA
ALDH3A1,pink,0.052903983022814,NA
ALDH3A1,pink,0.052903983022814,NA
ALDH3A2,pink,0.2261417530006,NA
ALDH3A2,pink,0.2261417530006,NA
ALDOA,blue,-0.00149298108519856,NA
ALKBH5,yellow,-0.277858315665605,NA
ALOX12,green,-0.0232886959856466,NA
ALOX12-AS1,green,0.0302467119164643,NA
ALOX12-AS1,green,0.0302467119164643,NA
ALOX12-AS1,green,0.0302467119164643,NA
AMFR,green,-0.0433404463049325,NA
ANAPC16,turquoise,0.395176692395341,NA
ANKRD17,pink,-0.214024462080572,NA
ANKRD28,brown,-0.0383013566309875,NA
ANKRD28,brown,-0.0383013566309875,NA
ANKRD31,yellow,0.0383265824944073,NA
ANKRD37,purple,-0.2764927645424,NA
ANKRD44,turquoise,0.623948276075348,NA
ANKRD52,greenyellow,0.102360294852409,NA
ANKRD52,greenyellow,0.102360294852409,NA
ANKRD52,greenyellow,0.102360294852409,NA
ANKRD52,greenyellow,0.102360294852409,NA
ANKRD52,greenyellow,0.102360294852409,NA
ANKRD52,greenyellow,0.102360294852409,NA
ANKRD52,greenyellow,0.102360294852409,NA
ANKRD52,greenyellow,0.102360294852409,NA
ANKRD52,greenyellow,0.102360294852409,NA
ANKRD52,greenyellow,0.102360294852409,NA
ANKZF1,grey,-0.0271452908802371,NA
ANO10,grey,-0.127344378957212,NA
ANO7L1,red,0.346101463144923,NA
ANO7L1,red,0.346101463144923,NA
ANO7L1,red,0.346101463144923,NA
ANO8,yellow,-0.159523134144226,NA
ANO8,yellow,-0.159523134144226,NA
ANP32A,turquoise,0.320431102571116,NA
ANXA6,grey,-0.10508704094332,NA
ANXA9,grey,0.0319059184907084,NA
AP000919.2,greenyellow,0.0317938596934217,NA
AP001107.1,yellow,0.0866960472798379,NA
AP001453.1,yellow,-0.130137950394651,NA
AP001610.3,blue,0.172010847848342,NA
AP001610.3,blue,0.172010847848342,NA
AP001610.3,blue,0.172010847848342,NA
AP001610.3,blue,0.172010847848342,NA
AP001610.3,blue,0.172010847848342,NA
AP001610.3,blue,0.172010847848342,NA
AP001610.3,blue,0.172010847848342,NA
AP002490.1,blue,0.320554183995875,NA
AP002490.1,blue,0.320554183995875,NA
AP003733.3,yellow,0.0204768926554797,NA
AP003733.3,yellow,0.0204768926554797,NA
AP006621.1,purple,-0.0635551899148447,NA
AP1G1,black,0.0735868607655153,NA
AP1G1,black,0.0735868607655153,NA
AP1G2,turquoise,-0.0328234064088098,NA
AP2B1,turquoise,0.211638113625899,NA
AP3D1,blue,-0.0493829154276228,NA
AP3M1,yellow,-0.0949730151986845,NA
AP3M1,yellow,-0.0949730151986845,NA
AP4M1,yellow,0.173102836365133,NA
AP4M1,yellow,0.173102836365133,NA
AP4M1,yellow,0.173102836365133,NA
AP4M1,yellow,0.173102836365133,NA
AP5B1,turquoise,0.379635156599397,NA
APBB3,blue,-0.012238107833015,NA
APBB3,blue,-0.012238107833015,NA
APBB3,blue,-0.012238107833015,NA
APC,greenyellow,0.336122633242021,NA
APC,greenyellow,0.336122633242021,NA
APLP2,turquoise,0.210571789222398,NA
APOBEC3A,turquoise,0.50340152012915,NA
APOBEC3C,brown,0.0375461650629595,NA
APOL1,turquoise,0.491340110951917,NA
APOL1,turquoise,0.491340110951917,NA
APOL2,turquoise,0.549076122521026,NA
ARCN1,brown,-0.119370635026551,NA
AREG,black,0.0141392751878183,NA
ARF1,turquoise,0.0803215158368039,NA
ARF5,turquoise,0.4046424337477,NA
ARF6,grey,0.216986253946517,NA
ARFGAP1,brown,-0.0186660363840086,NA
ARFGAP2,red,0.296978205069792,NA
ARFGAP2,red,0.296978205069792,NA
ARFGEF1,greenyellow,0.17565231863008,NA
ARFIP1,blue,-0.0148632300169199,NA
ARFIP1,blue,-0.0148632300169199,NA
ARFIP2,blue,0.113489550130792,NA
ARGLU1,grey,-0.00272618288024427,NA
ARHGAP10,red,0.372078878143457,NA
ARHGAP17,tan,0.168974282827134,NA
ARHGAP27P1-BPTFP1-KPNA2P3,yellow,-0.154461970678711,NA
ARHGAP27P1-BPTFP1-KPNA2P3,yellow,-0.154461970678711,NA
ARHGAP35,green,-0.0059901569724832,NA
ARHGAP45,turquoise,0.433921341895369,NA
ARHGAP5,magenta,-0.0881124900420011,NA
ARHGAP5,magenta,-0.0881124900420011,NA
ARHGAP5,magenta,-0.0881124900420011,NA
ARHGDIB,turquoise,0.466018581306876,NA
ARHGDIB,turquoise,0.466018581306876,NA
ARHGDIB,turquoise,0.466018581306876,NA
ARHGEF1,turquoise,0.604456376835818,NA
ARHGEF12,grey,0.0835759927566545,NA
ARHGEF19,brown,-0.0348002088036106,NA
ARID1B,grey,0.0169158880549615,NA
ARID4B,yellow,-0.133694996740515,NA
ARID4B,yellow,-0.133694996740515,NA
ARL6IP1,magenta,-0.167418511011646,NA
ARL6IP1,magenta,-0.167418511011646,NA
ARL6IP1,magenta,-0.167418511011646,NA
ARL6IP1,magenta,-0.167418511011646,NA
ARMH3,grey,0.21229806502649,NA
ARNT,magenta,0.0777568097488545,NA
ARNTL2,red,0.277525685058771,NA
ARNTL2-AS1,yellow,-0.0636187862773875,NA
ARNTL2-AS1,yellow,-0.0636187862773875,NA
ARPC2,turquoise,0.513924907560348,NA
ARPC4,turquoise,0.154230527804731,NA
ARPC4,turquoise,0.154230527804731,NA
ARPC4,turquoise,0.154230527804731,NA
ARPC4,turquoise,0.154230527804731,NA
ARPC4,turquoise,0.154230527804731,NA
ARPC4,turquoise,0.154230527804731,NA
ARPC4,turquoise,0.154230527804731,NA
ARPC4,turquoise,0.154230527804731,NA
ARPP19,turquoise,0.435083099302481,NA
ARRDC1,red,0.137102601888206,NA
ARRDC3,blue,0.000687678897570017,NA
ASB6,turquoise,-0.204314870918495,NA
ASCC2,pink,0.24089140982889,NA
ASCC3,grey,0.116581455169143,NA
ASCL2,turquoise,0.173054357052583,NA
ASH2L,pink,0.155240665606825,NA
ASPH,turquoise,0.186286431265149,NA
ASPRV1,grey,-0.0935668500643547,NA
ASS1,brown,-0.0274434425955208,NA
ASS1,brown,-0.0274434425955208,NA
ASXL2,yellow,0.0798132571428248,NA
ATAD1,brown,0.235360497369042,NA
ATAD3C,blue,0.113656931052125,NA
ATAD3C,blue,0.113656931052125,NA
ATAD3C,blue,0.113656931052125,NA
ATF7,yellow,7.77487447928618e-05,NA
ATG4A,brown,0.13584071958392,NA
ATP13A1,grey,0.0815058160217568,NA
ATP13A3,turquoise,0.0806605853808783,NA
ATP1B1,brown,0.23445331241883,NA
ATP2A2,brown,0.08202543524182,NA
ATP2C1,green,-0.0995966266004086,NA
ATP2C1,green,-0.0995966266004086,NA
ATP5F1B,blue,0.312079580436297,NA
ATP5MD,tan,0.0230304681905218,NA
ATP5MPL,yellow,0.0983970131859099,NA
ATP5PB,black,0.0339250880754442,NA
ATP5PO,green,0.100040279819134,NA
ATP6V0A1,grey,-0.068894928241846,NA
ATP6V0D1,grey,-0.0972113115886796,NA
ATP6V0D1,grey,-0.0972113115886796,NA
ATP6V0D1,grey,-0.0972113115886796,NA
ATP6V1C2,green,0.0694462780295298,NA
ATP6V1D,blue,0.0819361512737857,NA
ATP9A,black,0.15233426413985,NA
ATXN1L,tan,0.0529954167270224,NA
ATXN7,yellow,0.349512305839266,NA
ATXN7L3B,magenta,-0.0225886602812732,NA
AUP1,grey,0.00649816830330826,NA
AURKAIP1,turquoise,-0.0349071950390844,NA
AVL9,yellow,0.326919840563667,NA
AVL9,yellow,0.326919840563667,NA
AVL9,yellow,0.326919840563667,NA
AVL9,yellow,0.326919840563667,NA
AZIN1,turquoise,0.581303116432794,NA
B2M,turquoise,0.329608233452776,NA
B3GALT5-AS1,blue,0.465241103449161,NA
B3GALT5-AS1,blue,0.465241103449161,NA
B3GALT5-AS1,blue,0.465241103449161,NA
B3GALT5-AS1,blue,0.465241103449161,NA
B3GALT5-AS1,blue,0.465241103449161,NA
B3GALT5-AS1,blue,0.465241103449161,NA
B3GAT2,turquoise,0.464838241940364,NA
B3GNT2,blue,0.163222090557188,NA
B3GNT5,turquoise,0.488024097556345,NA
B3GNT7,brown,0.215569201219117,NA
B3GNT7,brown,0.215569201219117,NA
B3GNT7,brown,0.215569201219117,NA
B3GNT7,brown,0.215569201219117,NA
B4GALNT3,brown,0.0962364430042754,NA
B4GALT4,turquoise,0.0141049651868884,NA
B9D2,yellow,-0.04280014406223,NA
BABAM1,pink,-0.0139723752058987,NA
BAD,grey,-0.0611169341412211,NA
BAD,grey,-0.0611169341412211,NA
BAD,grey,-0.0611169341412211,NA
BAD,grey,-0.0611169341412211,NA
BAD,grey,-0.0611169341412211,NA
BAD,grey,-0.0611169341412211,NA
BAD,grey,-0.0611169341412211,NA
BAD,grey,-0.0611169341412211,NA
BAD,grey,-0.0611169341412211,NA
BAD,grey,-0.0611169341412211,NA
BAG6,grey,-0.0410467150865555,NA
BAHD1,grey,-0.226951830945347,NA
BAHD1,grey,-0.226951830945347,NA
BAIAP3,grey,0.0917546137895583,NA
BAP1,turquoise,0.201427931367318,NA
BARD1,blue,0.0841335727301144,NA
BAZ1A,turquoise,0.532616125518568,NA
BAZ1A,turquoise,0.532616125518568,NA
BAZ1A,turquoise,0.532616125518568,NA
BAZ1B,blue,0.117454080414173,NA
BAZ1B,blue,0.117454080414173,NA
BCAP29,brown,0.0997204692619717,NA
BCAP29,brown,0.0997204692619717,NA
BCAP31,turquoise,0.237570020671092,NA
BCAR1,brown,0.00972218835764035,NA
BCAS1,brown,0.241615762919047,NA
BCAS3,purple,-0.107905892646384,NA
BCAS4,black,-0.0260690140464208,NA
BCAS4,black,-0.0260690140464208,NA
BCCIP,black,0.0273048787332169,NA
BCCIP,black,0.0273048787332169,NA
BCCIP,black,0.0273048787332169,NA
BCCIP,black,0.0273048787332169,NA
BCL2L1,red,0.330583819077134,NA
BCL2L11,blue,0.136974362180408,NA
BCL2L11,blue,0.136974362180408,NA
BCL2L11,blue,0.136974362180408,NA
BCL2L13,turquoise,0.221118665348235,NA
BCL7B,blue,-0.04048395869549,NA
BCL7B,blue,-0.04048395869549,NA
BCL7B,blue,-0.04048395869549,NA
BCL7B,blue,-0.04048395869549,NA
BCL7B,blue,-0.04048395869549,NA
BCL7B,blue,-0.04048395869549,NA
BCLAF1,tan,0.200609151792642,NA
BCO2,green,-0.0528229190640294,NA
BCO2,green,-0.0528229190640294,NA
BEAN1,turquoise,0.395326223678978,NA
BEST1,turquoise,-0.0613676709025187,NA
BET1L,turquoise,0.288116087716375,NA
BEX4,black,0.0312367234694203,NA
BHLHE40,grey,-0.276809604656577,NA
BHLHE40-AS1,brown,0.15893931115315,NA
BHLHE40-AS1,brown,0.15893931115315,NA
BICD2,magenta,-0.283311641279011,NA
BICDL1,black,-0.00117907477979221,NA
BICDL2,pink,0.162821689414505,NA
BICDL2,pink,0.162821689414505,NA
BIN1,brown,-0.17354078043283,NA
BIN3,blue,0.175134453213744,NA
BLCAP,blue,0.0648490622445626,NA
BMT2,turquoise,-0.0270535593554447,NA
BMT2,turquoise,-0.0270535593554447,NA
BNIP2,turquoise,0.586848702025684,NA
BNIP2,turquoise,0.586848702025684,NA
BNIP3,green,0.0936234489528275,NA
BNIP3,green,0.0936234489528275,NA
BNIP3L,green,0.188373242223912,NA
BOK,red,0.277160983510391,NA
BORCS6,grey,0.00223705742486087,NA
BPGM,green,-0.0895882988320686,NA
BPTF,blue,0.251683747890082,NA
BPTF,blue,0.251683747890082,NA
BPTF,blue,0.251683747890082,NA
BPTF,blue,0.251683747890082,NA
BPTF,blue,0.251683747890082,NA
BPTF,blue,0.251683747890082,NA
BPTF,blue,0.251683747890082,NA
BRAF,turquoise,0.467405786059468,NA
BRAF,turquoise,0.467405786059468,NA
BRD4,tan,0.0457665161802151,NA
BRD7,grey,0.0812838877745871,NA
BRMS1,turquoise,0.525124094242627,NA
BTAF1,blue,0.536170810048839,NA
BTAF1,blue,0.536170810048839,NA
BTAF1,blue,0.536170810048839,NA
BTAF1,blue,0.536170810048839,NA
BTAF1,blue,0.536170810048839,NA
BTAF1,blue,0.536170810048839,NA
BTBD1,brown,0.0219253883160715,NA
BTBD10,brown,0.0382710008861038,NA
BTBD10,brown,0.0382710008861038,NA
BTBD10,brown,0.0382710008861038,NA
BTBD10,brown,0.0382710008861038,NA
BTBD10,brown,0.0382710008861038,NA
BTBD10,brown,0.0382710008861038,NA
BTBD10,brown,0.0382710008861038,NA
BTBD10,brown,0.0382710008861038,NA
BTBD6,grey,-0.0736087291564498,NA
BTBD6,grey,-0.0736087291564498,NA
BTBD6,grey,-0.0736087291564498,NA
BTBD7,magenta,-0.127877256575437,NA
BTBD9,blue,0.0389103380097873,NA
BTF3,grey,-0.0852753862008175,NA
BTF3,grey,-0.0852753862008175,NA
BTN3A2,turquoise,0.578101535398955,NA
BTN3A2,turquoise,0.578101535398955,NA
BTN3A2,turquoise,0.578101535398955,NA
BTN3A2,turquoise,0.578101535398955,NA
BTN3A2,turquoise,0.578101535398955,NA
BUD31,turquoise,0.445170716936115,NA
BX255925.3,red,0.251464850513977,NA
BX322234.1,blue,-0.0249201115656347,NA
BX322234.1,blue,-0.0249201115656347,NA
BX322234.1,blue,-0.0249201115656347,NA
BZW1,yellow,0.128728935025774,NA
C11orf96,brown,0.0763311167616414,NA
C15orf39,turquoise,0.2604305288363,NA
C15orf39,turquoise,0.2604305288363,NA
C16orf72,grey,-0.13780067786973,NA
C17orf107,turquoise,-0.069221181031509,NA
C19orf33,red,0.0364916045180613,NA
C19orf33,red,0.0364916045180613,NA
C1GALT1C1,yellow,0.254855231183971,NA
C1orf122,blue,-0.0399297398396776,NA
C1orf210,grey,0.207860945477203,NA
C1orf43,turquoise,0.255394638516488,NA
C1orf43,turquoise,0.255394638516488,NA
C1orf68,grey,0.0698975712816848,NA
C2CD2,purple,-0.166285117555238,NA
C3orf62,turquoise,0.472379709855105,NA
C3orf80,blue,-0.145771863736144,NA
C3orf80,blue,-0.145771863736144,NA
C4orf19,blue,0.176165321501856,NA
C4orf3,green,0.0711906189685999,NA
C5orf56,turquoise,0.549497799562563,NA
C5orf56,turquoise,0.549497799562563,NA
C5orf56,turquoise,0.549497799562563,NA
C5orf56,turquoise,0.549497799562563,NA
C5orf56,turquoise,0.549497799562563,NA
C5orf66,turquoise,0.313147899738616,NA
C5orf66,turquoise,0.313147899738616,NA
C6orf120,turquoise,-0.0224472944147484,NA
C6orf132,red,0.279758790620522,NA
C6orf132,red,0.279758790620522,NA
C6orf136,brown,0.0107682738458763,NA
C6orf136,brown,0.0107682738458763,NA
C9orf72,turquoise,0.302223083197308,NA
C9orf78,turquoise,0.360405389461012,NA
CABP7,yellow,-0.0871917644353638,NA
CACNB1,brown,0.103139454007372,NA
CALB2,green,0.13348730718822,NA
CALB2,green,0.13348730718822,NA
CALM1,magenta,-0.0719060241453399,NA
CALM2,turquoise,0.612897863399005,NA
CALM3,turquoise,0.35194428137966,NA
CALML4,yellow,-0.0461160550599434,NA
CAMK1D,turquoise,0.429015741690647,NA
CAMKK2,turquoise,0.463726751419587,NA
CAMSAP1,grey,0.170465221125286,NA
CAMTA2,tan,0.0998040367437212,NA
CANX,turquoise,0.203899665094013,NA
CANX,turquoise,0.203899665094013,NA
CAP1,turquoise,0.579224052771023,NA
CAPN14,brown,0.0539369578059234,NA
CAPN15,purple,-0.0326247650510607,NA
CAPN2,brown,0.321805559910859,NA
CASP10,brown,0.015228565393693,NA
CASP10,brown,0.015228565393693,NA
CASP14,black,-0.0815344369837978,NA
CASP14,black,-0.0815344369837978,NA
CASP4,turquoise,0.54645976140792,NA
CASP8,turquoise,0.187229613306351,NA
CAVIN1,grey,0.105956850736397,NA
CBLB,blue,0.321696102911289,NA
CBLB,blue,0.321696102911289,NA
CBX6,turquoise,0.178762097078252,NA
CBX6,turquoise,0.178762097078252,NA
CC2D1A,pink,-0.0791792674092636,NA
CCAR2,blue,0.305226976521457,NA
CCDC120,pink,0.375224891420764,NA
CCDC47,blue,0.297813118635007,NA
CCDC6,green,-0.0356310941496483,NA
CCDC6,green,-0.0356310941496483,NA
CCDC74BP1,turquoise,0.267765468203562,NA
CCDC85B,grey,-0.153095270999761,NA
CCDC88B,turquoise,0.547887135483783,NA
CCDC88B,turquoise,0.547887135483783,NA
CCDC88B,turquoise,0.547887135483783,NA
CCDC88B,turquoise,0.547887135483783,NA
CCDC88B,turquoise,0.547887135483783,NA
CCDC88B,turquoise,0.547887135483783,NA
CCDC9,turquoise,0.193096249887102,NA
CCDC90B,turquoise,0.503279532427536,NA
CCDC90B,turquoise,0.503279532427536,NA
CCDC96,blue,0.0541430087041401,NA
CCDC96,blue,0.0541430087041401,NA
CCDC97,turquoise,0.438382653096986,NA
CCL22,grey,-0.0581656199282795,NA
CCL22,grey,-0.0581656199282795,NA
CCL3L1,turquoise,0.126871885516271,NA
CCM2,turquoise,0.468498606707827,NA
CCN1,brown,0.171130856377518,NA
CCN1,brown,0.171130856377518,NA
CCN1,brown,0.171130856377518,NA
CCNC,magenta,0.0275596950334934,NA
CCNC,magenta,0.0275596950334934,NA
CCND1,brown,0.087511134130504,NA
CCND3,turquoise,0.345807339333653,NA
CCND3,turquoise,0.345807339333653,NA
CCND3,turquoise,0.345807339333653,NA
CCNDBP1,brown,-0.10595635672923,NA
CCNH,turquoise,0.230741858699825,NA
CCNI,yellow,-0.194882425336677,NA
CCNJL,turquoise,0.504091790047731,NA
CCNT2,brown,0.249593180310009,NA
CCNT2,brown,0.249593180310009,NA
CCNT2,brown,0.249593180310009,NA
CCPG1,turquoise,0.0589442386194645,NA
CCRL2,turquoise,0.169929205282277,NA
CCT7,blue,0.127524938000197,NA
CCT7,blue,0.127524938000197,NA
CCZ1,brown,-0.0557001342812851,NA
CD151,turquoise,0.365855752051651,NA
CD2AP,magenta,-0.127729982933056,NA
CD3EAP,blue,-0.186184555267481,NA
CD3EAP,blue,-0.186184555267481,NA
CD63,turquoise,0.244990218284432,NA
CD63,turquoise,0.244990218284432,NA
CDC34,red,0.265339454056946,NA
CDC34,red,0.265339454056946,NA
CDC34,red,0.265339454056946,NA
CDC34,red,0.265339454056946,NA
CDC34,red,0.265339454056946,NA
CDC34,red,0.265339454056946,NA
CDC34,red,0.265339454056946,NA
CDC42EP1,brown,-0.0754739590312425,NA
CDC42EP3,turquoise,0.267181422360505,NA
CDC42EP4,tan,0.229223741902509,NA
CDC42EP4,tan,0.229223741902509,NA
CDC42EP5,brown,0.0820171737850387,NA
CDC42SE2,turquoise,0.185256309127434,NA
CDH26,turquoise,0.264447036033275,NA
CDIP1,black,-0.295694349442841,NA
CDK2,grey,-0.0748875252394791,NA
CDK7,red,0.0597774352767923,NA
CDKL5,greenyellow,0.109169657465758,NA
CDKL5,greenyellow,0.109169657465758,NA
CDKN1A,turquoise,-0.0400139925912085,NA
CDKN2A,brown,0.211654353029674,NA
CDKN2A,brown,0.211654353029674,NA
CDYL,blue,0.384211934797049,NA
CEACAM5,blue,0.444509133067632,NA
CEACAM6,blue,0.445640237833688,NA
CEACAM6,blue,0.445640237833688,NA
CEACAM6,blue,0.445640237833688,NA
CEACAM6,blue,0.445640237833688,NA
CEACAM6,blue,0.445640237833688,NA
CEACAM6,blue,0.445640237833688,NA
CEACAM6,blue,0.445640237833688,NA
CEBPZOS,turquoise,0.164821763933045,NA
CELF2,turquoise,0.545204910539836,NA
CENPP,yellow,-0.0687797278302199,NA
CEP350,yellow,0.3081606632802,NA
CEP350,yellow,0.3081606632802,NA
CEP350,yellow,0.3081606632802,NA
CEP85,purple,0.143596553473181,NA
CERK,grey,-0.0544616500695506,NA
CERT1,magenta,-0.219220007426032,NA
CERT1,magenta,-0.219220007426032,NA
CFDP1,blue,0.0538756801680423,NA
CHAF1A,pink,0.0680452121124596,NA
CHCHD1,yellow,-0.0235739804029225,NA
CHCHD10,grey,-0.0238572914644414,NA
CHD4,brown,-0.144061714047198,NA
CHKA,blue,0.520925314869483,NA
CHKA,blue,0.520925314869483,NA
CHKA,blue,0.520925314869483,NA
CHKA,blue,0.520925314869483,NA
CHKA,blue,0.520925314869483,NA
CHKA,blue,0.520925314869483,NA
CHKA,blue,0.520925314869483,NA
CHKA,blue,0.520925314869483,NA
CHMP1B-AS1,magenta,-0.213234801213511,NA
CHMP1B-AS1,magenta,-0.213234801213511,NA
CHMP4B,turquoise,0.290922838762679,NA
CHMP4B,turquoise,0.290922838762679,NA
CHMP4B,turquoise,0.290922838762679,NA
CHMP4C,magenta,-0.133391275559076,NA
CHPT1,grey,-0.0700174519858057,NA
CHPT1,grey,-0.0700174519858057,NA
CHTOP,turquoise,0.40949314053473,NA
CHURC1,turquoise,0.180160059128442,NA
CIB1,tan,0.11414677162017,NA
CIB1,tan,0.11414677162017,NA
CINP,turquoise,0.495319157873094,NA
CINP,turquoise,0.495319157873094,NA
CIRBP,grey,-0.18212467365603,NA
CLDN1,brown,0.345264927720379,NA
CLDN12,turquoise,0.0865353375530186,NA
CLDN4,brown,0.148680378761147,NA
CLEC7A,turquoise,0.522092023450867,NA
CLEC7A,turquoise,0.522092023450867,NA
CLIC3,red,0.269587539887175,NA
CLINT1,brown,0.267299023789875,NA
CLN3,turquoise,0.211417013539369,NA
CLN6,yellow,0.207609000881878,NA
CLOCK,brown,0.398811128492853,NA
CLTA,tan,-0.0207262608376329,NA
CLTC,tan,0.226819010684752,NA
CLTC,tan,0.226819010684752,NA
CLU,blue,0.011520223206436,NA
CLU,blue,0.011520223206436,NA
CLU,blue,0.011520223206436,NA
CMIP,green,0.0342558810591171,NA
CMIP,green,0.0342558810591171,NA
CMIP,green,0.0342558810591171,NA
CMIP,green,0.0342558810591171,NA
CMIP,green,0.0342558810591171,NA
CMTM6,turquoise,0.427935481475694,NA
CNBP,turquoise,0.367903520083202,NA
CNGA1,brown,0.161044897672375,NA
CNGA1,brown,0.161044897672375,NA
CNGA1,brown,0.161044897672375,NA
CNKSR1,green,0.206910590120628,NA
CNNM2,brown,0.177999051262114,NA
CNNM3,blue,0.0580565629407117,NA
CNNM3,blue,0.0580565629407117,NA
CNOT4,blue,0.229653342707818,NA
CNOT4,blue,0.229653342707818,NA
CNOT4,blue,0.229653342707818,NA
CNOT4,blue,0.229653342707818,NA
CNOT8,tan,-0.00402722057864068,NA
CNOT9,blue,0.0913807900986492,NA
COL18A1,turquoise,0.430576404965363,NA
COL6A1,green,0.168498755854017,NA
COMMD5,turquoise,0.193465352145166,NA
COP1,turquoise,0.515039399974829,NA
COPA,black,0.00897186579566552,NA
COPA,black,0.00897186579566552,NA
COPA,black,0.00897186579566552,NA
COPB1,brown,0.347804548115312,NA
COPB1,brown,0.347804548115312,NA
COPB2,black,0.0644937120652733,NA
COPB2,black,0.0644937120652733,NA
COPB2,black,0.0644937120652733,NA
COPB2,black,0.0644937120652733,NA
COPB2,black,0.0644937120652733,NA
COPB2,black,0.0644937120652733,NA
COPB2,black,0.0644937120652733,NA
COPE,turquoise,-0.0845794569773539,NA
COPS9,grey,0.131862219771805,NA
COPS9,grey,0.131862219771805,NA
COQ9,brown,0.156073318931902,NA
CORO1A,turquoise,0.438622188372295,NA
COX17,turquoise,0.238447693046604,NA
COX5A,brown,-0.0992929196010577,NA
COX6A1,turquoise,0.0368151764160732,NA
CPEB3,greenyellow,-0.176113796367622,NA
CPEB4,brown,0.23999194094012,NA
CPEB4,brown,0.23999194094012,NA
CPEB4,brown,0.23999194094012,NA
CPEB4,brown,0.23999194094012,NA
CPEB4,brown,0.23999194094012,NA
CPEB4,brown,0.23999194094012,NA
CPEB4,brown,0.23999194094012,NA
CPM,grey,0.241994563491191,NA
CPNE1,turquoise,0.338341429633462,NA
CPNE3,green,0.0141532797841865,NA
CPPED1,turquoise,0.589783705343269,NA
CPSF2,yellow,0.00801023309267924,NA
CPSF2,yellow,0.00801023309267924,NA
CPSF7,blue,0.295335905493942,NA
CPT1A,grey,-0.0346051203572414,NA
CPTP,red,0.391718876212542,NA
CPTP,red,0.391718876212542,NA
CPTP,red,0.391718876212542,NA
CPTP,red,0.391718876212542,NA
CPTP,red,0.391718876212542,NA
CPTP,red,0.391718876212542,NA
CR1,turquoise,0.511825632264047,NA
CRCP,grey,-0.0836577211235989,NA
CRCT1,red,0.165527046053337,NA
CRCT1,red,0.165527046053337,NA
CREB1,turquoise,0.477224658168095,NA
CREB1,turquoise,0.477224658168095,NA
CREB1,turquoise,0.477224658168095,NA
CREBBP,turquoise,0.226473020563966,NA
CREBBP,turquoise,0.226473020563966,NA
CREBRF,blue,0.202982786691708,NA
CREBRF,blue,0.202982786691708,NA
CREBRF,blue,0.202982786691708,NA
CREM,turquoise,0.364070076906937,NA
CRIPT,grey,-0.234154794226003,NA
CRIPT,grey,-0.234154794226003,NA
CRISP3,green,0.171765616079594,NA
CRNN,green,0.150415860118659,NA
CRNN,green,0.150415860118659,NA
CRNN,green,0.150415860118659,NA
CRY1,magenta,-0.233639030816023,NA
CRY1,magenta,-0.233639030816023,NA
CRY1,magenta,-0.233639030816023,NA
CRYAB,green,-0.267141821490375,NA
CRYAB,green,-0.267141821490375,NA
CSDE1,turquoise,0.2130076258058,NA
CSF1,turquoise,0.352718430367922,NA
CSF2RB,turquoise,0.470725116640389,NA
CSK,pink,0.11077457744664,NA
CSRNP1,grey,0.01037977434823,NA
CST6,red,0.401711608124457,NA
CSTB,green,0.0232872305424603,NA
CSTF2,turquoise,0.25169532336065,NA
CTCF,grey,0.0458162591594692,NA
CTCF,grey,0.0458162591594692,NA
CTCF,grey,0.0458162591594692,NA
CTNND1,brown,0.232817955563184,NA
CTNND1,brown,0.232817955563184,NA
CTSD,turquoise,0.121100066756819,NA
CTSD,turquoise,0.121100066756819,NA
CTSL,turquoise,0.448935698847952,NA
CTSL,turquoise,0.448935698847952,NA
CTSL,turquoise,0.448935698847952,NA
CTSL,turquoise,0.448935698847952,NA
CTSV,green,0.101025864545022,NA
CTTNBP2NL,green,-0.062519163010749,NA
CUL3,yellow,0.225387534825265,NA
CXCR3,green,0.278110618159114,NA
CXorf38,blue,0.070642176683904,NA
CXorf38,blue,0.070642176683904,NA
CXorf38,blue,0.070642176683904,NA
CXorf56,brown,-0.00880958980891112,NA
CXXC1,yellow,-0.0420653937062385,NA
CXXC1,yellow,-0.0420653937062385,NA
CYB5R4,turquoise,0.488851817075447,NA
CYCS,yellow,-0.00896072499624314,NA
CYCS,yellow,-0.00896072499624314,NA
CYCS,yellow,-0.00896072499624314,NA
CYFIP1,brown,-0.150203972584419,NA
CYHR1,grey,-0.0817665079537607,NA
CYLD,turquoise,0.174985516402818,NA
CYP2T1P,red,0.315222250801769,NA
CYP4F3,turquoise,0.464034226662619,NA
CYTOR,blue,-0.24929817209304,NA
CYTOR,blue,-0.24929817209304,NA
CYTOR,blue,-0.24929817209304,NA
DAAM1,greenyellow,0.18551847960834,NA
DAB2IP,blue,0.126429142875379,NA
DAG1,red,0.00779867833128454,NA
DAG1,red,0.00779867833128454,NA
DAG1,red,0.00779867833128454,NA
DAG1,red,0.00779867833128454,NA
DAP3,black,0.0241762385151103,NA
DAP3,black,0.0241762385151103,NA
DAPK2,turquoise,0.324741992118227,NA
DAPP1,brown,0.217348245895858,NA
DARS,turquoise,0.300642503509497,NA
DAXX,turquoise,-0.192059554397649,NA
DBNL,pink,0.0576773630668107,NA
DBNL,pink,0.0576773630668107,NA
DBNL,pink,0.0576773630668107,NA
DBNL,pink,0.0576773630668107,NA
DBNL,pink,0.0576773630668107,NA
DCAF10,grey,-0.218495449046607,NA
DCAF12,black,-0.0195521819989434,NA
DCAF8,grey,-0.0152646695500551,NA
DCTN1,pink,-0.0536997233807534,NA
DCTN4,tan,-0.0374761407544504,NA
DCTN4,tan,-0.0374761407544504,NA
DCTN6,brown,-0.119843020158756,NA
DCTN6,brown,-0.119843020158756,NA
DCUN1D1,turquoise,-0.114273943149583,NA
DCUN1D1,turquoise,-0.114273943149583,NA
DCUN1D1,turquoise,-0.114273943149583,NA
DCUN1D3,turquoise,0.276081567985861,NA
DDA1,black,-0.0589090815474428,NA
DDAH2,grey,-0.127010740601591,NA
DDAH2,grey,-0.127010740601591,NA
DDAH2,grey,-0.127010740601591,NA
DDOST,brown,-0.0459608222502091,NA
DDTL,green,0.118883719230507,NA
DDX17,turquoise,0.426311502092528,NA
DDX19B,blue,0.0713340665459972,NA
DDX19B,blue,0.0713340665459972,NA
DDX19B,blue,0.0713340665459972,NA
DDX23,turquoise,0.218107043729277,NA
DDX5,turquoise,0.538545770006194,NA
DDX52,yellow,-0.0329060799100852,NA
DDX60L,turquoise,0.241519173970272,NA
DECR1,turquoise,0.442494771967504,NA
DEFB4A,black,-0.0406272358052379,NA
DEK,blue,0.195794310080116,NA
DENND1C,turquoise,0.548380963854426,NA
DENND2C,brown,0.0541037511257748,NA
DENND2C,brown,0.0541037511257748,NA
DENND2D,yellow,0.00678666577724014,NA
DENND2D,yellow,0.00678666577724014,NA
DENND3,turquoise,0.568039127263456,NA
DENND3,turquoise,0.568039127263456,NA
DENND5A,turquoise,0.414829797568331,NA
DENND5A,turquoise,0.414829797568331,NA
DERA,brown,0.141784995618739,NA
DGAT1,pink,0.0679250652572636,NA
DGAT1,pink,0.0679250652572636,NA
DGAT1,pink,0.0679250652572636,NA
DGAT1,pink,0.0679250652572636,NA
DGAT2,grey,0.109072717077233,NA
DGCR2,tan,0.0498615086137115,NA
DGKZ,turquoise,0.60846220086777,NA
DGLUCY,turquoise,0.478177520967178,NA
DHRS1,grey,0.190411332179496,NA
DHRS1,grey,0.190411332179496,NA
DHRS11,green,0.268249596495438,NA
DHRS11,green,0.268249596495438,NA
DHRS13,yellow,0.0274955017367773,NA
DHRS13,yellow,0.0274955017367773,NA
DHX15,blue,0.486361425020986,NA
DHX35,brown,-0.111204114985564,NA
DHX35,brown,-0.111204114985564,NA
DHX35,brown,-0.111204114985564,NA
DHX35,brown,-0.111204114985564,NA
DHX40,black,0.0703235308871579,NA
DIP2A,blue,0.252587860317112,NA
DIP2A,blue,0.252587860317112,NA
DIP2A,blue,0.252587860317112,NA
DIPK2A,grey,-0.0860417854980207,NA
DIPK2A,grey,-0.0860417854980207,NA
DLG3,blue,0.471284613866162,NA
DLG3,blue,0.471284613866162,NA
DLGAP1-AS1,turquoise,-0.0352989896318861,NA
DMPK,green,0.174654480693983,NA
DMTN,blue,0.239779457388689,NA
DMWD,red,0.321178963154411,NA
DMWD,red,0.321178963154411,NA
DNAH17,turquoise,0.013785860478068,NA
DNAJA2,blue,0.134766081867627,NA
DNAJA2,blue,0.134766081867627,NA
DNAJA2,blue,0.134766081867627,NA
DNAJA4,brown,0.413041433516904,NA
DNAJB1,pink,0.261703898637937,NA
DNAJB12,turquoise,0.0573417038137969,NA
DNAJB6,black,0.0629238066239676,NA
DNAJB6,black,0.0629238066239676,NA
DNAJB9,yellow,-0.0151074650214805,NA
DNAJC14,turquoise,0.17077052240646,NA
DNASE1L1,turquoise,0.191195065291143,NA
DOCK2,turquoise,0.516490007567294,NA
DOCK2,turquoise,0.516490007567294,NA
DOCK5,turquoise,0.537147359530178,NA
DOCK6,pink,0.13100565655305,NA
DOCK8,turquoise,0.574352183846897,NA
DOCK9,greenyellow,0.198353021775145,NA
DOCK9,greenyellow,0.198353021775145,NA
DOK4,tan,-0.0344480156277474,NA
DOK4,tan,-0.0344480156277474,NA
DPM2,green,0.188356304852448,NA
DPY30,brown,0.0513463596213495,NA
DPYD,turquoise,-0.084390885520576,NA
DPYD,turquoise,-0.084390885520576,NA
DRAP1,turquoise,-0.0284241613253197,NA
DSC2,turquoise,0.0836514358732927,NA
DSG3,blue,-0.0479122583005717,NA
DSG3,blue,-0.0479122583005717,NA
DSP,green,0.130902493388183,NA
DSP,green,0.130902493388183,NA
DSP,green,0.130902493388183,NA
DTX2,red,0.312693187005038,NA
DTX2,red,0.312693187005038,NA
DUOX2,brown,0.297034169018246,NA
DUOX2,brown,0.297034169018246,NA
DUOXA1,red,0.211728171479414,NA
DUOXA2,red,0.153169350540741,NA
DUS1L,yellow,0.0858985766534706,NA
DUSP18,turquoise,0.278476722855941,NA
DUSP2,turquoise,0.270796084622414,NA
DUSP22,blue,0.48097483570589,NA
DUSP22,blue,0.48097483570589,NA
DUSP8,brown,0.0324058517672241,NA
DVL2,green,-0.224515979145317,NA
DVL3,tan,0.0527724952447195,NA
DVL3,tan,0.0527724952447195,NA
DYNC1I2,black,0.329559703462114,NA
DYNC1LI2,blue,0.0934170292055553,NA
DYNLL1,grey,-0.225936049513522,NA
DYNLL1,grey,-0.225936049513522,NA
ECHDC2,green,0.0284392540862867,NA
ECHDC2,green,0.0284392540862867,NA
ECI1,black,-0.364083252913952,NA
ECPAS,yellow,0.330067046637924,NA
EDC3,blue,0.0073930770520392,NA
EDC3,blue,0.0073930770520392,NA
EDN2,red,0.249308639539403,NA
EEF1A2,purple,-0.0386491145634027,NA
EEPD1,green,0.318870204570583,NA
EFNA5,green,0.114770466588307,NA
EFNA5,green,0.114770466588307,NA
EFNA5,green,0.114770466588307,NA
EFNA5,green,0.114770466588307,NA
EFNA5,green,0.114770466588307,NA
EFNB1,grey,-0.0824097343188447,NA
EFNB2,greenyellow,0.210194351210195,NA
EFNB2,greenyellow,0.210194351210195,NA
EFNB2,greenyellow,0.210194351210195,NA
EGR3,turquoise,0.496572799928216,NA
EHD1,grey,-0.0881032769095545,NA
EHD3,brown,0.15056464373676,NA
EHMT2,blue,0.0450623586537722,NA
EHMT2,blue,0.0450623586537722,NA
EI24,grey,-0.178928678818397,NA
EIF1AD,grey,-0.283445605724236,NA
EIF2AK1,tan,-0.04235931446163,NA
EIF2S3,turquoise,0.472047848915745,NA
EIF3H,black,0.133565630195913,NA
EIF3J,turquoise,0.112031869153794,NA
EIF4B,green,0.308352219148786,NA
EIF4EBP1,purple,-0.306037851611571,NA
EIF4EBP2,purple,-0.0824949736863675,NA
EIF4EBP2,purple,-0.0824949736863675,NA
EIF4EBP2,purple,-0.0824949736863675,NA
EIF4G2,brown,0.0827038443683273,NA
EIF4G2,brown,0.0827038443683273,NA
EIF4H,brown,0.352801356357412,NA
EIF5,turquoise,0.101296866100744,NA
EIF5B,yellow,0.0557908675423469,NA
ELF1,turquoise,0.569101277703387,NA
ELL2,turquoise,0.471943575286236,NA
ELL2,turquoise,0.471943575286236,NA
ELMSAN1,yellow,-0.121296696742168,NA
ELOF1,pink,-0.172128429808314,NA
ELP5,blue,-0.269352695601757,NA
EMC10,tan,0.109715813830398,NA
EMC2,grey,-0.320667246312426,NA
EMC2,grey,-0.320667246312426,NA
EMC2,grey,-0.320667246312426,NA
EMC7,turquoise,0.527253290799431,NA
EME2,red,0.230407006683547,NA
EME2,red,0.230407006683547,NA
EME2,red,0.230407006683547,NA
EME2,red,0.230407006683547,NA
EME2,red,0.230407006683547,NA
EME2,red,0.230407006683547,NA
EME2,red,0.230407006683547,NA
EME2,red,0.230407006683547,NA
EME2,red,0.230407006683547,NA
EME2,red,0.230407006683547,NA
EMP1,greenyellow,0.0866419761058959,NA
EMP1,greenyellow,0.0866419761058959,NA
ENC1,turquoise,0.0236188991031907,NA
ENC1,turquoise,0.0236188991031907,NA
ENPP4,blue,0.450037477102887,NA
EP300,grey,-0.129574458063255,NA
EP400,yellow,0.136014155714662,NA
EPB41L3,yellow,0.042210307701736,NA
EPB41L3,yellow,0.042210307701736,NA
EPB41L3,yellow,0.042210307701736,NA
EPB41L3,yellow,0.042210307701736,NA
EPB41L3,yellow,0.042210307701736,NA
EPB41L3,yellow,0.042210307701736,NA
EPC1,yellow,0.0669657351835684,NA
EPHB3,pink,0.194238221763856,NA
EPN1,red,0.374840396953246,NA
EPN1,red,0.374840396953246,NA
EPN1,red,0.374840396953246,NA
ERAP1,blue,0.359207850804621,NA
ERBB2,brown,0.133850131254891,NA
ERCC1,black,0.14311431579466,NA
ERCC1,black,0.14311431579466,NA
ERCC1,black,0.14311431579466,NA
ERCC2,red,0.102665669535014,NA
ERMP1,green,0.09822154102334,NA
ERN1,black,0.184090804307348,NA
ERN1,black,0.184090804307348,NA
ERP29,turquoise,0.314721253116055,NA
ERV3-1,brown,0.457304794769442,NA
ESR1,green,0.0341728976464243,NA
ESR1,green,0.0341728976464243,NA
ESYT3,yellow,-0.357767404196958,NA
ESYT3,yellow,-0.357767404196958,NA
ESYT3,yellow,-0.357767404196958,NA
ESYT3,yellow,-0.357767404196958,NA
ESYT3,yellow,-0.357767404196958,NA
ETFDH,yellow,0.274002288803394,NA
ETNK1,magenta,-0.322464088639289,NA
ETNK1,magenta,-0.322464088639289,NA
ETS1,tan,-0.0474876283927561,NA
ETV3,brown,0.461023701739578,NA
ETV3,brown,0.461023701739578,NA
ETV6,turquoise,0.252793707349204,NA
EVA1B,grey,-0.00980689822998361,NA
EVC,brown,0.242856350919979,NA
EVC,brown,0.242856350919979,NA
EVI2A,turquoise,0.552349428087037,NA
EVI5L,brown,-0.113900016521482,NA
EVPL,green,0.137478677362756,NA
EXOC1,brown,0.188303959371885,NA
FABP3,tan,0.0198683187281324,NA
FAM107B,brown,0.251377564100566,NA
FAM110C,purple,-0.0936897432531721,NA
FAM122B,green,0.213723572695051,NA
FAM122B,green,0.213723572695051,NA
FAM122C,turquoise,0.0990849532034809,NA
FAM131A,turquoise,0.132988131075053,NA
FAM136A,brown,0.0873947883188292,NA
FAM13A,blue,0.482844763975587,NA
FAM180A,green,0.242702215159707,NA
FAM193A,blue,0.166937179660618,NA
FAM219B,pink,-0.118088564358991,NA
FAM219B,pink,-0.118088564358991,NA
FAM219B,pink,-0.118088564358991,NA
FAM219B,pink,-0.118088564358991,NA
FAM219B,pink,-0.118088564358991,NA
FAM25A,green,-0.0155139974849749,NA
FAM25A,green,-0.0155139974849749,NA
FAM32A,turquoise,0.123047885877743,NA
FAM3D,pink,0.0379299274790147,NA
FAM3D-AS1,pink,0.0586098395416469,NA
FAM49A,turquoise,0.396627217618881,NA
FAM49B,turquoise,0.472935118432927,NA
FAM50A,turquoise,0.163417707651035,NA
FAM83A,red,0.290976963491152,NA
FAM83D,magenta,-0.314489640979872,NA
FAM83D,magenta,-0.314489640979872,NA
FAM83D,magenta,-0.314489640979872,NA
FAM89B,grey,-0.0105888882905927,NA
FAM89B,grey,-0.0105888882905927,NA
FAM89B,grey,-0.0105888882905927,NA
FAM89B,grey,-0.0105888882905927,NA
FAM8A1,turquoise,0.514703493951963,NA
FAM91A1,turquoise,0.310520121284917,NA
FAM98C,blue,0.158321697665625,NA
FASTK,brown,0.145168589334567,NA
FBLN2,green,0.258636791299375,NA
FBP1,red,0.0679114715004042,NA
FBRS,turquoise,0.342251438507239,NA
FBRS,turquoise,0.342251438507239,NA
FBXL20,turquoise,0.208348615681089,NA
FBXO11,turquoise,0.275057467298215,NA
FBXO22,purple,-0.386484561335935,NA
FBXO28,yellow,0.243047274233517,NA
FBXO31,yellow,-0.175682406025524,NA
FBXO31,yellow,-0.175682406025524,NA
FBXO32,purple,0.0515565274582976,NA
FBXO32,purple,0.0515565274582976,NA
FBXO33,magenta,-0.122870802891619,NA
FBXO33,magenta,-0.122870802891619,NA
FBXO33,magenta,-0.122870802891619,NA
FBXW4,pink,0.366055518290677,NA
FBXW5,red,0.305812951870449,NA
FBXW5,red,0.305812951870449,NA
FBXW5,red,0.305812951870449,NA
FCGR1A,turquoise,0.548953831560135,NA
FDFT1,brown,0.10241237724768,NA
FDFT1,brown,0.10241237724768,NA
FDFT1,brown,0.10241237724768,NA
FDFT1,brown,0.10241237724768,NA
FEM1A,turquoise,-0.00158040169205404,NA
FGD3,turquoise,0.528765400160239,NA
FGD5-AS1,pink,0.120844899597563,NA
FGFR1OP2,blue,0.168654390672943,NA
FGFR1OP2,blue,0.168654390672943,NA
FGFR1OP2,blue,0.168654390672943,NA
FHL2,grey,0.128717107651252,NA
FIS1,grey,-0.0661753584068589,NA
FKBP1A,turquoise,0.423492828177399,NA
FKBP4,brown,0.451288867180702,NA
FLCN,turquoise,0.338945941409527,NA
FLG,green,0.0417729032352587,NA
FLG-AS1,greenyellow,0.226742930845451,NA
FLG2,grey,-0.185266182149662,NA
FLOT2,turquoise,0.508298431076113,NA
FLVCR2,green,-0.0693048724002158,NA
FNDC4,red,0.299636505619487,NA
FOXJ2,tan,0.0925621811610793,NA
FOXO4,black,0.0130149925472823,NA
FRAT2,turquoise,0.55070860569902,NA
FRG1,brown,-0.161611481885267,NA
FTH1,turquoise,-0.0612233294774281,NA
FTH1P10,grey,0.00654722571658121,NA
FTSJ1,black,0.0974164727557399,NA
FTSJ1,black,0.0974164727557399,NA
FTSJ1,black,0.0974164727557399,NA
FTSJ1,black,0.0974164727557399,NA
FURIN,pink,-0.0115801136040165,NA
FURIN,pink,-0.0115801136040165,NA
FUS,turquoise,0.32609194016531,NA
FUT3,brown,0.230000980170728,NA
FUZ,grey,-0.0418659440769853,NA
FXYD5,turquoise,0.0589018243351715,NA
FZD10-AS1,purple,-0.196151038136809,NA
G3BP2,blue,0.169767487504315,NA
G3BP2,blue,0.169767487504315,NA
G3BP2,blue,0.169767487504315,NA
G6PD,turquoise,0.451252887906373,NA
GAB2,turquoise,0.514749501005988,NA
GAB2,turquoise,0.514749501005988,NA
GABARAPL1,turquoise,0.337180094035813,NA
GALM,turquoise,0.224211046788965,NA
GALNT2,purple,0.0163479586020014,NA
GALNT2,purple,0.0163479586020014,NA
GALNT5,blue,0.445908747290441,NA
GANC,purple,-0.00818070899925283,NA
GAREM1,grey,-0.0951557274660645,NA
GATAD2A,turquoise,0.411602211076749,NA
GBA,greenyellow,0.298123391263395,NA
GBP5,turquoise,0.446890526839914,NA
GBP5,turquoise,0.446890526839914,NA
GBP5,turquoise,0.446890526839914,NA
GCAT,red,0.309800967120263,NA
GCH1,turquoise,-0.0594192263862492,NA
GCOM1,greenyellow,0.325015717642273,NA
GDE1,blue,-0.0483612286604748,NA
GET3,turquoise,-0.0607134719218863,NA
GFER,pink,-0.277469428886441,NA
GFER,pink,-0.277469428886441,NA
GFER,pink,-0.277469428886441,NA
GFPT1,yellow,0.067538502043958,NA
GFPT1,yellow,0.067538502043958,NA
GGCX,yellow,-0.245194416455568,NA
GGCX,yellow,-0.245194416455568,NA
GGT6,purple,-0.0168553247292067,NA
GHITM,turquoise,0.114313677501377,NA
GID4,greenyellow,0.180267846148596,NA
GID4,greenyellow,0.180267846148596,NA
GIPC1,red,0.232131414768541,NA
GIPC1,red,0.232131414768541,NA
GIPC1,red,0.232131414768541,NA
GJB6,purple,0.10418713143028,NA
GJB6,purple,0.10418713143028,NA
GK,turquoise,0.437700577821288,NA
GMDS,green,0.0482353965014219,NA
GNAI3,turquoise,0.422767325386208,NA
GNB2,turquoise,-0.043301341333047,NA
GNL1,turquoise,0.140005481633626,NA
GNL1,turquoise,0.140005481633626,NA
GNL3,pink,0.101116369409353,NA
GNLY,turquoise,0.00602036478500431,NA
GNS,turquoise,0.516035209125322,NA
GOLGA4,blue,0.280783216793803,NA
GOLGA4,blue,0.280783216793803,NA
GOLGA4,blue,0.280783216793803,NA
GOLGA5,blue,0.398563820410168,NA
GOLGA5,blue,0.398563820410168,NA
GOLM1,blue,0.161946584110619,NA
GOLM1,blue,0.161946584110619,NA
GPAT4,turquoise,0.162457474578257,NA
GPAT4,turquoise,0.162457474578257,NA
GPBP1,brown,0.107336522002598,NA
GPBP1,brown,0.107336522002598,NA
GPBP1,brown,0.107336522002598,NA
GPBP1,brown,0.107336522002598,NA
GPBP1,brown,0.107336522002598,NA
GPBP1,brown,0.107336522002598,NA
GPC1,pink,0.109006779028819,NA
GPCPD1,brown,0.129386949983827,NA
GPCPD1,brown,0.129386949983827,NA
GPCPD1,brown,0.129386949983827,NA
GPN1,green,-0.0807365838831946,NA
GPN1,green,-0.0807365838831946,NA
GPN1,green,-0.0807365838831946,NA
GPR107,turquoise,0.520533479439977,NA
GPR137,yellow,0.223072038367606,NA
GPR137,yellow,0.223072038367606,NA
GPR157,purple,-0.331456166074239,NA
GPR65,turquoise,0.347798021137843,NA
GPRC5A,brown,0.193826632815118,NA
GPS1,turquoise,0.134190371238212,NA
GPX1,grey,-0.0836287308310511,NA
GPX2,black,0.146009223443963,NA
GRB7,red,0.240660048055655,NA
GRHL1,yellow,0.267337743727108,NA
GRHL1,yellow,0.267337743727108,NA
GRHPR,yellow,0.0366649177039153,NA
GRHPR,yellow,0.0366649177039153,NA
GRK2,turquoise,0.326093883945313,NA
GRK2,turquoise,0.326093883945313,NA
GRK6,turquoise,0.476305011122715,NA
GRK6,turquoise,0.476305011122715,NA
GRK6,turquoise,0.476305011122715,NA
GSK3B,black,0.105658283122659,NA
GSN,pink,-0.0923778287647726,NA
GSPT1,yellow,0.37165261814399,NA
GSTK1,turquoise,0.565147376088151,NA
GSTZ1,black,-0.0710938076571746,NA
GTF2A1,turquoise,0.260775310664584,NA
GTF2A1,turquoise,0.260775310664584,NA
GTF2A1,turquoise,0.260775310664584,NA
GTF2F1,pink,-0.186732212977014,NA
GTF2F1,pink,-0.186732212977014,NA
GTF2F1,pink,-0.186732212977014,NA
GTF3C2,brown,-0.187810085035355,NA
GTF3C2,brown,-0.187810085035355,NA
GTPBP1,pink,-0.00111230326983162,NA
GTPBP2,brown,0.0291042734206079,NA
GTPBP4,yellow,0.0553587429479901,NA
GTPBP4,yellow,0.0553587429479901,NA
GTPBP4,yellow,0.0553587429479901,NA
GTPBP4,yellow,0.0553587429479901,NA
GTPBP4,yellow,0.0553587429479901,NA
GTPBP4,yellow,0.0553587429479901,NA
GUCA2B,purple,-0.195777145749668,NA
GUCD1,black,0.226447175694087,NA
GULP1,brown,-0.0667494062105211,NA
GULP1,brown,-0.0667494062105211,NA
GXYLT1,grey,-0.111517451331553,NA
GZF1,turquoise,0.506100654520267,NA
H1FX,grey,0.0672500541466682,NA
H2AFZ,yellow,0.382381250809003,NA
H3F3A,turquoise,0.412218679904395,NA
H6PD,pink,-0.108118661293524,NA
HADHB,green,0.3361269433323,NA
HARS,grey,0.0411775753404334,NA
HARS,grey,0.0411775753404334,NA
HAX1,turquoise,0.424739294602967,NA
HAX1,turquoise,0.424739294602967,NA
HDAC1,blue,0.309728125935467,NA
HDAC11,grey,-0.0633579970324857,NA
HDAC11,grey,-0.0633579970324857,NA
HDAC11,grey,-0.0633579970324857,NA
HDAC3,turquoise,0.288062395721685,NA
HDAC3,turquoise,0.288062395721685,NA
HDAC3,turquoise,0.288062395721685,NA
HDAC6,purple,-0.0603841606170791,NA
HEATR5A,blue,0.274869655096172,NA
HEATR5A,blue,0.274869655096172,NA
HEATR5A,blue,0.274869655096172,NA
HEATR5A,blue,0.274869655096172,NA
HEATR5A,blue,0.274869655096172,NA
HEBP1,yellow,0.264090090190405,NA
HEBP2,blue,0.221672460821657,NA
HEBP2,blue,0.221672460821657,NA
HECTD3,blue,0.27574338816278,NA
HECTD3,blue,0.27574338816278,NA
HECTD3,blue,0.27574338816278,NA
HEIH,purple,-0.300641746587402,NA
HEPHL1,brown,0.00575119010939437,NA
HERC4,black,0.136152202088927,NA
HERC4,black,0.136152202088927,NA
HERPUD1,turquoise,-0.0274257875459639,NA
HES4,grey,-0.125191724582964,NA
HEXB,turquoise,0.314810645942422,NA
HIBADH,tan,-0.0416502659808435,NA
HILPDA,red,0.0639470832017107,NA
HINT1,tan,-0.201099047590159,NA
HINT3,brown,-0.122972149786214,NA
HINT3,brown,-0.122972149786214,NA
HIPK1,brown,0.368965608334465,NA
HIPK1,brown,0.368965608334465,NA
HIPK1,brown,0.368965608334465,NA
HIPK3,turquoise,0.26313487497343,NA
HIST1H2BC,tan,0.0148367395484669,NA
HIST1H2BD,blue,0.0208344909157974,NA
HIST1H4E,blue,0.172322899849296,NA
HIVEP2,black,0.210885823075823,NA
HIVEP2,black,0.210885823075823,NA
HIVEP2,black,0.210885823075823,NA
HIVEP2,black,0.210885823075823,NA
HIVEP2,black,0.210885823075823,NA
HIVEP2,black,0.210885823075823,NA
HIVEP2,black,0.210885823075823,NA
HIVEP2,black,0.210885823075823,NA
HK1,red,0.00355318457637236,NA
HK1,red,0.00355318457637236,NA
HLA-DQA1,turquoise,0.478618947658786,NA
HLA-E,turquoise,0.39043266536083,NA
HLA-E,turquoise,0.39043266536083,NA
HLA-E,turquoise,0.39043266536083,NA
HLA-E,turquoise,0.39043266536083,NA
HLA-E,turquoise,0.39043266536083,NA
HLA-E,turquoise,0.39043266536083,NA
HLA-E,turquoise,0.39043266536083,NA
HLA-E,turquoise,0.39043266536083,NA
HLA-J,turquoise,0.330461874453587,NA
HM13,turquoise,0.0638993878863664,NA
HM13,turquoise,0.0638993878863664,NA
HMG20B,black,0.0820794784254302,NA
HMGB1,blue,0.134761385522847,NA
HMGB1,blue,0.134761385522847,NA
HMGN2,turquoise,0.190383602901532,NA
HMGN2,turquoise,0.190383602901532,NA
HMGN2,turquoise,0.190383602901532,NA
HMOX1,red,0.242684801781232,NA
HNRNPA0,yellow,-0.190830008082693,NA
HNRNPA2B1,turquoise,0.554140481010932,NA
HNRNPC,turquoise,0.35336615911031,NA
HNRNPC,turquoise,0.35336615911031,NA
HNRNPF,turquoise,0.541033853447525,NA
HNRNPF,turquoise,0.541033853447525,NA
HOPX,magenta,-0.107452502753763,NA
HP1BP3,yellow,0.265458154623757,NA
HRH1,blue,0.194100103664798,NA
HS3ST1,brown,0.117156227559128,NA
HS3ST1,brown,0.117156227559128,NA
HSD17B4,brown,0.131345196016469,NA
HSD17B4,brown,0.131345196016469,NA
HSD17B4,brown,0.131345196016469,NA
HSPA14,brown,0.238717376891797,NA
HSPA4,blue,0.293646635967705,NA
HSPA4,blue,0.293646635967705,NA
HSPA4,blue,0.293646635967705,NA
HSPA4,blue,0.293646635967705,NA
HSPA4,blue,0.293646635967705,NA
HSPA4,blue,0.293646635967705,NA
HSPA5,purple,-0.0501027841211859,NA
HSPA8,brown,0.249897496044114,NA
HSPA8,brown,0.249897496044114,NA
HSPD1,blue,0.453853591319806,NA
HSPD1,blue,0.453853591319806,NA
HSPH1,turquoise,0.444728138857157,NA
HTT,yellow,0.186003321602203,NA
HTT,yellow,0.186003321602203,NA
HUWE1,black,0.119066644602458,NA
HUWE1,black,0.119066644602458,NA
HUWE1,black,0.119066644602458,NA
HUWE1,black,0.119066644602458,NA
HUWE1,black,0.119066644602458,NA
HYOU1,purple,0.00220811539231225,NA
IAH1,turquoise,0.195589630088017,NA
ICA1,brown,-0.00197920230004041,NA
ICA1,brown,-0.00197920230004041,NA
IDE,black,0.0432457599230772,NA
IDH1,magenta,-0.00690702989609909,NA
IDH3A,brown,-0.21909921810864,NA
IDH3A,brown,-0.21909921810864,NA
IDH3A,brown,-0.21909921810864,NA
IDH3A,brown,-0.21909921810864,NA
IDH3B,grey,0.0467770310288045,NA
IDI1,magenta,-0.218925049089628,NA
IER2,turquoise,0.29719042593705,NA
IER2,turquoise,0.29719042593705,NA
IER2,turquoise,0.29719042593705,NA
IER2,turquoise,0.29719042593705,NA
IER2,turquoise,0.29719042593705,NA
IER3-AS1,green,0.0989778411643305,NA
IER5,brown,0.107535674531714,NA
IFI35,pink,-0.272634361605666,NA
IFI44L,yellow,0.10633798003956,NA
IFIT5,turquoise,0.355199655801233,NA
IFNAR1,turquoise,0.545044654530112,NA
IFNAR1,turquoise,0.545044654530112,NA
IGFBP3,turquoise,0.454073225765926,NA
IGHMBP2,blue,0.077515410706678,NA
IKZF2,brown,0.00789193952180715,NA
IL12A,yellow,0.00405770484916692,NA
IL12A-AS1,grey,-0.155140446648835,NA
IL12A-AS1,grey,-0.155140446648835,NA
IL13RA1,turquoise,0.598112555992105,NA
IL16,grey,-0.207907848840242,NA
IL17RC,grey,0.0714842997810897,NA
IL17RC,grey,0.0714842997810897,NA
IL18BP,pink,-0.111055827520561,NA
IL19,brown,0.0652309480982459,NA
IL1R1,turquoise,0.438471934124556,NA
IL1RAP,turquoise,0.468442209721712,NA
IL1RAP,turquoise,0.468442209721712,NA
IL1RAP,turquoise,0.468442209721712,NA
IL20RB,black,0.0400619596972564,NA
IL36G,brown,0.0969093526555983,NA
IL36RN,grey,0.125873379348329,NA
IMPDH1,turquoise,0.301572554743532,NA
IMPDH1P10,brown,0.328026413764942,NA
IMPDH1P10,brown,0.328026413764942,NA
INAVA,pink,0.127756038146517,NA
INF2,grey,0.0853146226120621,NA
INF2,grey,0.0853146226120621,NA
INF2,grey,0.0853146226120621,NA
INF2,grey,0.0853146226120621,NA
INF2,grey,0.0853146226120621,NA
INF2,grey,0.0853146226120621,NA
ING4,tan,0.120343074332266,NA
INO80,tan,-0.118170069875457,NA
INO80D,magenta,-0.20485069562252,NA
INPP4B,brown,0.260603089442039,NA
INPP4B,brown,0.260603089442039,NA
INPP4B,brown,0.260603089442039,NA
INTS1,grey,-0.129781233758327,NA
INTS11,grey,0.0822708705891721,NA
INTS3,blue,0.442011020941177,NA
INTS6,yellow,0.301880007597644,NA
IP6K2,blue,0.353623193381969,NA
IP6K2,blue,0.353623193381969,NA
IP6K2,blue,0.353623193381969,NA
IPO8,yellow,0.106605587975806,NA
IPPK,yellow,-0.0492600865056069,NA
IQANK1,yellow,-0.0573885891297454,NA
IQANK1,yellow,-0.0573885891297454,NA
IQGAP1,turquoise,0.526024752549213,NA
IRAK4,blue,0.32580747650903,NA
IRAK4,blue,0.32580747650903,NA
IRAK4,blue,0.32580747650903,NA
IRAK4,blue,0.32580747650903,NA
IRAK4,blue,0.32580747650903,NA
IRAK4,blue,0.32580747650903,NA
IREB2,turquoise,0.129836021996837,NA
IRF1,turquoise,0.598420836004828,NA
IRF6,grey,0.134165511789018,NA
ITGB1,brown,0.422363823829314,NA
ITGB1,brown,0.422363823829314,NA
ITGB1,brown,0.422363823829314,NA
ITGB1,brown,0.422363823829314,NA
ITGB1,brown,0.422363823829314,NA
ITM2B,turquoise,0.506990857187853,NA
ITPKB,turquoise,0.268563520008119,NA
ITPKC,pink,0.153280514361661,NA
ITPRIP,turquoise,0.358433251001312,NA
ITPRIP,turquoise,0.358433251001312,NA
IWS1,brown,-0.0604079222973843,NA
JAK1,turquoise,0.556054911866968,NA
JAK3,turquoise,0.61953597470503,NA
JMJD1C,blue,0.525791409963529,NA
JMJD1C,blue,0.525791409963529,NA
JMJD1C,blue,0.525791409963529,NA
JMJD1C,blue,0.525791409963529,NA
JMJD8,black,-0.217945263823046,NA
JMY,green,0.0254073883386578,NA
JMY,green,0.0254073883386578,NA
JMY,green,0.0254073883386578,NA
JMY,green,0.0254073883386578,NA
JMY,green,0.0254073883386578,NA
JMY,green,0.0254073883386578,NA
JMY,green,0.0254073883386578,NA
JMY,green,0.0254073883386578,NA
JMY,green,0.0254073883386578,NA
JMY,green,0.0254073883386578,NA
JMY,green,0.0254073883386578,NA
JMY,green,0.0254073883386578,NA
JOSD1,turquoise,0.508768662434897,NA
JRK,black,-0.023974660375837,NA
JUNB,red,0.266368029099791,NA
JUNB,red,0.266368029099791,NA
JUNB,red,0.266368029099791,NA
JUNB,red,0.266368029099791,NA
JUNB,red,0.266368029099791,NA
JUNB,red,0.266368029099791,NA
KANSL1,yellow,-0.184312072029436,NA
KARS,blue,0.129380391165384,NA
KARS,blue,0.129380391165384,NA
KARS,blue,0.129380391165384,NA
KAT8,turquoise,0.112438627256342,NA
KAT8,turquoise,0.112438627256342,NA
KBTBD2,grey,0.0981951051575122,NA
KCTD2,turquoise,0.181088679734209,NA
KCTD21,blue,0.402804599189489,NA
KCTD21,blue,0.402804599189489,NA
KCTD21,blue,0.402804599189489,NA
KCTD9,magenta,0.0699156419037335,NA
KCTD9,magenta,0.0699156419037335,NA
KCTD9,magenta,0.0699156419037335,NA
KCTD9,magenta,0.0699156419037335,NA
KCTD9,magenta,0.0699156419037335,NA
KCTD9,magenta,0.0699156419037335,NA
KCTD9,magenta,0.0699156419037335,NA
KCTD9,magenta,0.0699156419037335,NA
KDELR2,turquoise,0.0831989506060675,NA
KDELR2,turquoise,0.0831989506060675,NA
KDELR2,turquoise,0.0831989506060675,NA
KDELR2,turquoise,0.0831989506060675,NA
KDELR2,turquoise,0.0831989506060675,NA
KDM2A,grey,0.362507997126308,NA
KDM2B,turquoise,-0.140130783241542,NA
KDM2B,turquoise,-0.140130783241542,NA
KDM3B,black,0.14797822060214,NA
KDM3B,black,0.14797822060214,NA
KDM3B,black,0.14797822060214,NA
KDM3B,black,0.14797822060214,NA
KDM3B,black,0.14797822060214,NA
KDM4B,red,-0.0146762903484035,NA
KDM4B,red,-0.0146762903484035,NA
KDM5A,blue,0.209620105718045,NA
KDM7A,blue,0.267101571590374,NA
KDM7A-DT,brown,0.0278802498828284,NA
KDM7A-DT,brown,0.0278802498828284,NA
KDM7A-DT,brown,0.0278802498828284,NA
KDSR,brown,0.281944801306139,NA
KDSR,brown,0.281944801306139,NA
KHDC4,blue,0.357003775458788,NA
KIF1C,black,-0.0600654776032822,NA
KIF21A,green,0.133444471524284,NA
KLC1,pink,0.0842941371851239,NA
KLC1,pink,0.0842941371851239,NA
KLC1,pink,0.0842941371851239,NA
KLC3,red,0.166047276812705,NA
KLC3,red,0.166047276812705,NA
KLC3,red,0.166047276812705,NA
KLF7,yellow,0.0412430683161124,NA
KLF7,yellow,0.0412430683161124,NA
KLF8,pink,0.0912503848053436,NA
KLHL12,yellow,0.0694850925084937,NA
KLHL18,turquoise,0.131954335460942,NA
KLK14,green,0.195700835426728,NA
KLK14,green,0.195700835426728,NA
KLK14,green,0.195700835426728,NA
KLK5,red,0.295514958576669,NA
KLK5,red,0.295514958576669,NA
KLK6,grey,0.166992691991131,NA
KMT2C,tan,0.257715341917719,NA
KMT2C,tan,0.257715341917719,NA
KMT2D,blue,0.309153000810001,NA
KMT2D,blue,0.309153000810001,NA
KMT2D,blue,0.309153000810001,NA
KPNA4,grey,0.00351695508095209,NA
KPNB1,turquoise,0.599036891027937,NA
KRT10,grey,-0.0166709931915495,NA
KRT14,yellow,0.0277844581625296,NA
KRT31,purple,-0.192128134502613,NA
KSR1,turquoise,0.47530457264729,NA
KTN1,blue,0.370765211970505,NA
KTN1,blue,0.370765211970505,NA
KTN1,blue,0.370765211970505,NA
KTN1,blue,0.370765211970505,NA
KTN1,blue,0.370765211970505,NA
KXD1,turquoise,0.232013096161174,NA
LAMC1,blue,0.185877093643916,NA
LAMP1,grey,-0.193378533743785,NA
LAMTOR2,turquoise,0.389347072154589,NA
LARP1,green,0.119770487298815,NA
LARP1,green,0.119770487298815,NA
LARP1,green,0.119770487298815,NA
LAYN,grey,-0.0409386743707646,NA
LCE1A,green,0.274602035039703,NA
LCE2C,green,0.140990849590859,NA
LCE5A,green,0.0490307930647386,NA
LCE6A,grey,-0.00615278706225775,NA
LCMT1,blue,0.0608543869130273,NA
LDB1,turquoise,0.225143252596885,NA
LDB1,turquoise,0.225143252596885,NA
LEPROT,brown,0.291776534680949,NA
LEPROT,brown,0.291776534680949,NA
LGALS1,turquoise,0.00354314051713081,NA
LGI3,red,0.248447442456873,NA
LGI3,red,0.248447442456873,NA
LGI3,red,0.248447442456873,NA
LGI3,red,0.248447442456873,NA
LGI3,red,0.248447442456873,NA
LGI3,red,0.248447442456873,NA
LGI3,red,0.248447442456873,NA
LGMN,red,0.21912101224657,NA
LHPP,yellow,-0.163932584601167,NA
LIG3,turquoise,0.104332390941559,NA
LIG3,turquoise,0.104332390941559,NA
LINC00342,brown,0.472165160197666,NA
LINC00342,brown,0.472165160197666,NA
LINC00589,yellow,0.0881501154272178,NA
LINC00921,grey,-0.0054141602771257,NA
LINC00958,yellow,0.104407971910069,NA
LINC00963,turquoise,0.433629700365874,NA
LINC00963,turquoise,0.433629700365874,NA
LINC01214,green,0.121297317819385,NA
LINC01527,grey,-0.000745596668507644,NA
LINC01527,grey,-0.000745596668507644,NA
LINC01943,blue,-0.478668097926229,NA
LINC01983,blue,0.351482246244233,NA
LINC01983,blue,0.351482246244233,NA
LINC02028,brown,-0.2213820663108,NA
LINC02035,green,0.171470225530353,NA
LINC02130,green,0.179736207298425,NA
LINC02303,grey,-0.24965925924549,NA
LINC02487,pink,-0.10869798573298,NA
LINC02560,green,0.0897375746212835,NA
LMAN1,brown,0.2088449412305,NA
LMBRD1,turquoise,0.324319520683215,NA
LMBRD1,turquoise,0.324319520683215,NA
LMBRD1,turquoise,0.324319520683215,NA
LMO7,brown,0.22371521567102,NA
LMTK2,brown,0.212325079395581,NA
LNX2,magenta,0.0665107137465437,NA
LONP2,brown,0.143407321795674,NA
LONP2,brown,0.143407321795674,NA
LRG1,pink,-0.0124856928735783,NA
LRG1,pink,-0.0124856928735783,NA
LRG1,pink,-0.0124856928735783,NA
LRG1,pink,-0.0124856928735783,NA
LRRC41,yellow,-0.190950788579105,NA
LRRC41,yellow,-0.190950788579105,NA
LSM3,turquoise,0.307474536590967,NA
LSM3,turquoise,0.307474536590967,NA
LSM3,turquoise,0.307474536590967,NA
LSM3,turquoise,0.307474536590967,NA
LSM3,turquoise,0.307474536590967,NA
LSM4,brown,-0.157941290640633,NA
LSM4,brown,-0.157941290640633,NA
LTB4R,turquoise,0.24006503292103,NA
LTBP3,red,0.221670224591243,NA
LTBP3,red,0.221670224591243,NA
LTBP4,grey,-0.1322321406209,NA
LUC7L3,yellow,0.0743696261137632,NA
LUZP1,purple,0.0018721618393918,NA
LY6E,red,0.258797355546864,NA
LY6E,red,0.258797355546864,NA
LY6E,red,0.258797355546864,NA
LY6E,red,0.258797355546864,NA
LY6G6C,green,0.195867421146567,NA
LY6K,red,0.37476661680896,NA
LYN,turquoise,0.323504522056139,NA
LYPD2,grey,0.131964908116084,NA
LYPD2,grey,0.131964908116084,NA
LYPD5,pink,0.177309126238728,NA
LYPD5,pink,0.177309126238728,NA
LYRM1,turquoise,0.279314323967317,NA
LYZ,turquoise,0.287679509363481,NA
MAFF,brown,-0.275614277981182,NA
MAFF,brown,-0.275614277981182,NA
MAFK,grey,-0.121738588200461,NA
MAL2,black,0.000119406567612716,NA
MALAT1,greenyellow,0.320745811203309,NA
MALAT1,greenyellow,0.320745811203309,NA
MALAT1,greenyellow,0.320745811203309,NA
MALAT1,greenyellow,0.320745811203309,NA
MALL,black,0.116376567726221,NA
MALT1,blue,0.287954686823822,NA
MALT1,blue,0.287954686823822,NA
MALT1,blue,0.287954686823822,NA
MAN2A2,turquoise,0.50388160380013,NA
MANF,purple,-0.00172612369639049,NA
MANSC1,tan,-0.017068251219328,NA
MAP1S,red,0.198540857330435,NA
MAP2K2,red,0.256909844975012,NA
MAP2K3,red,0.235237135305723,NA
MAP2K4,yellow,0.129445089347583,NA
MAP3K11,turquoise,0.384748653156904,NA
MAP3K11,turquoise,0.384748653156904,NA
MAP3K9,green,-0.210693891880483,NA
MAP4K4,turquoise,0.361214475593665,NA
MAPK1IP1L,magenta,-0.011577924858238,NA
MAPK1IP1L,magenta,-0.011577924858238,NA
MAPKAP1,black,-0.0748338631463447,NA
MAPKAPK2,turquoise,0.162860369788173,NA
MAPRE2,pink,-0.0522542300794185,NA
MARCH6,black,0.0159130475264843,NA
MARCH6,black,0.0159130475264843,NA
MARCH7,yellow,0.228351616232275,NA
MARCH7,yellow,0.228351616232275,NA
MARCH7,yellow,0.228351616232275,NA
MARF1,blue,0.290639855273171,NA
MARF1,blue,0.290639855273171,NA
MARF1,blue,0.290639855273171,NA
MARF1,blue,0.290639855273171,NA
MAST3,turquoise,0.571459217448518,NA
MAT2A,green,-0.233376753056886,NA
MAT2B,turquoise,0.451584654012823,NA
MAT2B,turquoise,0.451584654012823,NA
MAT2B,turquoise,0.451584654012823,NA
MATR3,blue,0.223141813935692,NA
MATR3,blue,0.223141813935692,NA
MATR3,blue,0.223141813935692,NA
MBD3,brown,-0.0911840937973981,NA
MBOAT2,turquoise,0.488573355803966,NA
MBOAT2,turquoise,0.488573355803966,NA
MBP,magenta,-0.116724728143899,NA
MCC,yellow,0.0726173288050613,NA
MCEMP1,turquoise,0.303565313648464,NA
MCFD2,greenyellow,0.463535198586941,NA
MCL1,turquoise,0.50299200404733,NA
MCL1,turquoise,0.50299200404733,NA
MCL1,turquoise,0.50299200404733,NA
MCL1,turquoise,0.50299200404733,NA
MCM7,yellow,-0.0304353274256679,NA
MCUR1,green,0.00198527151563498,NA
MCUR1,green,0.00198527151563498,NA
MCUR1,green,0.00198527151563498,NA
ME2,turquoise,0.299919154938398,NA
MEAK7,yellow,-0.0708023399684612,NA
MED13,black,0.166839515927439,NA
MED13,black,0.166839515927439,NA
MED13,black,0.166839515927439,NA
MED13,black,0.166839515927439,NA
MED13,black,0.166839515927439,NA
MED13L,black,0.0226640474162256,NA
MED13L,black,0.0226640474162256,NA
MED15,yellow,0.155121660113267,NA
MED16,red,0.203874649287967,NA
MED18,green,0.342520004428888,NA
MED20,brown,-0.00849452602925971,NA
MED20,brown,-0.00849452602925971,NA
MED20,brown,-0.00849452602925971,NA
MED20,brown,-0.00849452602925971,NA
MED25,grey,-0.0347680449086974,NA
MEGF8,grey,0.0794740670840035,NA
METRNL,red,0.243408696041807,NA
METRNL,red,0.243408696041807,NA
METRNL,red,0.243408696041807,NA
METRNL,red,0.243408696041807,NA
METRNL,red,0.243408696041807,NA
METRNL,red,0.243408696041807,NA
METRNL,red,0.243408696041807,NA
METTL3,magenta,0.0829322815833404,NA
METTL7A,blue,-0.0136780836377137,NA
METTL7A,blue,-0.0136780836377137,NA
METTL7A,blue,-0.0136780836377137,NA
METTL7A,blue,-0.0136780836377137,NA
METTL7A,blue,-0.0136780836377137,NA
METTL7A,blue,-0.0136780836377137,NA
METTL7A,blue,-0.0136780836377137,NA
METTL7A,blue,-0.0136780836377137,NA
METTL7A,blue,-0.0136780836377137,NA
METTL7A,blue,-0.0136780836377137,NA
MEX3C,grey,-0.172981730113291,NA
MFAP1,blue,0.29971440663397,NA
MFN2,yellow,0.217676070044749,NA
MFSD10,purple,-0.300074915510185,NA
MFSD4A,blue,0.242170711254357,NA
MFSD5,red,0.442915920460958,NA
MFSD5,red,0.442915920460958,NA
MGAT1,red,0.344064705980865,NA
MGAT1,red,0.344064705980865,NA
MGAT4B,pink,0.387582095109613,NA
MGRN1,turquoise,0.151743001189437,NA
MICAL2,turquoise,0.549722045921949,NA
MIEF2,red,0.304075964998967,NA
MIEF2,red,0.304075964998967,NA
MIER1,turquoise,0.19906796258803,NA
MIER1,turquoise,0.19906796258803,NA
MIF,turquoise,-0.1390283335508,NA
MIF-AS1,grey,-0.132944401278617,NA
MINDY2,yellow,-0.108125476226764,NA
MINDY2,yellow,-0.108125476226764,NA
MINDY2,yellow,-0.108125476226764,NA
MINDY2,yellow,-0.108125476226764,NA
MINDY2,yellow,-0.108125476226764,NA
MIR1282,turquoise,0.266879689370657,NA
MIR210HG,pink,0.140032717999648,NA
MIR29B2CHG,tan,0.242611941882351,NA
MISP,blue,-0.044056697748817,NA
MKRN1,turquoise,0.172538770526432,NA
MLC1,green,-0.00208205478679706,NA
MLEC,turquoise,-0.00750682143418819,NA
MLF2,turquoise,0.359489469641383,NA
MLKL,turquoise,0.44348108898679,NA
MLLT1,black,-0.0288189134607692,NA
MLLT1,black,-0.0288189134607692,NA
MLLT6,grey,-0.0128641598778722,NA
MLPH,brown,0.162245570510643,NA
MLXIP,grey,0.218838051865311,NA
MMEL1,red,0.193850038566652,NA
MMP14,blue,0.0842118268243197,NA
MMP24,red,0.130105248783783,NA
MMP25,turquoise,0.603125978806767,NA
MNDA,turquoise,0.505317764534817,NA
MOAP1,yellow,0.101777582351339,NA
MOB2,red,0.440015252067813,NA
MON1B,blue,0.164211298579665,NA
MON1B,blue,0.164211298579665,NA
MON1B,blue,0.164211298579665,NA
MON1B,blue,0.164211298579665,NA
MON1B,blue,0.164211298579665,NA
MPC1,yellow,0.0246662796944854,NA
MPDU1,black,-0.158293679398048,NA
MPDU1,black,-0.158293679398048,NA
MPI,pink,0.00314537989074188,NA
MPI,pink,0.00314537989074188,NA
MPP7,magenta,0.168727917687503,NA
MPPE1,turquoise,0.330755090348741,NA
MPRIP,red,0.0714887177993169,NA
MPZL1,turquoise,0.242077687951804,NA
MPZL2,brown,0.0345714711952426,NA
MPZL2,brown,0.0345714711952426,NA
MREG,green,0.017520966522661,NA
MREG,green,0.017520966522661,NA
MRNIP,grey,-0.084672901215421,NA
MRPL10,brown,0.29162403044394,NA
MRPL15,grey,-0.0324712133544593,NA
MRPL15,grey,-0.0324712133544593,NA
MRPL34,blue,-0.10354198113039,NA
MRPL49,black,-0.193929764102434,NA
MRPL51,turquoise,0.284402681852464,NA
MRPL54,grey,0.0253859472598321,NA
MRPL54,grey,0.0253859472598321,NA
MRPL54,grey,0.0253859472598321,NA
MRPL54,grey,0.0253859472598321,NA
MRPS10,magenta,-0.146937759849697,NA
MRTFA,turquoise,0.491479749021333,NA
MSH6,turquoise,0.208888348425131,NA
MSL1,turquoise,0.579555728989773,NA
MSL2,yellow,0.066223160494537,NA
MSL2,yellow,0.066223160494537,NA
MSL2,yellow,0.066223160494537,NA
MSL3,turquoise,0.436663743594565,NA
MSL3,turquoise,0.436663743594565,NA
MT-ATP8,turquoise,0.251253816639128,NA
MT1M,purple,-0.025274536222113,NA
MT1M,purple,-0.025274536222113,NA
MTA3,black,-0.0749915460800127,NA
MTA3,black,-0.0749915460800127,NA
MTCH1,yellow,0.222710740815313,NA
MTCO1P12,grey,0.123822109101574,NA
MTCO2P12,grey,-0.0547204234117047,NA
MTMR1,green,-0.101980785288924,NA
MTND4P12,grey,0.178323429432215,NA
MTND4P12,grey,0.178323429432215,NA
MTOR,blue,0.330903676966926,NA
MTRNR2L1,brown,-0.142656551260531,NA
MTRNR2L12,brown,0.0903777694743215,NA
MUC1,pink,0.122279474512098,NA
MUC21,green,0.0259851759591557,NA
MUC22,grey,0.243693788121094,NA
MVD,turquoise,-0.323227618359194,NA
MVK,purple,-0.0411640019323826,NA
MXD3,turquoise,0.0935466164451102,NA
MXD4,grey,-0.253135764082449,NA
MYADM,turquoise,0.512341248434228,NA
MYBBP1A,red,0.208295595994499,NA
MYD88,turquoise,0.458426125934941,NA
MYD88,turquoise,0.458426125934941,NA
MYL12A,turquoise,0.297434397061749,NA
MYL5,pink,-0.0252206106478935,NA
MYL6,turquoise,0.338015273930817,NA
MYO15B,blue,0.308976154249997,NA
MYO15B,blue,0.308976154249997,NA
MYO5B,brown,0.396512639938412,NA
MYOM1,green,0.0657001320682504,NA
MYOM1,green,0.0657001320682504,NA
MYOM1,green,0.0657001320682504,NA
MYOM1,green,0.0657001320682504,NA
MYOM1,green,0.0657001320682504,NA
MYORG,brown,0.0659277432612518,NA
MYOZ1,black,-0.111827234411332,NA
MZT2B,grey,-0.123312131232706,NA
NAA40,brown,0.228443052496569,NA
NAA50,magenta,-0.126074167484109,NA
NAA60,pink,0.0145717260130243,NA
NAA60,pink,0.0145717260130243,NA
NAB1,turquoise,0.330193237312447,NA
NACA,grey,-0.0798946081995583,NA
NAGA,turquoise,0.0674568713032375,NA
NAGK,turquoise,0.30307919325243,NA
NAIF1,purple,0.0684777575361294,NA
NAMPTP1,turquoise,0.438959976171968,NA
NAPRT,red,0.297722976861567,NA
NAPRT,red,0.297722976861567,NA
NARS,tan,-0.0600952647951002,NA
NBDY,grey,-0.0103707165338883,NA
NBL1,pink,0.100998478212984,NA
NCAPH2,tan,0.262840379331571,NA
NCF1,turquoise,0.421111721468741,NA
NCK2,grey,-0.0402556870395388,NA
NCLN,turquoise,0.197996580908097,NA
NCOA1,turquoise,0.450865401159993,NA
NCSTN,turquoise,0.356690416367376,NA
NDEL1,brown,0.136317605819734,NA
NDFIP1,blue,0.316773527373672,NA
NDRG1,grey,-0.110273523214664,NA
NDRG3,blue,0.00168504156839948,NA
NDRG4,green,0.111653463816153,NA
NDUFA10,blue,0.0261465344371514,NA
NDUFA10,blue,0.0261465344371514,NA
NDUFA10,blue,0.0261465344371514,NA
NDUFA10,blue,0.0261465344371514,NA
NDUFA13,red,0.0999527690478381,NA
NDUFA4,yellow,0.14774538213378,NA
NDUFA4L2,red,0.226139960678721,NA
NDUFAF3,purple,-0.0272882294906323,NA
NDUFB2,yellow,0.0113390858863416,NA
NDUFB2,yellow,0.0113390858863416,NA
NDUFB3,blue,0.1826311955098,NA
NDUFB4,blue,0.491374828438821,NA
NDUFB4,blue,0.491374828438821,NA
NDUFS3,yellow,0.0470319456367003,NA
NDUFS5,brown,-0.221057711331854,NA
NEAT1,greenyellow,0.252131860962248,NA
NEAT1,greenyellow,0.252131860962248,NA
NEBL,magenta,-0.0521385629976315,NA
NECTIN1,pink,0.0381369004491918,NA
NELFE,turquoise,0.332547238560872,NA
NEMF,yellow,0.225917067405012,NA
NEMF,yellow,0.225917067405012,NA
NEMF,yellow,0.225917067405012,NA
NEMF,yellow,0.225917067405012,NA
NEMF,yellow,0.225917067405012,NA
NEMF,yellow,0.225917067405012,NA
NEMF,yellow,0.225917067405012,NA
NEU1,turquoise,0.463978321428633,NA
NEU1,turquoise,0.463978321428633,NA
NEU1,turquoise,0.463978321428633,NA
NFAT5,blue,0.394705194973785,NA
NFAT5,blue,0.394705194973785,NA
NFAT5,blue,0.394705194973785,NA
NFAT5,blue,0.394705194973785,NA
NFAT5,blue,0.394705194973785,NA
NFAT5,blue,0.394705194973785,NA
NFATC1,yellow,-0.40016972571709,NA
NFE2,turquoise,0.665370336783485,NA
NFE2,turquoise,0.665370336783485,NA
NFE2L1,yellow,0.189800335155822,NA
NFIA,yellow,-0.0676190369213836,NA
NFKB1,turquoise,0.089316506571058,NA
NFKBIB,black,0.062107827357239,NA
NFKBIL1,brown,0.00527111594652981,NA
NFKBIZ,turquoise,0.25924275639718,NA
NFKBIZ,turquoise,0.25924275639718,NA
NFKBIZ,turquoise,0.25924275639718,NA
NFKBIZ,turquoise,0.25924275639718,NA
NFKBIZ,turquoise,0.25924275639718,NA
NFX1,magenta,-0.0928998174345894,NA
NFX1,magenta,-0.0928998174345894,NA
NFX1,magenta,-0.0928998174345894,NA
NISCH,brown,0.343659522784845,NA
NLRC5,turquoise,0.22787628062021,NA
NMI,turquoise,0.405478442822016,NA
NMI,turquoise,0.405478442822016,NA
NMRK1,grey,0.0806292887059135,NA
NMU,green,0.120902761833916,NA
NOP10,turquoise,0.260609817650658,NA
NOP14-AS1,black,0.0743774200218836,NA
NOP14-AS1,black,0.0743774200218836,NA
NOP14-AS1,black,0.0743774200218836,NA
NOP14-AS1,black,0.0743774200218836,NA
NOP14-AS1,black,0.0743774200218836,NA
NOP14-AS1,black,0.0743774200218836,NA
NOP14-AS1,black,0.0743774200218836,NA
NORAD,blue,0.136417929789469,NA
NORAD,blue,0.136417929789469,NA
NOS3,green,0.113607960625676,NA
NOSIP,black,-0.161169626974616,NA
NPM1,yellow,0.00632089161834778,NA
NPR2,green,0.2613761843293,NA
NPW,red,0.125768719484278,NA
NPW,red,0.125768719484278,NA
NPW,red,0.125768719484278,NA
NQO1,turquoise,0.227552778551484,NA
NQO1,turquoise,0.227552778551484,NA
NQO2,turquoise,0.473872719044868,NA
NR2F2,yellow,-0.203580363419559,NA
NR2F2,yellow,-0.203580363419559,NA
NR6A1,grey,0.092204324060408,NA
NRBF2,turquoise,0.513551379121599,NA
NRIP3,turquoise,-0.129464036728498,NA
NSA2,yellow,0.0703773255825524,NA
NSA2,yellow,0.0703773255825524,NA
NSD1,purple,0.0811162698424982,NA
NSF,brown,0.184517603717332,NA
NSMF,green,-0.0671190855308615,NA
NSRP1,yellow,-0.0177648289930808,NA
NSRP1,yellow,-0.0177648289930808,NA
NTN4,brown,0.087265331002968,NA
NUAK2,turquoise,0.623759883354507,NA
NUBP2,grey,-0.105583566732689,NA
NUCB2,yellow,0.10497754910776,NA
NUCB2,yellow,0.10497754910776,NA
NUCB2,yellow,0.10497754910776,NA
NUDT2,grey,0.0579303162087542,NA
NUDT21,yellow,0.24709922037195,NA
NUDT21,yellow,0.24709922037195,NA
NUDT21,yellow,0.24709922037195,NA
NUDT21,yellow,0.24709922037195,NA
NUDT21,yellow,0.24709922037195,NA
NUDT21,yellow,0.24709922037195,NA
NUDT21,yellow,0.24709922037195,NA
NUDT21,yellow,0.24709922037195,NA
NUDT21,yellow,0.24709922037195,NA
NUDT4,brown,-0.0327180062987884,NA
NUDT5,turquoise,0.459299380723699,NA
NUFIP2,brown,0.360090312653013,NA
NUFIP2,brown,0.360090312653013,NA
NUMB,turquoise,0.477998042532278,NA
NUP50,blue,0.00761335253238448,NA
NUP58,yellow,0.103633894999232,NA
NUP58,yellow,0.103633894999232,NA
NUP58,yellow,0.103633894999232,NA
NUP58,yellow,0.103633894999232,NA
NUP58,yellow,0.103633894999232,NA
NUP58,yellow,0.103633894999232,NA
NUP58,yellow,0.103633894999232,NA
NUTM2B-AS1,turquoise,0.167609352256823,NA
OAS1,brown,0.259314012459492,NA
OAZ1,grey,-0.14391043275887,NA
OAZ1,grey,-0.14391043275887,NA
ODC1,purple,-0.0766500649560089,NA
OFD1,blue,0.335893174810966,NA
OFD1,blue,0.335893174810966,NA
OGA,yellow,0.347281408318189,NA
OGA,yellow,0.347281408318189,NA
OGT,blue,0.42778652361293,NA
OGT,blue,0.42778652361293,NA
OPTN,black,0.133079284879085,NA
OPTN,black,0.133079284879085,NA
ORAI2,turquoise,0.578552111633261,NA
ORMDL2,turquoise,-0.0585782817675043,NA
ORMDL2,turquoise,-0.0585782817675043,NA
ORMDL2,turquoise,-0.0585782817675043,NA
OSBPL1A,green,0.123316388228818,NA
OSBPL8,turquoise,0.505376275830627,NA
OSBPL9,turquoise,0.151336457004401,NA
OSER1-DT,yellow,0.26738690916141,NA
OSER1-DT,yellow,0.26738690916141,NA
OSER1-DT,yellow,0.26738690916141,NA
OSER1-DT,yellow,0.26738690916141,NA
OSER1-DT,yellow,0.26738690916141,NA
OSMR,brown,0.345212390137515,NA
OSMR,brown,0.345212390137515,NA
OST4,turquoise,0.25778919650452,NA
OSTF1,turquoise,0.272039324205979,NA
OTULIN,yellow,0.165238549608627,NA
OXSR1,magenta,0.0934259580621013,NA
OXSR1,magenta,0.0934259580621013,NA
P4HA1,tan,-0.0147492891545451,NA
PA2G4,turquoise,0.319544543387827,NA
PA2G4,turquoise,0.319544543387827,NA
PABPC1,black,0.168929609550294,NA
PABPC1,black,0.168929609550294,NA
PABPN1,yellow,0.114671129722846,NA
PADI1,brown,0.296552804241888,NA
PADI1,brown,0.296552804241888,NA
PADI3,blue,0.206047699953823,NA
PAFAH1B1,black,0.0651978671976713,NA
PAG1,turquoise,0.307033557820502,NA
PAG1,turquoise,0.307033557820502,NA
PAIP2,turquoise,0.546504618567069,NA
PAK2,turquoise,0.4016419861276,NA
PALM2-AKAP2,turquoise,0.268978974376209,NA
PAN3,yellow,0.240817242868067,NA
PAN3,yellow,0.240817242868067,NA
PANX2,turquoise,-0.051373240443782,NA
PANX2,turquoise,-0.051373240443782,NA
PAPOLA,brown,0.189621059550746,NA
PAPOLA,brown,0.189621059550746,NA
PAPOLA,brown,0.189621059550746,NA
PAQR4,pink,-0.0771376547630867,NA
PAQR4,pink,-0.0771376547630867,NA
PAQR7,purple,0.179152270545648,NA
PARP4,grey,0.0966190519796238,NA
PATJ,yellow,0.141079743584419,NA
PAWR,brown,0.0430242020348763,NA
PAWR,brown,0.0430242020348763,NA
PAX8,green,0.0562714792013309,NA
PBX2,turquoise,0.343911355196684,NA
PCAT6,green,0.0628749957365175,NA
PCAT6,green,0.0628749957365175,NA
PCAT6,green,0.0628749957365175,NA
PCAT6,green,0.0628749957365175,NA
PCBD1,yellow,0.0809624009017858,NA
PCBD1,yellow,0.0809624009017858,NA
PCM1,turquoise,0.229077359982671,NA
PCMTD1,turquoise,0.042653546853592,NA
PCNP,yellow,0.104247008768152,NA
PCNP,yellow,0.104247008768152,NA
PCNP,yellow,0.104247008768152,NA
PCNP,yellow,0.104247008768152,NA
PCYOX1L,grey,0.0110387172566651,NA
PDCD6IP,brown,-0.0422272419476213,NA
PDCD6IP,brown,-0.0422272419476213,NA
PDCL,brown,0.248209534776486,NA
PDPK1,brown,-0.157445725613053,NA
PDPR,turquoise,-0.0197464325734927,NA
PDZD11,yellow,0.123165811871959,NA
PDZD11,yellow,0.123165811871959,NA
PDZD11,yellow,0.123165811871959,NA
PDZD8,yellow,-0.0928938368411134,NA
PEBP1,green,0.0842754660977571,NA
PEF1,turquoise,0.0760398849812734,NA
PEF1,turquoise,0.0760398849812734,NA
PELI1,brown,0.129703972127315,NA
PER2,black,0.0203725066256618,NA
PERM1,purple,-0.146400638387253,NA
PEX19,blue,0.0448064443015987,NA
PFDN6,yellow,-0.0101759664350556,NA
PFDN6,yellow,-0.0101759664350556,NA
PFKFB2,green,0.244904747841411,NA
PFKFB2,green,0.244904747841411,NA
PFKFB2,green,0.244904747841411,NA
PFKFB3,turquoise,0.0659070140600533,NA
PFKL,red,0.359679439256532,NA
PGAM1,yellow,0.0622378775952919,NA
PGAP2,blue,0.289619563268366,NA
PGD,grey,-0.052467953270026,NA
PHACTR2,greenyellow,0.299339060854436,NA
PHACTR4,black,-0.130433629389717,NA
PHACTR4,black,-0.130433629389717,NA
PHACTR4,black,-0.130433629389717,NA
PHF1,turquoise,0.331805159599485,NA
PHF20,yellow,0.336128573737543,NA
PHF20L1,turquoise,0.59088975109006,NA
PHF20L1,turquoise,0.59088975109006,NA
PHF20L1,turquoise,0.59088975109006,NA
PHF21A,turquoise,0.497977129959622,NA
PHF3,turquoise,0.526910201604948,NA
PHF3,turquoise,0.526910201604948,NA
PHGDH,blue,0.0545787325021107,NA
PHGDH,blue,0.0545787325021107,NA
PHGDH,blue,0.0545787325021107,NA
PHGDH,blue,0.0545787325021107,NA
PHGDH,blue,0.0545787325021107,NA
PHKB,black,0.135028623490509,NA
PHKB,black,0.135028623490509,NA
PI4K2A,red,0.346975619086022,NA
PIAS1,turquoise,0.302315590500427,NA
PIAS1,turquoise,0.302315590500427,NA
PIAS1,turquoise,0.302315590500427,NA
PIAS4,grey,0.0510477483212718,NA
PIGQ,grey,-0.0811280533522639,NA
PIGT,turquoise,0.359010262039716,NA
PIH1D1,blue,-0.0539292023980452,NA
PIH1D1,blue,-0.0539292023980452,NA
PIK3C2A,yellow,-0.0216469955268499,NA
PIK3C2A,yellow,-0.0216469955268499,NA
PIK3C2B,yellow,0.0950396691074201,NA
PIK3C3,yellow,0.00590735794702439,NA
PIK3C3,yellow,0.00590735794702439,NA
PIK3C3,yellow,0.00590735794702439,NA
PIK3C3,yellow,0.00590735794702439,NA
PINK1,green,0.017076596173321,NA
PINK1-AS,green,-0.0181306404345902,NA
PIP5K1A,magenta,-0.134704662422161,NA
PITPNB,turquoise,0.297512037184801,NA
PITPNM1,turquoise,0.284675070626969,NA
PITX1,red,0.481102005964658,NA
PITX1,red,0.481102005964658,NA
PITX1,red,0.481102005964658,NA
PITX2,brown,-0.168295396530605,NA
PKN2,grey,0.0550798891824081,NA
PKNOX2,green,0.162864236863445,NA
PKP1,green,0.0441339233408563,NA
PKP1,green,0.0441339233408563,NA
PKP3,red,0.241226712921016,NA
PLA2G4D,magenta,-0.0695077697960641,NA
PLAC8,turquoise,0.426241564595551,NA
PLAGL1,purple,-0.0469290029607358,NA
PLAT,brown,0.238446183181482,NA
PLAT,brown,0.238446183181482,NA
PLAT,brown,0.238446183181482,NA
PLBD1,black,0.0901512174871241,NA
PLBD1-AS1,greenyellow,0.230053664887173,NA
PLCB3,turquoise,0.0523289532849137,NA
PLCG2,turquoise,0.529847079382623,NA
PLD2,purple,0.0531408662568367,NA
PLD3,black,-0.325533930611467,NA
PLD3,black,-0.325533930611467,NA
PLD6,green,0.172242646169305,NA
PLEC,red,0.355023520598202,NA
PLEC,red,0.355023520598202,NA
PLEC,red,0.355023520598202,NA
PLEC,red,0.355023520598202,NA
PLEC,red,0.355023520598202,NA
PLEC,red,0.355023520598202,NA
PLEC,red,0.355023520598202,NA
PLEKHA5,yellow,-0.257433559025025,NA
PLEKHA5,yellow,-0.257433559025025,NA
PLEKHA5,yellow,-0.257433559025025,NA
PLEKHA5,yellow,-0.257433559025025,NA
PLEKHA7,brown,0.211004185145975,NA
PLEKHG1,green,0.0381084324561066,NA
PLEKHG4B,pink,0.0168569893751659,NA
PLEKHG4B,pink,0.0168569893751659,NA
PLK3,red,0.057426684304147,NA
PLK3,red,0.057426684304147,NA
PLOD1,turquoise,0.203666924250767,NA
PLOD2,yellow,-0.301101859133334,NA
PLP2,turquoise,0.340729295665052,NA
PLPBP,grey,-0.0262794426942184,NA
PLPBP,grey,-0.0262794426942184,NA
PLSCR1,turquoise,0.43382022755823,NA
PLXDC2,turquoise,0.577482330065435,NA
PLXNA2,pink,-0.0713637784110375,NA
PLXNB2,red,0.187645917334898,NA
PMAIP1,yellow,-0.0327634938362635,NA
PMAIP1,yellow,-0.0327634938362635,NA
PMEPA1,pink,-0.157883545109031,NA
PMPCB,grey,-0.110923166406592,NA
PNLIPRP3,green,0.0190435263151201,NA
PNLIPRP3,green,0.0190435263151201,NA
PNN,yellow,0.21620705772917,NA
PNN,yellow,0.21620705772917,NA
PNN,yellow,0.21620705772917,NA
PNN,yellow,0.21620705772917,NA
PNPLA7,green,-0.0535439173221648,NA
POF1B,magenta,-0.371008742246771,NA
POF1B,magenta,-0.371008742246771,NA
POF1B,magenta,-0.371008742246771,NA
POF1B,magenta,-0.371008742246771,NA
POF1B,magenta,-0.371008742246771,NA
POF1B,magenta,-0.371008742246771,NA
POF1B,magenta,-0.371008742246771,NA
POF1B,magenta,-0.371008742246771,NA
POF1B,magenta,-0.371008742246771,NA
POF1B,magenta,-0.371008742246771,NA
POGZ,yellow,0.376492832983419,NA
POGZ,yellow,0.376492832983419,NA
POLDIP2,black,-0.115369325426351,NA
POLR1D,purple,0.0142266735872734,NA
POLR2A,green,0.216690314829134,NA
POLR2E,turquoise,0.372625886543031,NA
POLR2E,turquoise,0.372625886543031,NA
POLR2J,turquoise,0.116212735527862,NA
POLR2L,turquoise,-0.0383858001003565,NA
POLR2M,tan,-0.0495749168758481,NA
POLR3C,blue,-0.275563342195573,NA
POM121,green,-0.116840815057354,NA
POM121,green,-0.116840815057354,NA
POM121C,tan,0.170513946112816,NA
POR,pink,-0.200457279836896,NA
POR,pink,-0.200457279836896,NA
PORCN,green,0.0120824366056002,NA
PORCN,green,0.0120824366056002,NA
PORCN,green,0.0120824366056002,NA
PORCN,green,0.0120824366056002,NA
PORCN,green,0.0120824366056002,NA
PORCN,green,0.0120824366056002,NA
POU2F1,blue,0.109050042022603,NA
POU2F1,blue,0.109050042022603,NA
POU2F1,blue,0.109050042022603,NA
POU2F1,blue,0.109050042022603,NA
PPARA,grey,-0.0691362439683521,NA
PPARD,red,0.132102282201541,NA
PPARD,red,0.132102282201541,NA
PPARD,red,0.132102282201541,NA
PPCDC,turquoise,0.217551893060692,NA
PPCDC,turquoise,0.217551893060692,NA
PPFIBP1,blue,0.313282179386647,NA
PPIL2,grey,-0.243006069784692,NA
PPL,red,0.279301510984851,NA
PPM1A,magenta,-0.121340519466114,NA
PPM1B,turquoise,0.0912808411369006,NA
PPP1CA,turquoise,0.0474862680292361,NA
PPP1CA,turquoise,0.0474862680292361,NA
PPP1CA,turquoise,0.0474862680292361,NA
PPP1R10,turquoise,0.569225891495629,NA
PPP1R13L,red,0.2506413043781,NA
PPP1R13L,red,0.2506413043781,NA
PPP1R15A,turquoise,0.186100618182576,NA
PPP1R3B,brown,-0.0276478020589175,NA
PPP1R3G,black,-0.289813602183434,NA
PPP1R8,blue,0.0583640523160586,NA
PPP1R8,blue,0.0583640523160586,NA
PPP1R8,blue,0.0583640523160586,NA
PPP1R8,blue,0.0583640523160586,NA
PPP1R9B,turquoise,0.59686112437169,NA
PPP2CB,brown,0.266079965364649,NA
PPP2CB,brown,0.266079965364649,NA
PPP2CB,brown,0.266079965364649,NA
PPP2R1B,blue,0.0969798274068065,NA
PPP2R1B,blue,0.0969798274068065,NA
PPP2R5A,grey,0.000981454250592264,NA
PPP2R5B,brown,0.279684317611933,NA
PPP3CB-AS1,purple,-0.0205294021971045,NA
PPP3CC,grey,0.0419762230925784,NA
PPP4R1,brown,0.217759610650212,NA
PPP6C,tan,-0.0093374121929136,NA
PPP6R2,yellow,0.11542949700401,NA
PPT1,turquoise,0.545234135477329,NA
PPTC7,magenta,-0.143246178431642,NA
PRDM2,brown,0.343133027234808,NA
PRDX2,green,0.226080433973553,NA
PRDX2,green,0.226080433973553,NA
PRELID1,turquoise,0.0799168808485211,NA
PRELID3B,grey,-0.261180550559153,NA
PRKAA1,brown,0.0210696700532803,NA
PRKAB1,pink,0.42095800772941,NA
PRKACA,turquoise,0.485936312325813,NA
PRKAR1A,turquoise,0.295109871345843,NA
PRKCB,turquoise,0.39494311233862,NA
PRKCSH,grey,-0.0552719176697373,NA
PRKDC,turquoise,0.580015684518237,NA
PRMT5,green,0.0698489749875086,NA
PRMT5-AS1,green,0.110203686087772,NA
PRMT5-AS1,green,0.110203686087772,NA
PRPF8,turquoise,-0.0383570564803754,NA
PRRC2A,turquoise,0.543050872199594,NA
PRRG2,grey,-0.083127350631998,NA
PRRG2,grey,-0.083127350631998,NA
PRSS8,red,0.175654253127793,NA
PRSS8,red,0.175654253127793,NA
PRXL2B,purple,0.0285645505025254,NA
PSD4,turquoise,0.357551535982295,NA
PSG4,brown,0.209776408620325,NA
PSKH1,turquoise,0.147332271994514,NA
PSMA3-AS1,blue,-0.00391264298604592,NA
PSMA3-AS1,blue,-0.00391264298604592,NA
PSMA4,turquoise,0.410570014360395,NA
PSMA4,turquoise,0.410570014360395,NA
PSMA4,turquoise,0.410570014360395,NA
PSMA4,turquoise,0.410570014360395,NA
PSMB7,purple,-0.199410249723478,NA
PSMB8,turquoise,0.448741012493765,NA
PSMB8-AS1,turquoise,0.522595419839487,NA
PSMB9,turquoise,0.367735628744433,NA
PSMC4,brown,-0.0374838201166333,NA
PSMC4,brown,-0.0374838201166333,NA
PSMD11,yellow,0.0930808738270485,NA
PSMD11,yellow,0.0930808738270485,NA
PSMD4,yellow,0.284193253718452,NA
PSMD6,turquoise,0.349228542682984,NA
PSMD7,turquoise,0.242027451761171,NA
PSMG2,blue,0.245680297605007,NA
PTAR1,magenta,-0.076623994829157,NA
PTAR1,magenta,-0.076623994829157,NA
PTBP1,turquoise,-0.0684181983849637,NA
PTCD1,turquoise,0.36452281717881,NA
PTK6,red,0.332507752090975,NA
PTOV1-AS2,blue,0.00417199456507084,NA
PTOV1-AS2,blue,0.00417199456507084,NA
PTOV1-AS2,blue,0.00417199456507084,NA
PTP4A2,turquoise,0.314380606949184,NA
PTPN23,grey,0.0632537518089609,NA
PTPRF,blue,0.0616518098289672,NA
PTPRH,brown,0.269849113609684,NA
PURB,yellow,0.33829507520238,NA
PUSL1,red,0.0238150349882453,NA
PWWP2B,red,0.206406887034382,NA
PYM1,blue,-0.0840366323722513,NA
QKI,turquoise,0.298996211652016,NA
QRICH1,yellow,0.226492288852109,NA
QRICH1,yellow,0.226492288852109,NA
QRICH1,yellow,0.226492288852109,NA
RAB11A,turquoise,0.355725497198332,NA
RAB11FIP5,pink,0.0920789786337402,NA
RAB11FIP5,pink,0.0920789786337402,NA
RAB1B,grey,-0.19531567816614,NA
RAB25,red,0.273845691299215,NA
RAB27A,turquoise,0.531522314276492,NA
RAB31,turquoise,0.375552977846146,NA
RAB31,turquoise,0.375552977846146,NA
RAB35,pink,0.129347407251072,NA
RAB35,pink,0.129347407251072,NA
RAB35,pink,0.129347407251072,NA
RAB5B,red,0.222947124765419,NA
RAB8A,turquoise,0.271268827639097,NA
RAB8A,turquoise,0.271268827639097,NA
RAB8A,turquoise,0.271268827639097,NA
RAB8A,turquoise,0.271268827639097,NA
RABGEF1,blue,-0.133053565563711,NA
RABGEF1,blue,-0.133053565563711,NA
RABIF,turquoise,0.275532592853234,NA
RAD21,blue,0.193217926615918,NA
RAD21,blue,0.193217926615918,NA
RAD23B,magenta,-0.171521848236902,NA
RAD23B,magenta,-0.171521848236902,NA
RAD9A,red,0.0245061487803429,NA
RAI1,brown,0.246609567589417,NA
RAI1,brown,0.246609567589417,NA
RAI1,brown,0.246609567589417,NA
RAI1,brown,0.246609567589417,NA
RAI1,brown,0.246609567589417,NA
RALGPS2,brown,0.198455492222644,NA
RALGPS2,brown,0.198455492222644,NA
RALY,grey,-0.0213592538193783,NA
RALY,grey,-0.0213592538193783,NA
RAN,yellow,0.125111252054884,NA
RANBP2,turquoise,0.446767071067575,NA
RAP1A,turquoise,0.234647516937613,NA
RAP1B,yellow,0.17919752505384,NA
RAP1GDS1,magenta,-0.164315629977249,NA
RAPGEF5,yellow,0.200820740324339,NA
RAPGEF5,yellow,0.200820740324339,NA
RASGEF1B,black,0.0633569140929641,NA
RASGEF1B,black,0.0633569140929641,NA
RASGEF1B,black,0.0633569140929641,NA
RASGEF1B,black,0.0633569140929641,NA
RASGEF1B,black,0.0633569140929641,NA
RASGRP1,blue,0.0709143644829202,NA
RASSF1,blue,0.24480238038193,NA
RASSF3,turquoise,0.401549763589914,NA
RASSF5,turquoise,0.212590540310986,NA
RBBP5,yellow,0.179349982458453,NA
RBBP5,yellow,0.179349982458453,NA
RBBP5,yellow,0.179349982458453,NA
RBKS,turquoise,0.0484664460246106,NA
RBM14,black,-0.0271445651877914,NA
RBM14,black,-0.0271445651877914,NA
RBM14,black,-0.0271445651877914,NA
RBM33,blue,0.294487466864071,NA
RBM4,blue,-0.115474623628955,NA
RBM4,blue,-0.115474623628955,NA
RBM42,black,-0.242864692127533,NA
RBM47,brown,-0.11013889385774,NA
RBP1,yellow,0.0853736518443387,NA
RBP1,yellow,0.0853736518443387,NA
RBP1,yellow,0.0853736518443387,NA
RBSN,yellow,-0.303782055515616,NA
RBSN,yellow,-0.303782055515616,NA
RC3H1,blue,0.34711273465518,NA
RC3H1,blue,0.34711273465518,NA
RCC2-AS1,grey,-0.194560216012093,NA
RCSD1,turquoise,0.508038078900844,NA
REEP4,green,0.102601593787703,NA
REEP5,turquoise,0.520295665048456,NA
REEP5,turquoise,0.520295665048456,NA
RELB,turquoise,0.0344907364207838,NA
REPS1,blue,0.289419614113515,NA
REST,blue,0.345082076706229,NA
REST,blue,0.345082076706229,NA
REST,blue,0.345082076706229,NA
REST,blue,0.345082076706229,NA
REST,blue,0.345082076706229,NA
REST,blue,0.345082076706229,NA
REST,blue,0.345082076706229,NA
REST,blue,0.345082076706229,NA
REST,blue,0.345082076706229,NA
REST,blue,0.345082076706229,NA
RETSAT,yellow,-0.0980115321723898,NA
RETSAT,yellow,-0.0980115321723898,NA
RFK,magenta,-0.304050184348855,NA
RFNG,turquoise,0.173520574070827,NA
RFX1,grey,-0.0778339201782529,NA
RFXANK,black,-0.0673709432161778,NA
RFXANK,black,-0.0673709432161778,NA
RGL2,pink,-0.000908239089748656,NA
RGP1,blue,0.505607072586036,NA
RGS14,turquoise,0.574969818877747,NA
RGS16,brown,0.0970235212599143,NA
RGS16,brown,0.0970235212599143,NA
RGS16,brown,0.0970235212599143,NA
RGS16,brown,0.0970235212599143,NA
RGS17,blue,-0.118012178422874,NA
RHBDD2,turquoise,0.0472515748923761,NA
RHBDD2,turquoise,0.0472515748923761,NA
RHBG,grey,0.0331506889032317,NA
RHOB,turquoise,0.270802098343378,NA
RHOU,pink,-0.112386628260049,NA
RIC8A,grey,-0.208334177943483,NA
RIN3,grey,0.228596583511674,NA
RING1,turquoise,0.0902883589761486,NA
RING1,turquoise,0.0902883589761486,NA
RIOK3,purple,-0.0969696339921516,NA
RIOK3,purple,-0.0969696339921516,NA
RIOK3,purple,-0.0969696339921516,NA
RLIM,turquoise,0.435992320309549,NA
RLIM,turquoise,0.435992320309549,NA
RMC1,brown,0.337888791218356,NA
RMC1,brown,0.337888791218356,NA
RMDN1,brown,0.181055411269173,NA
RMND5A,magenta,-0.125137058463963,NA
RMND5B,pink,0.239989135259719,NA
RMND5B,pink,0.239989135259719,NA
RNASEH2C,turquoise,0.173188104564898,NA
RNASEK,grey,-0.0140429318232677,NA
RNASEK,grey,-0.0140429318232677,NA
RND1,brown,0.149404099020672,NA
RND3,brown,0.214061005364829,NA
RND3,brown,0.214061005364829,NA
RNF103-CHMP3,red,0.27337287390952,NA
RNF103-CHMP3,red,0.27337287390952,NA
RNF11,magenta,-0.239165999878308,NA
RNF114,turquoise,0.136771867981472,NA
RNF126,purple,-0.0667127072235285,NA
RNF126,purple,-0.0667127072235285,NA
RNF126,purple,-0.0667127072235285,NA
RNF135,greenyellow,0.414623685931547,NA
RNF135,greenyellow,0.414623685931547,NA
RNF135,greenyellow,0.414623685931547,NA
RNF135,greenyellow,0.414623685931547,NA
RNF145,brown,0.128451744651592,NA
RNF166,turquoise,0.280930295077486,NA
RNF170,yellow,0.17490812387448,NA
RNF181,grey,0.10260328647233,NA
RNF19B,turquoise,0.15090218358098,NA
RNF223,red,0.201641667207406,NA
RNF26,grey,-0.087432224236288,NA
RNF26,grey,-0.087432224236288,NA
RNF34,blue,-0.0674091501890479,NA
RNF34,blue,-0.0674091501890479,NA
RNF34,blue,-0.0674091501890479,NA
RNF34,blue,-0.0674091501890479,NA
RNF39,green,-0.0326454934024777,NA
RNF4,brown,0.244270375573162,NA
RNF40,turquoise,0.210545454936565,NA
RNF43,black,0.0757000817478354,NA
RNF7,blue,0.113932126029921,NA
RNF7,blue,0.113932126029921,NA
RNPEPL1,pink,0.145230592300499,NA
RNPEPL1,pink,0.145230592300499,NA
RNU4-1,greenyellow,0.147113437881744,NA
RPL12,grey,-0.194663747794521,NA
RPL15,black,-0.0307639440348927,NA
RPL21,turquoise,0.206448170744102,NA
RPL22,turquoise,0.115392458159498,NA
RPL23A,magenta,0.112441257340487,NA
RPL23AP82,magenta,-0.228222169449577,NA
RPL23AP82,magenta,-0.228222169449577,NA
RPL28,green,0.432047489873917,NA
RPL35,grey,0.104794090261325,NA
RPL37,turquoise,0.166936046453988,NA
RPL5,turquoise,0.102313742084904,NA
RPL9,turquoise,0.222682884946475,NA
RPL9,turquoise,0.222682884946475,NA
RPL9,turquoise,0.222682884946475,NA
RPL9,turquoise,0.222682884946475,NA
RPL9,turquoise,0.222682884946475,NA
RPL9,turquoise,0.222682884946475,NA
RPLP0,red,0.257462454542481,NA
RPS11,turquoise,0.248445007271143,NA
RPS13,turquoise,-0.00549769776571301,NA
RPS14,grey,0.0190295167242957,NA
RPS15A,grey,-0.096337476734571,NA
RPS16,turquoise,-0.00102062511079045,NA
RPS2,green,0.30138232790343,NA
RPS2,green,0.30138232790343,NA
RPS25,turquoise,0.265134807594796,NA
RPS26,grey,0.083812664767836,NA
RPS29,grey,0.0157491445174773,NA
RPS3,grey,-0.0300827959193183,NA
RPS3,grey,-0.0300827959193183,NA
RPS6KA2,purple,0.0701045111366867,NA
RPS6KA3,grey,-0.0789628582670411,NA
RPS6KA3,grey,-0.0789628582670411,NA
RPS6KB2,grey,-0.291729837445663,NA
RPS6KB2,grey,-0.291729837445663,NA
RPSA,grey,0.0821884445748414,NA
RPSA,grey,0.0821884445748414,NA
RPSA,grey,0.0821884445748414,NA
RPSA,grey,0.0821884445748414,NA
RPSA,grey,0.0821884445748414,NA
RPSA,grey,0.0821884445748414,NA
RPTN,green,0.191303872280106,NA
RRAGD,turquoise,0.384508440561869,NA
RRAS2,magenta,-0.0364917965299268,NA
RREB1,greenyellow,0.268444446214185,NA
RSAD1,black,0.00043249668400936,NA
RSRC2,brown,0.0620696280193126,NA
RSRC2,brown,0.0620696280193126,NA
RSRP1,blue,0.40968580825123,NA
RTL8A,yellow,-0.212805822574292,NA
RTL8A,yellow,-0.212805822574292,NA
RTRAF,blue,0.122111366558054,NA
RTRAF,blue,0.122111366558054,NA
RTRAF,blue,0.122111366558054,NA
RTRAF,blue,0.122111366558054,NA
RTRAF,blue,0.122111366558054,NA
RTRAF,blue,0.122111366558054,NA
RUVBL2,grey,0.168548302354054,NA
RYK,grey,0.0600413039596451,NA
S100A13,black,0.0301540544788336,NA
S100P,pink,0.079389069302794,NA
S100P,pink,0.079389069302794,NA
S1PR4,turquoise,0.303762935571461,NA
SAFB2,blue,0.32845668409806,NA
SAFB2,blue,0.32845668409806,NA
SAFB2,blue,0.32845668409806,NA
SAMD4B,grey,-0.0566323195492289,NA
SAMD4B,grey,-0.0566323195492289,NA
SAMD8,yellow,0.152980925891879,NA
SAMD9,brown,0.33305600362041,NA
SAMHD1,black,0.0736892910288616,NA
SARAF,black,0.163945578004769,NA
SASH1,greenyellow,0.150275843054585,NA
SASH3,turquoise,0.463305296103552,NA
SATB1,blue,0.036394389332959,NA
SATB1,blue,0.036394389332959,NA
SBF2,turquoise,0.524541974201258,NA
SBF2,turquoise,0.524541974201258,NA
SBF2,turquoise,0.524541974201258,NA
SBNO2,turquoise,0.134884918601761,NA
SBSN,green,0.0604400331093836,NA
SBSN,green,0.0604400331093836,NA
SCAF8,tan,-0.0335580324854706,NA
SCAF8,tan,-0.0335580324854706,NA
SCAMP2,pink,0.126864150926174,NA
SCAMP2,pink,0.126864150926174,NA
SCAMP3,black,-0.201875604118926,NA
SCAND1,red,0.0842274109421674,NA
SCAND1,red,0.0842274109421674,NA
SCAND1,red,0.0842274109421674,NA
SCAP,turquoise,0.38319883165475,NA
SCEL,brown,0.22827895491413,NA
SCEL-AS1,blue,0.0090970147720714,NA
SCNN1A,red,0.199366133870809,NA
SCNN1D,red,0.25289202734326,NA
SCOC,grey,-0.0450108844106394,NA
SCOC,grey,-0.0450108844106394,NA
SCRIB,grey,0.354616790310626,NA
SCYL1,yellow,-0.216655376007658,NA
SCYL2,turquoise,0.198477995260704,NA
SDF2L1,purple,-0.130926728175064,NA
SDF2L1,purple,-0.130926728175064,NA
SDF2L1,purple,-0.130926728175064,NA
SDHC,yellow,-0.129689980410566,NA
SDHC,yellow,-0.129689980410566,NA
SDR9C7,green,0.143336335133587,NA
SEC13,turquoise,0.385658793947893,NA
SEC13,turquoise,0.385658793947893,NA
SEC13,turquoise,0.385658793947893,NA
SEC16A,grey,0.1262070831138,NA
SEC22B,turquoise,0.258296594295231,NA
SEC31A,magenta,0.0515019860840786,NA
SEC31A,magenta,0.0515019860840786,NA
SEC62,turquoise,0.363769625614378,NA
SECISBP2,blue,0.142462774567619,NA
SECISBP2,blue,0.142462774567619,NA
SEL1L,greenyellow,0.145151211993548,NA
SEL1L,greenyellow,0.145151211993548,NA
SELENOF,turquoise,0.538696997869881,NA
SELENON,grey,0.164323579429832,NA
SEMA3C,green,0.284813070980813,NA
SEMA4B,turquoise,0.466364003981812,NA
SEMA4B,turquoise,0.466364003981812,NA
SEMA4D,turquoise,0.408137318269375,NA
SEMA5A,purple,0.0734532771839948,NA
SEMA5A,purple,0.0734532771839948,NA
SENP5,blue,0.363567825583551,NA
SENP5,blue,0.363567825583551,NA
SENP5,blue,0.363567825583551,NA
SEPTIN10,blue,-0.0260207717032277,NA
SEPTIN10,blue,-0.0260207717032277,NA
SEPTIN10,blue,-0.0260207717032277,NA
SEPTIN10,blue,-0.0260207717032277,NA
SEPTIN10,blue,-0.0260207717032277,NA
SEPTIN11,black,0.102448001201447,NA
SEPTIN7,magenta,-0.0564112872011527,NA
SEPTIN7,magenta,-0.0564112872011527,NA
SEPTIN8,brown,0.0473896541099477,NA
SEPTIN9,turquoise,0.121141738004411,NA
SERF2,turquoise,0.20355307445251,NA
SERINC5,yellow,0.42865373085597,NA
SERPINB13,magenta,-0.0476431400427086,NA
SERPINB7,green,0.0296881217110237,NA
SERPINB9P1,turquoise,0.172668227420454,NA
SETD1B,brown,0.170173062481197,NA
SETD7,grey,-0.108544250081922,NA
SETD7,grey,-0.108544250081922,NA
SETX,turquoise,0.482348859363798,NA
SF3A1,turquoise,0.311175171042301,NA
SF3B1,turquoise,0.450090947655619,NA
SF3B2,turquoise,0.474490682222442,NA
SFPQ,turquoise,0.453708358138519,NA
SFPQ,turquoise,0.453708358138519,NA
SFXN4,purple,-0.219084629815159,NA
SH3BGRL2,magenta,-0.0958352117683751,NA
SH3BP1,grey,0.0908922492499472,NA
SH3BP1,grey,0.0908922492499472,NA
SH3BP1,grey,0.0908922492499472,NA
SH3D19,brown,0.156101012971522,NA
SH3D21,grey,-0.162363682786579,NA
SH3GL3,yellow,-0.0539882770533173,NA
SH3PXD2A,purple,0.00498682945768821,NA
SH3YL1,yellow,-0.061677724640776,NA
SH3YL1,yellow,-0.061677724640776,NA
SH3YL1,yellow,-0.061677724640776,NA
SH3YL1,yellow,-0.061677724640776,NA
SH3YL1,yellow,-0.061677724640776,NA
SH3YL1,yellow,-0.061677724640776,NA
SHOC2,yellow,0.193485896296204,NA
SHOC2,yellow,0.193485896296204,NA
SHOC2,yellow,0.193485896296204,NA
SHOC2,yellow,0.193485896296204,NA
SHOC2,yellow,0.193485896296204,NA
SHOC2,yellow,0.193485896296204,NA
SHPK,pink,0.138083853976847,NA
SHPK,pink,0.138083853976847,NA
SHPK,pink,0.138083853976847,NA
SIGIRR,turquoise,0.0995981311344699,NA
SIGIRR,turquoise,0.0995981311344699,NA
SIK1,grey,0.0715716321730722,NA
SIN3A,turquoise,0.365419181362175,NA
SIPA1L2,turquoise,0.557273264667275,NA
SIRT1,magenta,-0.380603527957087,NA
SIRT7,pink,0.266132326038805,NA
SKAP2,turquoise,0.474265935866806,NA
SKIL,turquoise,0.55770924881245,NA
SKIL,turquoise,0.55770924881245,NA
SKP1,magenta,-0.147009324229267,NA
SKP1,magenta,-0.147009324229267,NA
SLA,turquoise,0.319447023428501,NA
SLBP,yellow,0.0597199896538351,NA
SLC11A2,brown,0.217208762233732,NA
SLC12A6,yellow,0.330211495880631,NA
SLC20A1,turquoise,0.15855914345136,NA
SLC24A4,brown,0.139663454112938,NA
SLC25A25-AS1,black,0.135842704263979,NA
SLC25A25-AS1,black,0.135842704263979,NA
SLC2A5,purple,0.245529854421051,NA
SLC2A5,purple,0.245529854421051,NA
SLC2A5,purple,0.245529854421051,NA
SLC35A3,grey,-0.0338286393903271,NA
SLC35A3,grey,-0.0338286393903271,NA
SLC35A4,turquoise,0.256197196900783,NA
SLC35E1,purple,-0.213255406738003,NA
SLC35E1,purple,-0.213255406738003,NA
SLC35E1,purple,-0.213255406738003,NA
SLC35E2A,grey,-0.0775552584832599,NA
SLC35F5,yellow,0.036506045189217,NA
SLC35F6,turquoise,-0.255527242469206,NA
SLC37A2,green,0.061887199190985,NA
SLC39A7,turquoise,-0.0638574810139687,NA
SLC43A3,turquoise,-0.0820972221594447,NA
SLC44A2,turquoise,0.506659966384651,NA
SLC44A4,blue,0.456096308814031,NA
SLC44A4,blue,0.456096308814031,NA
SLC44A4,blue,0.456096308814031,NA
SLC44A4,blue,0.456096308814031,NA
SLC45A4,turquoise,0.314133459237687,NA
SLC50A1,yellow,0.0984001465389635,NA
SLC50A1,yellow,0.0984001465389635,NA
SLC50A1,yellow,0.0984001465389635,NA
SLC50A1,yellow,0.0984001465389635,NA
SLC7A2,green,-0.13087517003196,NA
SLC7A2,green,-0.13087517003196,NA
SLC7A2,green,-0.13087517003196,NA
SLC7A2,green,-0.13087517003196,NA
SLC7A2,green,-0.13087517003196,NA
SLC9A3R2,green,0.422637441872553,NA
SLC9A7,green,0.0473876091716352,NA
SLC9A7,green,0.0473876091716352,NA
SLC9A7,green,0.0473876091716352,NA
SLFN5,blue,0.18080522441143,NA
SLTM,blue,0.189414774852947,NA
SLTM,blue,0.189414774852947,NA
SLTM,blue,0.189414774852947,NA
SLTM,blue,0.189414774852947,NA
SLTM,blue,0.189414774852947,NA
SLTM,blue,0.189414774852947,NA
SLU7,blue,0.173947656745339,NA
SLU7,blue,0.173947656745339,NA
SLU7,blue,0.173947656745339,NA
SMAP1,blue,0.434154948641922,NA
SMAP1,blue,0.434154948641922,NA
SMAP1,blue,0.434154948641922,NA
SMAP2,turquoise,0.501808837888465,NA
SMARCA2,yellow,0.243755430938161,NA
SMARCA5,yellow,-0.0141803846755561,NA
SMC1A,yellow,-0.0429966343859077,NA
SMC1A,yellow,-0.0429966343859077,NA
SMC1A,yellow,-0.0429966343859077,NA
SMC1A,yellow,-0.0429966343859077,NA
SMC1A,yellow,-0.0429966343859077,NA
SMC4,blue,0.00696784119863918,NA
SMCHD1,turquoise,0.59009906704394,NA
SMCHD1,turquoise,0.59009906704394,NA
SMCHD1,turquoise,0.59009906704394,NA
SMCHD1,turquoise,0.59009906704394,NA
SMCHD1,turquoise,0.59009906704394,NA
SMCR8,pink,0.115841377165457,NA
SMIM14,magenta,-0.294756537572547,NA
SMIM15,blue,0.177038888536056,NA
SMIM15,blue,0.177038888536056,NA
SMIM15,blue,0.177038888536056,NA
SMIM3,yellow,-0.246028716267786,NA
SMIM5,pink,0.177534955772706,NA
SMIM5,pink,0.177534955772706,NA
SMIM6,blue,-0.130375178260287,NA
SMIM6,blue,-0.130375178260287,NA
SMNDC1,brown,-0.0245755607049681,NA
SMNDC1,brown,-0.0245755607049681,NA
SMNDC1,brown,-0.0245755607049681,NA
SMNDC1,brown,-0.0245755607049681,NA
SMNDC1,brown,-0.0245755607049681,NA
SMNDC1,brown,-0.0245755607049681,NA
SMS,green,0.163392779813824,NA
SNAPC3,yellow,-0.187323076551013,NA
SND1,yellow,-0.135130651320248,NA
SND1,yellow,-0.135130651320248,NA
SND1,yellow,-0.135130651320248,NA
SND1,yellow,-0.135130651320248,NA
SND1,yellow,-0.135130651320248,NA
SND1,yellow,-0.135130651320248,NA
SND1,yellow,-0.135130651320248,NA
SND1,yellow,-0.135130651320248,NA
SND1,yellow,-0.135130651320248,NA
SNHG3,yellow,0.275273235598569,NA
SNIP1,yellow,0.091505770066638,NA
SNIP1,yellow,0.091505770066638,NA
SNIP1,yellow,0.091505770066638,NA
SNORD17,greenyellow,0.13076687865207,NA
SNORD17,greenyellow,0.13076687865207,NA
SNORD17,greenyellow,0.13076687865207,NA
SNORD17,greenyellow,0.13076687865207,NA
SNORD17,greenyellow,0.13076687865207,NA
SNORD17,greenyellow,0.13076687865207,NA
SNORD17,greenyellow,0.13076687865207,NA
SNORD17,greenyellow,0.13076687865207,NA
SNORD3A,greenyellow,0.214544197502588,NA
SNRNP200,blue,0.435018072862479,NA
SNRNP200,blue,0.435018072862479,NA
SNRPA,grey,0.0751707368690673,NA
SNRPA,grey,0.0751707368690673,NA
SNRPA,grey,0.0751707368690673,NA
SNX19,blue,0.17368527958616,NA
SNX19,blue,0.17368527958616,NA
SNX2,yellow,0.139467470651415,NA
SNX3,turquoise,0.436350234083681,NA
SNX8,red,0.18913019131671,NA
SON,greenyellow,0.127019720451662,NA
SON,greenyellow,0.127019720451662,NA
SORD,greenyellow,-0.129159539801753,NA
SORL1,turquoise,0.571255640985428,NA
SOS1,blue,0.127094052154538,NA
SOS2,blue,0.379432861253401,NA
SOS2,blue,0.379432861253401,NA
SOS2,blue,0.379432861253401,NA
SOS2,blue,0.379432861253401,NA
SOWAHC,greenyellow,-0.0679447985696696,NA
SOX12,green,0.013237257219711,NA
SOX7,green,0.0261970095486218,NA
SOX7,green,0.0261970095486218,NA
SOX7,green,0.0261970095486218,NA
SP100,turquoise,0.35689267757791,NA
SP6,pink,0.281048051788259,NA
SPAG1,magenta,-0.181718139207094,NA
SPAG1,magenta,-0.181718139207094,NA
SPAST,turquoise,0.411839041938478,NA
SPCS2,blue,0.00744396082431529,NA
SPG11,blue,0.544196706339775,NA
SPG11,blue,0.544196706339775,NA
SPG11,blue,0.544196706339775,NA
SPG21,turquoise,0.483859960804896,NA
SPG7,brown,-0.221451147321631,NA
SPG7,brown,-0.221451147321631,NA
SPG7,brown,-0.221451147321631,NA
SPG7,brown,-0.221451147321631,NA
SPG7,brown,-0.221451147321631,NA
SPG7,brown,-0.221451147321631,NA
SPG7,brown,-0.221451147321631,NA
SPG7,brown,-0.221451147321631,NA
SPG7,brown,-0.221451147321631,NA
SPIN1,greenyellow,0.212666765834241,NA
SPINK5,green,-0.000666447715514268,NA
SPINK5,green,-0.000666447715514268,NA
SPIRE1,greenyellow,-0.153624024496838,NA
SPNS2,pink,0.378111930211924,NA
SPOP,blue,0.0361451590195382,NA
SPOPL,turquoise,-0.0298468417979758,NA
SPP1,turquoise,0.544472635057529,NA
SPPL3,grey,-0.228842327865382,NA
SPPL3,grey,-0.228842327865382,NA
SPRED2,greenyellow,0.485105092707647,NA
SPRED2,greenyellow,0.485105092707647,NA
SPRR1B,yellow,-0.0250063265585706,NA
SPRR2F,brown,-0.167324571676729,NA
SPRR5,yellow,-0.286121104836629,NA
SPRR5,yellow,-0.286121104836629,NA
SPRR5,yellow,-0.286121104836629,NA
SPRR5,yellow,-0.286121104836629,NA
SPSB1,green,0.303843755118312,NA
SPSB3,red,0.219589671150886,NA
SPSB3,red,0.219589671150886,NA
SPSB3,red,0.219589671150886,NA
SPSB3,red,0.219589671150886,NA
SPSB3,red,0.219589671150886,NA
SPSB3,red,0.219589671150886,NA
SPSB3,red,0.219589671150886,NA
SPSB3,red,0.219589671150886,NA
SPSB3,red,0.219589671150886,NA
SPSB3,red,0.219589671150886,NA
SPSB3,red,0.219589671150886,NA
SPSB3,red,0.219589671150886,NA
SPTBN2,yellow,0.109072847660612,NA
SPTY2D1OS,blue,0.162017364828389,NA
SPTY2D1OS,blue,0.162017364828389,NA
SPTY2D1OS,blue,0.162017364828389,NA
SPTY2D1OS,blue,0.162017364828389,NA
SREK1IP1,yellow,-0.0748363605423032,NA
SRI,magenta,0.0881959880035395,NA
SRI,magenta,0.0881959880035395,NA
SRI,magenta,0.0881959880035395,NA
SRI,magenta,0.0881959880035395,NA
SRI,magenta,0.0881959880035395,NA
SRI,magenta,0.0881959880035395,NA
SRI,magenta,0.0881959880035395,NA
SRI,magenta,0.0881959880035395,NA
SRP9,brown,0.239866447538538,NA
SRRD,blue,0.176269437525411,NA
SRRD,blue,0.176269437525411,NA
SRRD,blue,0.176269437525411,NA
SRRM2,turquoise,0.4506485522401,NA
SRSF4,brown,0.155248325292846,NA
SRSF5,brown,0.490945115579625,NA
SRSF9,yellow,-0.213095870167103,NA
SSBP3,blue,-0.0144134424396063,NA
SSBP3,blue,-0.0144134424396063,NA
SSH2,turquoise,0.447299207119138,NA
SSH2,turquoise,0.447299207119138,NA
ST3GAL1,yellow,-0.313439293713562,NA
ST3GAL1,yellow,-0.313439293713562,NA
ST3GAL1,yellow,-0.313439293713562,NA
ST3GAL1,yellow,-0.313439293713562,NA
ST6GALNAC1,black,0.0670377389011109,NA
STAM2,turquoise,0.246276592302692,NA
STARD5,grey,-0.268275928809783,NA
STARD5,grey,-0.268275928809783,NA
STAT2,brown,0.153819623582689,NA
STAT3,turquoise,0.202755061532959,NA
STAT3,turquoise,0.202755061532959,NA
STAU1,blue,0.335836713200974,NA
STIP1,yellow,0.269574921563589,NA
STIP1,yellow,0.269574921563589,NA
STK17A,yellow,0.00774613141490287,NA
STK17A,yellow,0.00774613141490287,NA
STK17A,yellow,0.00774613141490287,NA
STK3,blue,-0.213183808141542,NA
STK3,blue,-0.213183808141542,NA
STK4,turquoise,0.458293620398015,NA
STK4,turquoise,0.458293620398015,NA
STK40,grey,-0.0851449438436526,NA
STK40,grey,-0.0851449438436526,NA
STN1,grey,0.191884102404377,NA
STRBP,yellow,-0.0868815611266268,NA
STRIP1,blue,0.227001474346812,NA
STRN4,yellow,0.331751017216007,NA
STS,blue,0.399317010508013,NA
STS,blue,0.399317010508013,NA
STUB1,black,-0.177112759229696,NA
STX10,turquoise,-0.032100856006045,NA
STX10,turquoise,-0.032100856006045,NA
STX10,turquoise,-0.032100856006045,NA
STX16,turquoise,0.426342801956795,NA
STX16,turquoise,0.426342801956795,NA
STX4,turquoise,0.0701336709891621,NA
STX5,black,-0.0157222485384668,NA
STX5,black,-0.0157222485384668,NA
STX5,black,-0.0157222485384668,NA
STXBP1,black,0.170455979906299,NA
SUCLA2,yellow,-0.354308342460268,NA
SUCO,brown,0.033653036478794,NA
SUCO,brown,0.033653036478794,NA
SUCO,brown,0.033653036478794,NA
SUDS3,turquoise,0.24450097158108,NA
SUDS3,turquoise,0.24450097158108,NA
SUGP1,yellow,0.115315901030076,NA
SUGP1,yellow,0.115315901030076,NA
SULT1B1,yellow,-0.00962785594913408,NA
SUMO2,purple,-0.223658288374203,NA
SUMO3,blue,0.0718547983544884,NA
SURF4,grey,-0.112794069840365,NA
SWI5,turquoise,0.268964164367723,NA
SWI5,turquoise,0.268964164367723,NA
SYDE1,brown,0.157887856518542,NA
SYDE1,brown,0.157887856518542,NA
SYF2,yellow,0.142316800285829,NA
SYMPK,blue,0.0613786624868387,NA
SYMPK,blue,0.0613786624868387,NA
SYMPK,blue,0.0613786624868387,NA
SYNCRIP,yellow,0.000902839739379842,NA
SYNCRIP,yellow,0.000902839739379842,NA
SYNCRIP,yellow,0.000902839739379842,NA
SYNCRIP,yellow,0.000902839739379842,NA
SYNCRIP,yellow,0.000902839739379842,NA
SYNGR3,red,0.210075006046654,NA
SYNGR3,red,0.210075006046654,NA
SYNRG,grey,0.164593643336403,NA
SYT17,grey,0.0953398925894414,NA
SYTL4,brown,0.103743000020307,NA
SYTL4,brown,0.103743000020307,NA
TACC1,brown,0.378945418896206,NA
TADA3,turquoise,0.392049972359599,NA
TAF10,grey,-0.0477926873112932,NA
TAF15,tan,0.111867604065295,NA
TAF1B,magenta,-0.122273809492869,NA
TAF8,grey,0.137172031557297,NA
TALDO1,turquoise,0.147453270606483,NA
TALDO1,turquoise,0.147453270606483,NA
TAOK2,yellow,0.118192813303695,NA
TAOK2,yellow,0.118192813303695,NA
TAOK3,blue,0.0447480345296671,NA
TAOK3,blue,0.0447480345296671,NA
TAOK3,blue,0.0447480345296671,NA
TBC1D10B,turquoise,0.322542913913667,NA
TBC1D14,brown,0.305499358415326,NA
TBC1D14,brown,0.305499358415326,NA
TBC1D17,greenyellow,0.38326327420029,NA
TBC1D22B,brown,0.194200490884894,NA
TBC1D23,magenta,-0.192717711781482,NA
TBC1D25,magenta,0.181179960562949,NA
TBC1D7,black,0.0292577701671851,NA
TBC1D7,black,0.0292577701671851,NA
TBC1D9,black,0.108473847803622,NA
TBC1D9B,brown,0.256580204595046,NA
TBK1,tan,0.0439541096157545,NA
TBK1,tan,0.0439541096157545,NA
TBL3,red,0.203513249092707,NA
TBL3,red,0.203513249092707,NA
TBL3,red,0.203513249092707,NA
TBL3,red,0.203513249092707,NA
TBL3,red,0.203513249092707,NA
TBL3,red,0.203513249092707,NA
TBL3,red,0.203513249092707,NA
TBL3,red,0.203513249092707,NA
TBL3,red,0.203513249092707,NA
TBL3,red,0.203513249092707,NA
TBL3,red,0.203513249092707,NA
TBL3,red,0.203513249092707,NA
TBL3,red,0.203513249092707,NA
TBL3,red,0.203513249092707,NA
TC2N,blue,0.430959697530378,NA
TC2N,blue,0.430959697530378,NA
TC2N,blue,0.430959697530378,NA
TC2N,blue,0.430959697530378,NA
TC2N,blue,0.430959697530378,NA
TC2N,blue,0.430959697530378,NA
TC2N,blue,0.430959697530378,NA
TC2N,blue,0.430959697530378,NA
TC2N,blue,0.430959697530378,NA
TC2N,blue,0.430959697530378,NA
TC2N,blue,0.430959697530378,NA
TC2N,blue,0.430959697530378,NA
TC2N,blue,0.430959697530378,NA
TC2N,blue,0.430959697530378,NA
TC2N,blue,0.430959697530378,NA
TCAF2,purple,0.0156144413363148,NA
TCAF2,purple,0.0156144413363148,NA
TCAIM,blue,0.228097554839494,NA
TCAIM,blue,0.228097554839494,NA
TCEA1,grey,0.112043124556077,NA
TCEA1,grey,0.112043124556077,NA
TCF25,blue,0.0700433992240743,NA
TCP1,blue,0.430255643535839,NA
TCP1,blue,0.430255643535839,NA
TCP1,blue,0.430255643535839,NA
TCP1,blue,0.430255643535839,NA
TCP1,blue,0.430255643535839,NA
TCP11L2,greenyellow,0.249933268490732,NA
TCTEX1D4,turquoise,0.324459745713533,NA
TEDDM1,blue,0.226491066596961,NA
TEF,grey,-0.244813876739875,NA
TEN1,green,0.0300375987889079,NA
TEN1,green,0.0300375987889079,NA
TEN1,green,0.0300375987889079,NA
TENT4B,tan,-0.0573579575393283,NA
TENT5A,brown,-0.187745826138228,NA
TERF2IP,tan,-0.0909539566135935,NA
TES,yellow,0.275075609058173,NA
TES,yellow,0.275075609058173,NA
TFAP2A,blue,0.0937537566146191,NA
TFAP2A,blue,0.0937537566146191,NA
TFAP2A,blue,0.0937537566146191,NA
TFAP2A,blue,0.0937537566146191,NA
TFAP2C,blue,0.206493696070573,NA
TFAP2C,blue,0.206493696070573,NA
TFAP2C,blue,0.206493696070573,NA
TFAP2C,blue,0.206493696070573,NA
TFAP2C,blue,0.206493696070573,NA
TFAP2C,blue,0.206493696070573,NA
TFAP2C,blue,0.206493696070573,NA
TFAP2C,blue,0.206493696070573,NA
TFAP2C,blue,0.206493696070573,NA
TFG,blue,0.307555164376806,NA
TFG,blue,0.307555164376806,NA
TFIP11,blue,0.229806883329809,NA
TGM1,brown,-0.000226982938685802,NA
TGM2,blue,-0.035000488757779,NA
TGM2,blue,-0.035000488757779,NA
TGM2,blue,-0.035000488757779,NA
TGM5,blue,0.0539200451505607,NA
THAP4,purple,-0.081508280915702,NA
THBD,turquoise,0.609775728618064,NA
THBS2,grey,-0.0494915306948166,NA
THOC5,turquoise,0.493352820742013,NA
THUMPD3-AS1,blue,0.157196686713134,NA
TIMM17B,grey,-0.0220015008863696,NA
TINCR,red,0.17913631157565,NA
TIPARP,brown,0.283510797729848,NA
TJP1,brown,0.316621566647009,NA
TLE3,turquoise,0.42006318464658,NA
TLR4,turquoise,0.428259944223368,NA
TM9SF2,brown,0.191314544934769,NA
TM9SF2,brown,0.191314544934769,NA
TM9SF4,turquoise,0.284403677769247,NA
TM9SF4,turquoise,0.284403677769247,NA
TM9SF4,turquoise,0.284403677769247,NA
TMBIM6,yellow,0.188989824616826,NA
TMC5,brown,-0.00520515173016586,NA
TMC8,turquoise,0.189091001301778,NA
TMCO4,yellow,0.122902155653843,NA
TMCO4,yellow,0.122902155653843,NA
TMCO4,yellow,0.122902155653843,NA
TMED10,yellow,0.189075329879031,NA
TMED10,yellow,0.189075329879031,NA
TMED7,blue,0.024908860729498,NA
TMED9,blue,0.276789138055256,NA
TMEM102,blue,0.20581344571224,NA
TMEM120A,turquoise,0.0915938090869572,NA
TMEM123,yellow,-0.0421489109002532,NA
TMEM144,brown,0.16978949031838,NA
TMEM154,turquoise,0.403493479386228,NA
TMEM159,red,0.13395611955604,NA
TMEM173,turquoise,0.236086770195609,NA
TMEM183A,turquoise,0.473397161403615,NA
TMEM183A,turquoise,0.473397161403615,NA
TMEM184A,red,0.345222961701227,NA
TMEM184B,pink,0.0361430585895854,NA
TMEM189,red,0.248614739783591,NA
TMEM189,red,0.248614739783591,NA
TMEM189,red,0.248614739783591,NA
TMEM189,red,0.248614739783591,NA
TMEM200B,turquoise,0.32553888262845,NA
TMEM208,turquoise,0.288792752175146,NA
TMEM248,black,-0.0822713558688257,NA
TMEM254,magenta,-0.197344764912516,NA
TMEM30A,brown,0.328032848942257,NA
TMEM33,yellow,0.196777550301215,NA
TMEM33,yellow,0.196777550301215,NA
TMEM33,yellow,0.196777550301215,NA
TMEM33,yellow,0.196777550301215,NA
TMEM33,yellow,0.196777550301215,NA
TMEM40,red,0.220279997683996,NA
TMEM59,yellow,0.279194906218566,NA
TMEM59,yellow,0.279194906218566,NA
TMEM59,yellow,0.279194906218566,NA
TMEM63B,brown,0.25476582229555,NA
TMEM87A,blue,0.22662992077175,NA
TMEM87A,blue,0.22662992077175,NA
TMEM91,turquoise,0.120028661500794,NA
TMPRSS11D,yellow,-0.147738611656592,NA
TMPRSS11D,yellow,-0.147738611656592,NA
TMPRSS11D,yellow,-0.147738611656592,NA
TMPRSS11D,yellow,-0.147738611656592,NA
TMPRSS11F,turquoise,0.50197588768404,NA
TMPRSS11F,turquoise,0.50197588768404,NA
TMPRSS11F,turquoise,0.50197588768404,NA
TMPRSS11F,turquoise,0.50197588768404,NA
TMUB1,purple,-0.0489956235773195,NA
TMX2,turquoise,0.331600031216881,NA
TMX2,turquoise,0.331600031216881,NA
TMX4,turquoise,0.610812843832723,NA
TNF,turquoise,0.112317679820096,NA
TNFAIP1,brown,0.179837670545812,NA
TNFAIP1,brown,0.179837670545812,NA
TNFAIP3,turquoise,0.14329425396523,NA
TNFRSF14,turquoise,0.410473206853675,NA
TNFSF10,blue,-0.0784915369334852,NA
TNFSF10,blue,-0.0784915369334852,NA
TNFSF10,blue,-0.0784915369334852,NA
TNIP1,red,0.430521231902543,NA
TNIP1,red,0.430521231902543,NA
TNIP2,turquoise,0.142733274180357,NA
TNK1,grey,0.272934132108621,NA
TNK2,pink,0.20630970245275,NA
TNKS2,blue,0.247645660329896,NA
TNKS2,blue,0.247645660329896,NA
TNNT1,grey,-0.124828076900109,NA
TNPO3,yellow,0.228902238078861,NA
TNPO3,yellow,0.228902238078861,NA
TNRC18,blue,0.41481405684478,NA
TNRC6B,turquoise,0.470829067889115,NA
TOM1,red,0.405405155513154,NA
TOM1L2,red,0.335929111178263,NA
TOMM20,tan,-0.238791208714477,NA
TOMM22,turquoise,0.248391028586673,NA
TOP1,brown,0.329747836809531,NA
TOP1,brown,0.329747836809531,NA
TOP1,brown,0.329747836809531,NA
TOP1,brown,0.329747836809531,NA
TOP1,brown,0.329747836809531,NA
TOP1,brown,0.329747836809531,NA
TOR1AIP1,black,0.0559483657934084,NA
TOR1AIP2,red,0.411165779448862,NA
TOR1B,blue,0.159513579160298,NA
TOR1B,blue,0.159513579160298,NA
TOR2A,yellow,-0.310393952150283,NA
TOR2A,yellow,-0.310393952150283,NA
TOR2A,yellow,-0.310393952150283,NA
TOX4,black,0.159064075743758,NA
TOX4,black,0.159064075743758,NA
TP53I11,green,0.155657974648993,NA
TP53I11,green,0.155657974648993,NA
TP53I11,green,0.155657974648993,NA
TP53I11,green,0.155657974648993,NA
TP53I11,green,0.155657974648993,NA
TP53I11,green,0.155657974648993,NA
TP53I3,red,0.273856012764556,NA
TP53INP1,turquoise,0.242467374904876,NA
TRAF1,turquoise,-0.0830211262106174,NA
TRAF2,brown,-0.23267830971724,NA
TRAF4,pink,0.00508151038487125,NA
TRAF6,brown,0.122223019921942,NA
TRAFD1,turquoise,0.143450207738868,NA
TRAFD1,turquoise,0.143450207738868,NA
TRAK1,yellow,-0.121115320323545,NA
TRAPPC1,turquoise,0.366273066259292,NA
TRAPPC6B,yellow,0.378010194907517,NA
TRAPPC8,greenyellow,0.104850941958585,NA
TRAPPC9,turquoise,0.266816761568154,NA
TRIM14,brown,0.190332310036016,NA
TRIM17,brown,-0.0238328682878391,NA
TRIM25,turquoise,0.3625491110936,NA
TRIM25,turquoise,0.3625491110936,NA
TRIM25,turquoise,0.3625491110936,NA
TRIM25,turquoise,0.3625491110936,NA
TRIM25,turquoise,0.3625491110936,NA
TRIM29,purple,-0.171350362376262,NA
TRIM39,turquoise,0.317911125233699,NA
TRIM39,turquoise,0.317911125233699,NA
TRIM8,pink,0.0816609124383283,NA
TRIOBP,red,0.139881701306344,NA
TRNAU1AP,blue,0.502656461771647,NA
TRPM4,pink,0.0938222058675654,NA
TSC1,blue,0.199470566305819,NA
TSC1,blue,0.199470566305819,NA
TSC22D2,greenyellow,0.126780941247062,NA
TSC22D4,pink,0.0429013553445231,NA
TSEN54,grey,-0.141429243937596,NA
TSIX,brown,0.460523396656169,NA
TSPAN13,tan,0.241403961689625,NA
TSPAN18,magenta,0.0601494367112138,NA
TSPAN3,blue,0.469914040234325,NA
TSPYL1,black,0.155971594128508,NA
TSR2,brown,-0.26343840762021,NA
TST,red,0.355465389279142,NA
TTC1,turquoise,0.300199581193306,NA
TTC1,turquoise,0.300199581193306,NA
TTC19,black,0.1212529731573,NA
TTN,turquoise,0.17039256427989,NA
TUBB4B,green,0.070628152865337,NA
TUBGCP2,yellow,-0.217072364089297,NA
TUFM,magenta,-0.00024478024199255,NA
TUFM,magenta,-0.00024478024199255,NA
TULP3,brown,0.0652774653724247,NA
TULP4,greenyellow,0.242193748107947,NA
TWF1,magenta,-0.0618298869519245,NA
TXN,turquoise,0.623318178338268,NA
TXNL1,turquoise,0.19680959667286,NA
TXNL1,turquoise,0.19680959667286,NA
TYK2,turquoise,0.547787286359296,NA
TYK2,turquoise,0.547787286359296,NA
UAP1,brown,0.56170668221803,NA
UAP1,brown,0.56170668221803,NA
UBA3,turquoise,0.13989369855466,NA
UBA3,turquoise,0.13989369855466,NA
UBALD1,red,0.0619289537125844,NA
UBALD2,grey,-0.261770753657892,NA
UBAP2,blue,-0.183957954985307,NA
UBC,blue,0.441394737578004,NA
UBE2A,turquoise,0.213810629634031,NA
UBE2B,turquoise,0.383007412550999,NA
UBE2G1,magenta,0.153655058765496,NA
UBE2H,brown,0.12796414171878,NA
UBE2L3,yellow,0.137715969547461,NA
UBE2N,yellow,0.303285425139001,NA
UBE2S,grey,0.123038091251126,NA
UBE2W,turquoise,0.588142276183127,NA
UBE3A,green,0.249074104209124,NA
UBE3A,green,0.249074104209124,NA
UBE3A,green,0.249074104209124,NA
UBE3A,green,0.249074104209124,NA
UBE3A,green,0.249074104209124,NA
UBE3B,black,0.103311322739245,NA
UBL3,magenta,-0.250388224763476,NA
UBL4A,grey,0.0584426025567293,NA
UBN1,greenyellow,0.0948175779193886,NA
UBN1,greenyellow,0.0948175779193886,NA
UBN2,yellow,0.156968530903279,NA
UBP1,greenyellow,0.165071601523568,NA
UBQLN4,grey,-0.179227491391675,NA
UBXN4,yellow,0.319533662604209,NA
UBXN6,red,0.375046765212494,NA
UBXN6,red,0.375046765212494,NA
UBXN6,red,0.375046765212494,NA
UBXN6,red,0.375046765212494,NA
UBXN7,black,-0.0581149635220362,NA
UBXN7,black,-0.0581149635220362,NA
UFC1,black,-0.0358387369855808,NA
UFSP2,purple,-0.262588295429614,NA
UGP2,turquoise,0.358389663946801,NA
ULK1,green,-0.0500940870281205,NA
UPF2,yellow,0.181942492772723,NA
UPF2,yellow,0.181942492772723,NA
UPF2,yellow,0.181942492772723,NA
UPF2,yellow,0.181942492772723,NA
UPK3B,green,0.214681748506408,NA
UPP1,red,0.147696024981489,NA
UQCR11,grey,0.0240890418476762,NA
UQCRB,turquoise,0.202050643254621,NA
UQCRH,turquoise,0.0289771940442637,NA
URM1,black,0.182943256071448,NA
USP11,yellow,0.063177137995754,NA
USP11,yellow,0.063177137995754,NA
USP11,yellow,0.063177137995754,NA
USP11,yellow,0.063177137995754,NA
USP11,yellow,0.063177137995754,NA
USP12,turquoise,0.24450565878432,NA
USP2,green,0.0967166254081385,NA
USP25,magenta,-0.250685047619467,NA
USP25,magenta,-0.250685047619467,NA
USP53,magenta,-0.1010959398893,NA
USP53,magenta,-0.1010959398893,NA
USP53,magenta,-0.1010959398893,NA
USP53,magenta,-0.1010959398893,NA
USP53,magenta,-0.1010959398893,NA
USP53,magenta,-0.1010959398893,NA
USP53,magenta,-0.1010959398893,NA
USP54,purple,0.0296793762371099,NA
USP8,yellow,0.324261990099399,NA
USP8,yellow,0.324261990099399,NA
USP9X,turquoise,0.178968976759476,NA
VAMP2,turquoise,0.281765701211171,NA
VAMP3,grey,-0.0548675261764549,NA
VAPA,grey,-0.0749395348098637,NA
VASN,red,0.194882899198572,NA
VAT1,red,0.255574510680916,NA
VAT1,red,0.255574510680916,NA
VDR,turquoise,0.38540654389402,NA
VDR,turquoise,0.38540654389402,NA
VEGFA,turquoise,0.325428616045304,NA
VEZT,brown,-0.0609576319686231,NA
VEZT,brown,-0.0609576319686231,NA
VEZT,brown,-0.0609576319686231,NA
VEZT,brown,-0.0609576319686231,NA
VEZT,brown,-0.0609576319686231,NA
VEZT,brown,-0.0609576319686231,NA
VEZT,brown,-0.0609576319686231,NA
VEZT,brown,-0.0609576319686231,NA
VEZT,brown,-0.0609576319686231,NA
VEZT,brown,-0.0609576319686231,NA
VEZT,brown,-0.0609576319686231,NA
VEZT,brown,-0.0609576319686231,NA
VEZT,brown,-0.0609576319686231,NA
VGLL1,blue,0.259238055229442,NA
VGLL1,blue,0.259238055229442,NA
VGLL1,blue,0.259238055229442,NA
VGLL1,blue,0.259238055229442,NA
VGLL1,blue,0.259238055229442,NA
VGLL1,blue,0.259238055229442,NA
VGLL1,blue,0.259238055229442,NA
VGLL1,blue,0.259238055229442,NA
VHL,turquoise,0.0178749482900107,NA
VMP1,turquoise,0.604779065691783,NA
VMP1,turquoise,0.604779065691783,NA
VPS13D,blue,0.120641410959699,NA
VPS18,turquoise,0.226955813565487,NA
VPS25,blue,-0.361153453352053,NA
VPS25,blue,-0.361153453352053,NA
VPS26C,turquoise,0.273584618465092,NA
VPS26C,turquoise,0.273584618465092,NA
VPS28,tan,0.099644493585073,NA
VPS37B,red,0.115649685775435,NA
VPS37B,red,0.115649685775435,NA
VPS37B,red,0.115649685775435,NA
VPS37B,red,0.115649685775435,NA
VPS37B,red,0.115649685775435,NA
VPS37C,blue,0.0699453508676404,NA
VPS37C,blue,0.0699453508676404,NA
VPS37C,blue,0.0699453508676404,NA
VPS4B,brown,0.0323473537287429,NA
VPS52,black,-0.140466584584127,NA
VSIG10,black,-0.00923228318805788,NA
VSIG10,black,-0.00923228318805788,NA
VSIG10,black,-0.00923228318805788,NA
VSIG10L,green,0.0642705189533431,NA
VSIR,turquoise,0.39214235164635,NA
VSIR,turquoise,0.39214235164635,NA
VSIR,turquoise,0.39214235164635,NA
VSIR,turquoise,0.39214235164635,NA
VTA1,blue,0.131285463131774,NA
VTA1,blue,0.131285463131774,NA
VTA1,blue,0.131285463131774,NA
VTA1,blue,0.131285463131774,NA
VTI1A,brown,-0.251752435825477,NA
VWA1,brown,-0.188406175256625,NA
VWA5A,blue,0.192398465496871,NA
VWA5A,blue,0.192398465496871,NA
VWA5A,blue,0.192398465496871,NA
VWA5A,blue,0.192398465496871,NA
WAC,turquoise,0.333099533568345,NA
WAC,turquoise,0.333099533568345,NA
WAC,turquoise,0.333099533568345,NA
WARS,turquoise,0.127444444049102,NA
WARS,turquoise,0.127444444049102,NA
WARS,turquoise,0.127444444049102,NA
WARS,turquoise,0.127444444049102,NA
WARS,turquoise,0.127444444049102,NA
WARS,turquoise,0.127444444049102,NA
WARS,turquoise,0.127444444049102,NA
WASHC2C,turquoise,0.387437109137323,NA
WASHC4,tan,0.0757993554823197,NA
WASHC4,tan,0.0757993554823197,NA
WBP11,blue,0.0342247283548185,NA
WBP1L,grey,0.15012574208979,NA
WDFY1,turquoise,0.253210887437048,NA
WDFY2,yellow,0.276590668311413,NA
WDFY3,turquoise,0.559246036151667,NA
WDFY3,turquoise,0.559246036151667,NA
WDFY4,turquoise,0.263461891440981,NA
WDR13,red,0.0514439719257961,NA
WDR13,red,0.0514439719257961,NA
WDR34,black,-0.222154359083773,NA
WDR37,yellow,0.209064719644153,NA
WDR37,yellow,0.209064719644153,NA
WDR47,turquoise,0.0228104492824687,NA
WDR48,brown,0.0185129448761693,NA
WDR48,brown,0.0185129448761693,NA
WDR55,pink,-0.0571379707820136,NA
WDTC1,turquoise,0.412570161322673,NA
WFDC12,green,0.0807758057947153,NA
WFS1,tan,0.000810686272427336,NA
WFS1,tan,0.000810686272427336,NA
WIPF2,blue,0.0516342515706765,NA
WNK2,green,0.294769166454623,NA
WNT2B,yellow,0.23482613669187,NA
WNT7A,magenta,-0.3290125617628,NA
WWC2,grey,0.0133306767912965,NA
WWC2,grey,0.0133306767912965,NA
XBP1,turquoise,-0.111771309497901,NA
XIAP,black,0.13525266996737,NA
XKR8,turquoise,0.405968278816754,NA
XPO1,blue,0.376913110369702,NA
XPO1,blue,0.376913110369702,NA
XPO1,blue,0.376913110369702,NA
XRCC1,yellow,0.0759296153013495,NA
XRCC1,yellow,0.0759296153013495,NA
XRCC5,turquoise,0.447964670791912,NA
XRN1,yellow,0.267098941264226,NA
XRN1,yellow,0.267098941264226,NA
XRN2,turquoise,0.470107464194323,NA
XRRA1,red,0.254801217692234,NA
XYLT1,greenyellow,0.264837652311944,NA
XYLT1,greenyellow,0.264837652311944,NA
XYLT1,greenyellow,0.264837652311944,NA
YAP1,blue,0.15016964164973,NA
YES1,grey,0.0316605307790947,NA
YIPF2,green,0.176191919495483,NA
YPEL1,grey,-0.272222456337082,NA
YPEL5,brown,0.301704318205854,NA
YTHDF3,magenta,-0.197141445077938,NA
YWHAB,turquoise,0.447569455213803,NA
YY1,blue,0.23056179255318,NA
YY1,blue,0.23056179255318,NA
YY1,blue,0.23056179255318,NA
YY1,blue,0.23056179255318,NA
YY1AP1,green,0.12402368172826,NA
YY1AP1,green,0.12402368172826,NA
YY1AP1,green,0.12402368172826,NA
ZBP1,turquoise,0.473306375896776,NA
ZBTB1,turquoise,0.275964599964907,NA
ZBTB1,turquoise,0.275964599964907,NA
ZBTB1,turquoise,0.275964599964907,NA
ZBTB38,blue,0.465532866944252,NA
ZBTB38,blue,0.465532866944252,NA
ZBTB38,blue,0.465532866944252,NA
ZBTB38,blue,0.465532866944252,NA
ZBTB7A,blue,0.184284642973175,NA
ZC3H4,brown,0.225184194675437,NA
ZC3H4,brown,0.225184194675437,NA
ZC3H4,brown,0.225184194675437,NA
ZCCHC17,grey,0.037756355137377,NA
ZCCHC3,yellow,0.182882650079037,NA
ZDHHC12,pink,0.231430607707777,NA
ZDHHC13,brown,0.387684386444527,NA
ZDHHC13,brown,0.387684386444527,NA
ZDHHC21,brown,-0.107018946942681,NA
ZDHHC3,yellow,0.0883307486611676,NA
ZDHHC5,pink,0.154139432036897,NA
ZEB2,turquoise,0.161316658688064,NA
ZFP36,turquoise,0.160376570803777,NA
ZFYVE1,brown,0.179272562760085,NA
ZHX1-C8orf76,blue,-0.400416914792276,NA
ZHX1-C8orf76,blue,-0.400416914792276,NA
ZHX3,green,0.176827850504704,NA
ZHX3,green,0.176827850504704,NA
ZMIZ1,yellow,-0.0736215896007833,NA
ZMIZ1,yellow,-0.0736215896007833,NA
ZMYND11,brown,-0.0371044668682124,NA
ZNF148,yellow,0.1792646970402,NA
ZNF148,yellow,0.1792646970402,NA
ZNF148,yellow,0.1792646970402,NA
ZNF165,yellow,0.237598199903486,NA
ZNF213,grey,-0.171976773800216,NA
ZNF292,tan,0.139427581575554,NA
ZNF292,tan,0.139427581575554,NA
ZNF333,turquoise,0.441640996628105,NA
ZNF337-AS1,blue,-0.111482173270769,NA
ZNF394,brown,0.0830926573128812,NA
ZNF430,yellow,0.0336337291371416,NA
ZNF431,greenyellow,0.271524080854643,NA
ZNF431,greenyellow,0.271524080854643,NA
ZNF431,greenyellow,0.271524080854643,NA
ZNF431,greenyellow,0.271524080854643,NA
ZNF431,greenyellow,0.271524080854643,NA
ZNF431,greenyellow,0.271524080854643,NA
ZNF433,brown,0.313883342377175,NA
ZNF516,blue,0.389990046653239,NA
ZNF524,purple,-0.224274285115516,NA
ZNF524,purple,-0.224274285115516,NA
ZNF555,blue,0.405090362120513,NA
ZNF555,blue,0.405090362120513,NA
ZNF555,blue,0.405090362120513,NA
ZNF555,blue,0.405090362120513,NA
ZNF561-AS1,brown,-0.187464862731488,NA
ZNF575,pink,-0.187028997327837,NA
ZNF598,pink,0.0187462817700621,NA
ZNF638,turquoise,0.269367713856058,NA
ZNF710,pink,0.124442835262343,NA
ZNF710,pink,0.124442835262343,NA
ZNF714,greenyellow,0.108140778000367,NA
ZNF766,blue,0.152027807961245,NA
ZNF766,blue,0.152027807961245,NA
ZNF766,blue,0.152027807961245,NA
ZNF766,blue,0.152027807961245,NA
ZNF766,blue,0.152027807961245,NA
ZNF766,blue,0.152027807961245,NA
ZNF766,blue,0.152027807961245,NA
ZNF783,greenyellow,0.228628579404258,NA
ZNF783,greenyellow,0.228628579404258,NA
ZNF800,magenta,-0.168730638098271,NA
ZNF800,magenta,-0.168730638098271,NA
ZNF812P,brown,0.266396846127671,NA
ZNF812P,brown,0.266396846127671,NA
ZNF83,greenyellow,0.370823598408825,NA
ZNF83,greenyellow,0.370823598408825,NA
ZNF844,blue,0.0244416321817918,NA
ZNF844,blue,0.0244416321817918,NA
ZNF844,blue,0.0244416321817918,NA
ZNF844,blue,0.0244416321817918,NA
ZNRD1,yellow,-0.107658626428539,NA
ZNRD1,yellow,-0.107658626428539,NA
ZNRD1,yellow,-0.107658626428539,NA
ZNRF1,red,0.190744421191044,NA
ZRANB1,green,0.103092609519966,NA
ZSCAN18,brown,-0.137435818397143,NA
ZSWIM8,turquoise,0.369935179226251,NA
ZZEF1,blue,0.386988549506115,NA
ZZEF1,blue,0.386988549506115,NA
